study,n,d,causal,scenario,input_std,outlier_multiplier,tile,scale_multiplier,seed,variant,rows_evaluated,all_rows,max_abs,relative_frobenius,worst_row,worst_row_l2,reference_frobenius,cfg_storage,cfg_tile,cfg_query_tile,cfg_scaling,cfg_accumulator,cfg_promote,cfg_probability,cfg_output,cfg_rotate,cfg_compensated,cfg_update,cfg_order,cfg_causal,cfg_scale
length,1024,64,False,flat,0.25,1,128,1.0,3,fp32,1024,True,6.589313473331915e-09,1.6188780187321235e-07,562,1.47649510015396e-08,2.0220570793477286,fp32,128,32,tensor,fp32,0,,fp32,False,False,global,forward,False,0.125
length,1024,64,False,flat,0.25,1,128,1.0,3,bf16,1024,True,0.0001008838387016528,0.0026356384647541736,58,0.00022970138718465995,2.0220570793477286,bf16,128,32,tensor,fp32,0,,bf16,False,False,global,forward,False,0.125
length,1024,64,False,flat,0.25,1,128,1.0,3,e4_tensor,1024,True,0.0013356976271907614,0.03785700712583061,104,0.0029281306430736682,2.0220570793477286,e4m3,128,32,tensor,fp32,0,,bf16,False,False,global,forward,False,0.125
length,1024,64,False,flat,0.25,1,128,1.0,3,e5_tensor,1024,True,0.002466189191326582,0.0732384067190434,839,0.005791214042021863,2.0220570793477286,e5m2,128,32,tensor,fp32,0,,bf16,False,False,global,forward,False,0.125
length,1024,64,False,flat,0.25,1,128,1.0,3,e4_tile,1024,True,0.0012681736997029662,0.03863968777303934,199,0.002993130432243458,2.0220570793477286,e4m3,128,32,tile,fp32,0,,bf16,False,False,global,forward,False,0.125
length,1024,64,False,flat,0.25,1,128,1.0,3,e4_rotate,1024,True,0.001318443600400748,0.03861522650540271,199,0.0030233951536709327,2.0220570793477286,e4m3,128,32,tile,fp32,0,,bf16,True,False,global,forward,False,0.125
length,1024,64,False,flat,0.25,1,128,1.0,17,fp32,1024,True,9.843085849864375e-09,1.702211169701111e-07,577,1.5102319223942886e-08,2.007604127286905,fp32,128,32,tensor,fp32,0,,fp32,False,False,global,forward,False,0.125
length,1024,64,False,flat,0.25,1,128,1.0,17,bf16,1024,True,0.00010346193590268435,0.0025938320462140117,436,0.00021727681829957545,2.007604127286905,bf16,128,32,tensor,fp32,0,,bf16,False,False,global,forward,False,0.125
length,1024,64,False,flat,0.25,1,128,1.0,17,e4_tensor,1024,True,0.0010686145056762863,0.03337443051038131,890,0.0026344534300004785,2.007604127286905,e4m3,128,32,tensor,fp32,0,,bf16,False,False,global,forward,False,0.125
length,1024,64,False,flat,0.25,1,128,1.0,17,e5_tensor,1024,True,0.0025518283068699313,0.08191979590327444,746,0.006497728119409006,2.007604127286905,e5m2,128,32,tensor,fp32,0,,bf16,False,False,global,forward,False,0.125
length,1024,64,False,flat,0.25,1,128,1.0,17,e4_tile,1024,True,0.0011806914147845997,0.036960873033615615,903,0.0029454719979065936,2.007604127286905,e4m3,128,32,tile,fp32,0,,bf16,False,False,global,forward,False,0.125
length,1024,64,False,flat,0.25,1,128,1.0,17,e4_rotate,1024,True,0.0012014006791730048,0.03693669250912017,747,0.0029203557553363715,2.007604127286905,e4m3,128,32,tile,fp32,0,,bf16,True,False,global,forward,False,0.125
length,1024,64,False,flat,0.25,1,128,1.0,29,fp32,1024,True,1.066867378121672e-08,1.4755803475075825e-07,386,1.7104084877119163e-08,2.4850234314364155,fp32,128,32,tensor,fp32,0,,fp32,False,False,global,forward,False,0.125
length,1024,64,False,flat,0.25,1,128,1.0,29,bf16,1024,True,0.00010937537938057393,0.0023127427660236477,141,0.00023038760749435604,2.4850234314364155,bf16,128,32,tensor,fp32,0,,bf16,False,False,global,forward,False,0.125
length,1024,64,False,flat,0.25,1,128,1.0,29,e4_tensor,1024,True,0.0011763998994160259,0.027696029743318504,142,0.002681432704103187,2.4850234314364155,e4m3,128,32,tensor,fp32,0,,bf16,False,False,global,forward,False,0.125
length,1024,64,False,flat,0.25,1,128,1.0,29,e5_tensor,1024,True,0.002706803674905802,0.059943317273202394,128,0.005954069631592059,2.4850234314364155,e5m2,128,32,tensor,fp32,0,,bf16,False,False,global,forward,False,0.125
length,1024,64,False,flat,0.25,1,128,1.0,29,e4_tile,1024,True,0.001271125926263124,0.030847897627863698,719,0.0029943888877506687,2.4850234314364155,e4m3,128,32,tile,fp32,0,,bf16,False,False,global,forward,False,0.125
length,1024,64,False,flat,0.25,1,128,1.0,29,e4_rotate,1024,True,0.0011866008681191663,0.030865823855088674,719,0.0030107827166758697,2.4850234314364155,e4m3,128,32,tile,fp32,0,,bf16,True,False,global,forward,False,0.125
length,1024,64,False,normal,1.0,1,128,1.0,3,fp32,1024,True,1.4152299977754357e-07,2.4587216537074535e-07,742,5.428431475233819e-07,13.410466971338279,fp32,128,32,tensor,fp32,0,,fp32,False,False,global,forward,False,0.125
length,1024,64,False,normal,1.0,1,128,1.0,3,bf16,1024,True,0.0018251091916856588,0.0037540750916909313,887,0.0048450649801854585,13.410466971338279,bf16,128,32,tensor,fp32,0,,bf16,False,False,global,forward,False,0.125
length,1024,64,False,normal,1.0,1,128,1.0,3,e4_tensor,1024,True,0.020256119066052347,0.05426484649217314,742,0.054057944074750786,13.410466971338279,e4m3,128,32,tensor,fp32,0,,bf16,False,False,global,forward,False,0.125
length,1024,64,False,normal,1.0,1,128,1.0,3,e5_tensor,1024,True,0.03608567205938285,0.10538070078916872,910,0.09227755536624974,13.410466971338279,e5m2,128,32,tensor,fp32,0,,bf16,False,False,global,forward,False,0.125
length,1024,64,False,normal,1.0,1,128,1.0,3,e4_tile,1024,True,0.026482564826291577,0.054663606338419206,742,0.08533971694242098,13.410466971338279,e4m3,128,32,tile,fp32,0,,bf16,False,False,global,forward,False,0.125
length,1024,64,False,normal,1.0,1,128,1.0,3,e4_rotate,1024,True,0.02037979669168566,0.054045881031468485,510,0.049394909078855916,13.410466971338279,e4m3,128,32,tile,fp32,0,,bf16,True,False,global,forward,False,0.125
length,1024,64,False,normal,1.0,1,128,1.0,17,fp32,1024,True,1.1203314506658124e-07,2.4398089570821135e-07,533,2.913985364866422e-07,13.287321323880114,fp32,128,32,tensor,fp32,0,,fp32,False,False,global,forward,False,0.125
length,1024,64,False,normal,1.0,1,128,1.0,17,bf16,1024,True,0.0011215594781067428,0.0037138048745192116,823,0.0033762146886056658,13.287321323880114,bf16,128,32,tensor,fp32,0,,bf16,False,False,global,forward,False,0.125
length,1024,64,False,normal,1.0,1,128,1.0,17,e4_tensor,1024,True,0.018362227027666017,0.05292457521908112,876,0.04588084509838941,13.287321323880114,e4m3,128,32,tensor,fp32,0,,bf16,False,False,global,forward,False,0.125
length,1024,64,False,normal,1.0,1,128,1.0,17,e5_tensor,1024,True,0.03538423314604963,0.10821129799251103,120,0.1095908541054658,13.287321323880114,e5m2,128,32,tensor,fp32,0,,bf16,False,False,global,forward,False,0.125
length,1024,64,False,normal,1.0,1,128,1.0,17,e4_tile,1024,True,0.02320014541442844,0.05393990521787336,745,0.054246033845468236,13.287321323880114,e4m3,128,32,tile,fp32,0,,bf16,False,False,global,forward,False,0.125
length,1024,64,False,normal,1.0,1,128,1.0,17,e4_rotate,1024,True,0.016790771047520383,0.05371052394483372,923,0.04708972523561043,13.287321323880114,e4m3,128,32,tile,fp32,0,,bf16,True,False,global,forward,False,0.125
length,1024,64,False,normal,1.0,1,128,1.0,29,fp32,1024,True,1.5086181615053817e-07,2.2432904531325817e-07,791,2.8513064208936225e-07,14.383389094431914,fp32,128,32,tensor,fp32,0,,fp32,False,False,global,forward,False,0.125
length,1024,64,False,normal,1.0,1,128,1.0,29,bf16,1024,True,0.0012017597783997025,0.0034227753719009743,843,0.0032003516386884534,14.383389094431914,bf16,128,32,tensor,fp32,0,,bf16,False,False,global,forward,False,0.125
length,1024,64,False,normal,1.0,1,128,1.0,29,e4_tensor,1024,True,0.022262872396177552,0.048256281867378716,57,0.059687928738610056,14.383389094431914,e4m3,128,32,tensor,fp32,0,,bf16,False,False,global,forward,False,0.125
length,1024,64,False,normal,1.0,1,128,1.0,29,e5_tensor,1024,True,0.034017275426015695,0.09717161610189062,139,0.08799560334700604,14.383389094431914,e5m2,128,32,tensor,fp32,0,,bf16,False,False,global,forward,False,0.125
length,1024,64,False,normal,1.0,1,128,1.0,29,e4_tile,1024,True,0.027463545529597344,0.04927486120757672,683,0.058305485370439135,14.383389094431914,e4m3,128,32,tile,fp32,0,,bf16,False,False,global,forward,False,0.125
length,1024,64,False,normal,1.0,1,128,1.0,29,e4_rotate,1024,True,0.024758238445480474,0.04939994370264915,377,0.05089773492632409,14.383389094431914,e4m3,128,32,tile,fp32,0,,bf16,True,False,global,forward,False,0.125
length,1024,64,False,sharp,2.0,1,128,1.0,3,fp32,1024,True,5.897813479260883e-06,5.460804593684276e-07,607,1.7396582986788572e-05,263.30337158875903,fp32,128,32,tensor,fp32,0,,fp32,False,False,global,forward,False,0.125
length,1024,64,False,sharp,2.0,1,128,1.0,3,bf16,1024,True,0.06170774393440126,0.006209834115475037,191,0.1831215491607434,263.30337158875903,bf16,128,32,tensor,fp32,0,,bf16,False,False,global,forward,False,0.125
length,1024,64,False,sharp,2.0,1,128,1.0,3,e4_tensor,1024,True,1.0686089293219454,0.098147280150621,276,3.271715472526181,263.30337158875903,e4m3,128,32,tensor,fp32,0,,bf16,False,False,global,forward,False,0.125
length,1024,64,False,sharp,2.0,1,128,1.0,3,e5_tensor,1024,True,1.8551784254613142,0.18915114904445188,352,5.503512408605691,263.30337158875903,e5m2,128,32,tensor,fp32,0,,bf16,False,False,global,forward,False,0.125
length,1024,64,False,sharp,2.0,1,128,1.0,3,e4_tile,1024,True,1.315759318817154,0.0958071684538558,738,3.2405615143639905,263.30337158875903,e4m3,128,32,tile,fp32,0,,bf16,False,False,global,forward,False,0.125
length,1024,64,False,sharp,2.0,1,128,1.0,3,e4_rotate,1024,True,1.2206726937824888,0.09889632453149931,690,2.9326967690165335,263.30337158875903,e4m3,128,32,tile,fp32,0,,bf16,True,False,global,forward,False,0.125
length,1024,64,False,sharp,2.0,1,128,1.0,17,fp32,1024,True,9.384782414008017e-06,5.298811190993154e-07,1001,2.2889134500876217e-05,271.11696909905214,fp32,128,32,tensor,fp32,0,,fp32,False,False,global,forward,False,0.125
length,1024,64,False,sharp,2.0,1,128,1.0,17,bf16,1024,True,0.10035719518290165,0.005980610033983942,942,0.21074242748703487,271.11696909905214,bf16,128,32,tensor,fp32,0,,bf16,False,False,global,forward,False,0.125
length,1024,64,False,sharp,2.0,1,128,1.0,17,e4_tensor,1024,True,1.0138791669716212,0.09316256464223274,24,2.529674552015779,271.11696909905214,e4m3,128,32,tensor,fp32,0,,bf16,False,False,global,forward,False,0.125
length,1024,64,False,sharp,2.0,1,128,1.0,17,e5_tensor,1024,True,1.8332153951050798,0.18423481899742336,222,5.723020681100101,271.11696909905214,e5m2,128,32,tensor,fp32,0,,bf16,False,False,global,forward,False,0.125
length,1024,64,False,sharp,2.0,1,128,1.0,17,e4_tile,1024,True,1.0651651260050803,0.09326484290811331,383,3.414811235046822,271.11696909905214,e4m3,128,32,tile,fp32,0,,bf16,False,False,global,forward,False,0.125
length,1024,64,False,sharp,2.0,1,128,1.0,17,e4_rotate,1024,True,1.370772018282032,0.09401097386057057,881,3.8761494944716053,271.11696909905214,e4m3,128,32,tile,fp32,0,,bf16,True,False,global,forward,False,0.125
length,1024,64,False,sharp,2.0,1,128,1.0,29,fp32,1024,True,6.332525725794014e-06,5.483091312173304e-07,210,1.702830935653314e-05,261.345319462576,fp32,128,32,tensor,fp32,0,,fp32,False,False,global,forward,False,0.125
length,1024,64,False,sharp,2.0,1,128,1.0,29,bf16,1024,True,0.06365421007283165,0.006024329025557629,160,0.15373672983588554,261.345319462576,bf16,128,32,tensor,fp32,0,,bf16,False,False,global,forward,False,0.125
length,1024,64,False,sharp,2.0,1,128,1.0,29,e4_tensor,1024,True,0.9399305176361743,0.09563692963347901,670,3.009905332103292,261.345319462576,e4m3,128,32,tensor,fp32,0,,bf16,False,False,global,forward,False,0.125
length,1024,64,False,sharp,2.0,1,128,1.0,29,e5_tensor,1024,True,1.7570899367043122,0.18930916025100405,53,5.712348978760227,261.345319462576,e5m2,128,32,tensor,fp32,0,,bf16,False,False,global,forward,False,0.125
length,1024,64,False,sharp,2.0,1,128,1.0,29,e4_tile,1024,True,1.1279061215046355,0.09561903004045227,631,3.1447601516349684,261.345319462576,e4m3,128,32,tile,fp32,0,,bf16,False,False,global,forward,False,0.125
length,1024,64,False,sharp,2.0,1,128,1.0,29,e4_rotate,1024,True,1.214734537313121,0.09573224112133588,696,3.7511650753300403,261.345319462576,e4m3,128,32,tile,fp32,0,,bf16,True,False,global,forward,False,0.125
length,1024,64,False,outliers,1.0,8,128,1.0,3,fp32,1024,True,5.6808763886806446e-05,1.8225171644806433e-06,259,7.631883442622913e-05,168.16114780030435,fp32,128,32,tensor,fp32,0,,fp32,False,False,global,forward,False,0.125
length,1024,64,False,outliers,1.0,8,128,1.0,3,bf16,1024,True,0.29441002141340533,0.017380938636602127,946,0.3686022934000126,168.16114780030435,bf16,128,32,tensor,fp32,0,,bf16,False,False,global,forward,False,0.125
length,1024,64,False,outliers,1.0,8,128,1.0,3,e4_tensor,1024,True,6.448881543451234,0.23648322674736172,725,8.439499346870498,168.16114780030435,e4m3,128,32,tensor,fp32,0,,bf16,False,False,global,forward,False,0.125
length,1024,64,False,outliers,1.0,8,128,1.0,3,e5_tensor,1024,True,5.496103452396849,0.46459517146119955,761,7.923811132653698,168.16114780030435,e5m2,128,32,tensor,fp32,0,,bf16,False,False,global,forward,False,0.125
length,1024,64,False,outliers,1.0,8,128,1.0,3,e4_tile,1024,True,3.198881543451234,0.1545975291962338,725,4.1604930265716735,168.16114780030435,e4m3,128,32,tile,fp32,0,,bf16,False,False,global,forward,False,0.125
length,1024,64,False,outliers,1.0,8,128,1.0,3,e4_rotate,1024,True,1.2878156928832567,0.0655456668470537,227,1.9545816478312144,168.16114780030435,e4m3,128,32,tile,fp32,0,,bf16,True,False,global,forward,False,0.125
length,1024,64,False,outliers,1.0,8,128,1.0,17,fp32,1024,True,3.0850002939786236e-05,8.45937008386149e-07,618,5.034257947928144e-05,240.74722009347926,fp32,128,32,tensor,fp32,0,,fp32,False,False,global,forward,False,0.125
length,1024,64,False,outliers,1.0,8,128,1.0,17,bf16,1024,True,0.23233152033002913,0.009810792451514509,971,0.3758905751292584,240.74722009347926,bf16,128,32,tensor,fp32,0,,bf16,False,False,global,forward,False,0.125
length,1024,64,False,outliers,1.0,8,128,1.0,17,e4_tensor,1024,True,2.6438657821949803,0.09013714386542993,173,3.569625320607055,240.74722009347926,e4m3,128,32,tensor,fp32,0,,bf16,False,False,global,forward,False,0.125
length,1024,64,False,outliers,1.0,8,128,1.0,17,e5_tensor,1024,True,5.839321377820587,0.299809445453588,938,9.277701722441078,240.74722009347926,e5m2,128,32,tensor,fp32,0,,bf16,False,False,global,forward,False,0.125
length,1024,64,False,outliers,1.0,8,128,1.0,17,e4_tile,1024,True,2.1121132246923056,0.08138760632202044,5,2.6343996163980097,240.74722009347926,e4m3,128,32,tile,fp32,0,,bf16,False,False,global,forward,False,0.125
length,1024,64,False,outliers,1.0,8,128,1.0,17,e4_rotate,1024,True,1.1528503478323078,0.045901340603174634,682,1.5723924819491184,240.74722009347926,e4m3,128,32,tile,fp32,0,,bf16,True,False,global,forward,False,0.125
length,1024,64,False,outliers,1.0,8,128,1.0,29,fp32,1024,True,6.618273966196853e-05,1.000260360284168e-06,1016,7.72929264666903e-05,251.57567558133192,fp32,128,32,tensor,fp32,0,,fp32,False,False,global,forward,False,0.125
length,1024,64,False,outliers,1.0,8,128,1.0,29,bf16,1024,True,0.22104727952427405,0.008504604914884983,8,0.31448167150669204,251.57567558133192,bf16,128,32,tensor,fp32,0,,bf16,False,False,global,forward,False,0.125
length,1024,64,False,outliers,1.0,8,128,1.0,29,e4_tensor,1024,True,3.175761794587018,0.12666127361100704,603,4.260096884616468,251.57567558133192,e4m3,128,32,tensor,fp32,0,,bf16,False,False,global,forward,False,0.125
length,1024,64,False,outliers,1.0,8,128,1.0,29,e5_tensor,1024,True,10.322119265626553,0.437198489188351,103,14.059914313167155,251.57567558133192,e5m2,128,32,tensor,fp32,0,,bf16,False,False,global,forward,False,0.125
length,1024,64,False,outliers,1.0,8,128,1.0,29,e4_tile,1024,True,3.1619649368524616,0.07936537242272791,299,3.615528038183209,251.57567558133192,e4m3,128,32,tile,fp32,0,,bf16,False,False,global,forward,False,0.125
length,1024,64,False,outliers,1.0,8,128,1.0,29,e4_rotate,1024,True,1.1097778053521052,0.04382588587135569,43,1.2483697561230784,251.57567558133192,e4m3,128,32,tile,fp32,0,,bf16,True,False,global,forward,False,0.125
length,1024,64,True,flat,0.25,1,128,1.0,3,fp32,1024,True,2.994173642356657e-08,1.0391804405492295e-07,6,5.992566502327262e-08,5.528117795518929,fp32,128,32,tensor,fp32,0,,fp32,False,False,global,forward,True,0.125
length,1024,64,True,flat,0.25,1,128,1.0,3,bf16,1024,True,0.001854512968426647,0.0024659316375910383,2,0.003538191504178592,5.528117795518929,bf16,128,32,tensor,fp32,0,,bf16,False,False,global,forward,True,0.125
length,1024,64,True,flat,0.25,1,128,1.0,3,e4_tensor,1024,True,0.02040916681289673,0.034068387457315295,0,0.05908397915089053,5.528117795518929,e4m3,128,32,tensor,fp32,0,,bf16,False,False,global,forward,True,0.125
length,1024,64,True,flat,0.25,1,128,1.0,3,e5_tensor,1024,True,0.04324233531951904,0.06508547865730312,0,0.10676974224301475,5.528117795518929,e5m2,128,32,tensor,fp32,0,,bf16,False,False,global,forward,True,0.125
length,1024,64,True,flat,0.25,1,128,1.0,3,e4_tile,1024,True,0.017442971467971802,0.03282599631457662,0,0.05022313855765442,5.528117795518929,e4m3,128,32,tile,fp32,0,,bf16,False,False,global,forward,True,0.125
length,1024,64,True,flat,0.25,1,128,1.0,3,e4_rotate,1024,True,0.017442971467971802,0.03326202893516823,0,0.05022313855765442,5.528117795518929,e4m3,128,32,tile,fp32,0,,bf16,True,False,global,forward,True,0.125
length,1024,64,True,flat,0.25,1,128,1.0,17,fp32,1024,True,4.2860239579667336e-08,1.0596540239011333e-07,2,8.522712549689216e-08,5.370552254504824,fp32,128,32,tensor,fp32,0,,fp32,False,False,global,forward,True,0.125
length,1024,64,True,flat,0.25,1,128,1.0,17,bf16,1024,True,0.0013748051224465319,0.0025509844510928008,0,0.003152812143902164,5.370552254504824,bf16,128,32,tensor,fp32,0,,bf16,False,False,global,forward,True,0.125
length,1024,64,True,flat,0.25,1,128,1.0,17,e4_tensor,1024,True,0.016818255186080933,0.031732344783397606,0,0.042880060399139934,5.370552254504824,e4m3,128,32,tensor,fp32,0,,bf16,False,False,global,forward,True,0.125
length,1024,64,True,flat,0.25,1,128,1.0,17,e5_tensor,1024,True,0.04214806644937613,0.06936011943037387,0,0.10151185094639253,5.370552254504824,e5m2,128,32,tensor,fp32,0,,bf16,False,False,global,forward,True,0.125
length,1024,64,True,flat,0.25,1,128,1.0,17,e4_tile,1024,True,0.02698427438735962,0.034140804170161035,0,0.05158207244865895,5.370552254504824,e4m3,128,32,tile,fp32,0,,bf16,False,False,global,forward,True,0.125
length,1024,64,True,flat,0.25,1,128,1.0,17,e4_rotate,1024,True,0.02698427438735962,0.03443391856113754,0,0.05158207244865895,5.370552254504824,e4m3,128,32,tile,fp32,0,,bf16,True,False,global,forward,True,0.125
length,1024,64,True,flat,0.25,1,128,1.0,29,fp32,1024,True,5.6329983788572235e-08,1.0454763265206002e-07,12,6.860825419431004e-08,5.561776168038158,fp32,128,32,tensor,fp32,0,,fp32,False,False,global,forward,True,0.125
length,1024,64,True,flat,0.25,1,128,1.0,29,bf16,1024,True,0.0017206668853759766,0.0025038229898894874,0,0.0036921601969906164,5.561776168038158,bf16,128,32,tensor,fp32,0,,bf16,False,False,global,forward,True,0.125
length,1024,64,True,flat,0.25,1,128,1.0,29,e4_tensor,1024,True,0.021649654889558917,0.0315162605015962,0,0.04868364498606535,5.561776168038158,e4m3,128,32,tensor,fp32,0,,bf16,False,False,global,forward,True,0.125
length,1024,64,True,flat,0.25,1,128,1.0,29,e5_tensor,1024,True,0.043161400606930286,0.06459468222275576,1,0.09043292115193216,5.561776168038158,e5m2,128,32,tensor,fp32,0,,bf16,False,False,global,forward,True,0.125
length,1024,64,True,flat,0.25,1,128,1.0,29,e4_tile,1024,True,0.021251916885375977,0.03157912616521461,0,0.05506297555823487,5.561776168038158,e4m3,128,32,tile,fp32,0,,bf16,False,False,global,forward,True,0.125
length,1024,64,True,flat,0.25,1,128,1.0,29,e4_rotate,1024,True,0.021251916885375977,0.031788227972883394,0,0.05506297555823487,5.561776168038158,e4m3,128,32,tile,fp32,0,,bf16,True,False,global,forward,True,0.125
length,1024,64,True,normal,1.0,1,128,1.0,3,fp32,1024,True,3.538373475331369e-07,1.7623546667886815e-07,22,9.492934766950345e-07,32.2970536812594,fp32,128,32,tensor,fp32,0,,fp32,False,False,global,forward,True,0.125
length,1024,64,True,normal,1.0,1,128,1.0,3,bf16,1024,True,0.011748674032527662,0.0033413249542427396,8,0.020991623368881836,32.2970536812594,bf16,128,32,tensor,fp32,0,,bf16,False,False,global,forward,True,0.125
length,1024,64,True,normal,1.0,1,128,1.0,3,e4_tensor,1024,True,0.11519466746424945,0.04872141219162439,4,0.3539295516342929,32.2970536812594,e4m3,128,32,tensor,fp32,0,,bf16,False,False,global,forward,True,0.125
length,1024,64,True,normal,1.0,1,128,1.0,3,e5_tensor,1024,True,0.18557641183792084,0.09409290303548352,3,0.4775535135480767,32.2970536812594,e5m2,128,32,tensor,fp32,0,,bf16,False,False,global,forward,True,0.125
length,1024,64,True,normal,1.0,1,128,1.0,3,e4_tile,1024,True,0.1474490000724027,0.047334268740516744,8,0.32612847377069976,32.2970536812594,e4m3,128,32,tile,fp32,0,,bf16,False,False,global,forward,True,0.125
length,1024,64,True,normal,1.0,1,128,1.0,3,e4_rotate,1024,True,0.08490857290552545,0.046314669896388896,9,0.20847568004437156,32.2970536812594,e4m3,128,32,tile,fp32,0,,bf16,True,False,global,forward,True,0.125
length,1024,64,True,normal,1.0,1,128,1.0,17,fp32,1024,True,3.1502658515147886e-07,1.7744359059893698e-07,16,8.060915610294077e-07,30.893312687505528,fp32,128,32,tensor,fp32,0,,fp32,False,False,global,forward,True,0.125
length,1024,64,True,normal,1.0,1,128,1.0,17,bf16,1024,True,0.00707151809851686,0.0033792738820017806,3,0.018764064160057284,30.893312687505528,bf16,128,32,tensor,fp32,0,,bf16,False,False,global,forward,True,0.125
length,1024,64,True,normal,1.0,1,128,1.0,17,e4_tensor,1024,True,0.10211770026272149,0.04681759253671259,6,0.2592748616847501,30.893312687505528,e4m3,128,32,tensor,fp32,0,,bf16,False,False,global,forward,True,0.125
length,1024,64,True,normal,1.0,1,128,1.0,17,e5_tensor,1024,True,0.24526310127505946,0.09472573899671576,1,0.5246240015394614,30.893312687505528,e5m2,128,32,tensor,fp32,0,,bf16,False,False,global,forward,True,0.125
length,1024,64,True,normal,1.0,1,128,1.0,17,e4_tile,1024,True,0.19151147348278352,0.04857956416083857,1,0.31495745413602694,30.893312687505528,e4m3,128,32,tile,fp32,0,,bf16,False,False,global,forward,True,0.125
length,1024,64,True,normal,1.0,1,128,1.0,17,e4_rotate,1024,True,0.12192439872494054,0.048133975312610516,16,0.25023897418472807,30.893312687505528,e4m3,128,32,tile,fp32,0,,bf16,True,False,global,forward,True,0.125
length,1024,64,True,normal,1.0,1,128,1.0,29,fp32,1024,True,3.9714615596153635e-07,1.839727402116874e-07,14,1.3400650820639502e-06,31.28607928829506,fp32,128,32,tensor,fp32,0,,fp32,False,False,global,forward,True,0.125
length,1024,64,True,normal,1.0,1,128,1.0,29,bf16,1024,True,0.009016387415829552,0.0033221710406611733,13,0.024307451403619375,31.28607928829506,bf16,128,32,tensor,fp32,0,,bf16,False,False,global,forward,True,0.125
length,1024,64,True,normal,1.0,1,128,1.0,29,e4_tensor,1024,True,0.08409302424579335,0.04573065299863358,0,0.1947345799442614,31.28607928829506,e4m3,128,32,tensor,fp32,0,,bf16,False,False,global,forward,True,0.125
length,1024,64,True,normal,1.0,1,128,1.0,29,e5_tensor,1024,True,0.1844384664290588,0.09081079515348012,36,0.4273035863782024,31.28607928829506,e5m2,128,32,tensor,fp32,0,,bf16,False,False,global,forward,True,0.125
length,1024,64,True,normal,1.0,1,128,1.0,29,e4_tile,1024,True,0.09545347738647503,0.04672243766902173,7,0.24405438814880837,31.28607928829506,e4m3,128,32,tile,fp32,0,,bf16,False,False,global,forward,True,0.125
length,1024,64,True,normal,1.0,1,128,1.0,29,e4_rotate,1024,True,0.0866061167791441,0.04492138846868202,0,0.22025190223293947,31.28607928829506,e4m3,128,32,tile,fp32,0,,bf16,True,False,global,forward,True,0.125
length,1024,64,True,sharp,2.0,1,128,1.0,3,fp32,1024,True,4.5850167218475235e-06,4.627354474057576e-07,780,1.5484485602611974e-05,292.232904305632,fp32,128,32,tensor,fp32,0,,fp32,False,False,global,forward,True,0.125
length,1024,64,True,sharp,2.0,1,128,1.0,3,bf16,1024,True,0.09710226221053109,0.005972363108377111,369,0.24129090448772525,292.232904305632,bf16,128,32,tensor,fp32,0,,bf16,False,False,global,forward,True,0.125
length,1024,64,True,sharp,2.0,1,128,1.0,3,e4_tensor,1024,True,1.9082229473013919,0.09039265501469024,66,3.6329035837795254,292.232904305632,e4m3,128,32,tensor,fp32,0,,bf16,False,False,global,forward,True,0.125
length,1024,64,True,sharp,2.0,1,128,1.0,3,e5_tensor,1024,True,2.208694445045863,0.17926035207092292,352,5.514702511243454,292.232904305632,e5m2,128,32,tensor,fp32,0,,bf16,False,False,global,forward,True,0.125
length,1024,64,True,sharp,2.0,1,128,1.0,3,e4_tile,1024,True,1.1425979473013919,0.08714472281419228,639,2.7918212933648885,292.232904305632,e4m3,128,32,tile,fp32,0,,bf16,False,False,global,forward,True,0.125
length,1024,64,True,sharp,2.0,1,128,1.0,3,e4_rotate,1024,True,1.4004104473013919,0.09022664789641942,690,3.110985845059511,292.232904305632,e4m3,128,32,tile,fp32,0,,bf16,True,False,global,forward,True,0.125
length,1024,64,True,sharp,2.0,1,128,1.0,17,fp32,1024,True,5.183993319946012e-06,4.448402557014638e-07,597,1.540594549596121e-05,296.97823240218463,fp32,128,32,tensor,fp32,0,,fp32,False,False,global,forward,True,0.125
length,1024,64,True,sharp,2.0,1,128,1.0,17,bf16,1024,True,0.08492994213909988,0.005620505768458133,942,0.20194257663122328,296.97823240218463,bf16,128,32,tensor,fp32,0,,bf16,False,False,global,forward,True,0.125
length,1024,64,True,sharp,2.0,1,128,1.0,17,e4_tensor,1024,True,1.0414483094840152,0.0853859870072731,606,2.6090994412181865,296.97823240218463,e4m3,128,32,tensor,fp32,0,,bf16,False,False,global,forward,True,0.125
length,1024,64,True,sharp,2.0,1,128,1.0,17,e5_tensor,1024,True,1.9376317620069878,0.17076653352506577,71,6.145817724780838,296.97823240218463,e5m2,128,32,tensor,fp32,0,,bf16,False,False,global,forward,True,0.125
length,1024,64,True,sharp,2.0,1,128,1.0,17,e4_tile,1024,True,0.9867923831866207,0.08645150319934453,754,2.822297984800157,296.97823240218463,e4m3,128,32,tile,fp32,0,,bf16,False,False,global,forward,True,0.125
length,1024,64,True,sharp,2.0,1,128,1.0,17,e4_rotate,1024,True,1.3998016584972706,0.08913221848758224,881,3.9553918006523543,296.97823240218463,e4m3,128,32,tile,fp32,0,,bf16,True,False,global,forward,True,0.125
length,1024,64,True,sharp,2.0,1,128,1.0,29,fp32,1024,True,6.4822449550305805e-06,4.6988942352654734e-07,476,1.7158137547323433e-05,290.05059535327047,fp32,128,32,tensor,fp32,0,,fp32,False,False,global,forward,True,0.125
length,1024,64,True,sharp,2.0,1,128,1.0,29,bf16,1024,True,0.06006376364731958,0.005819879999973164,74,0.1727161652454633,290.05059535327047,bf16,128,32,tensor,fp32,0,,bf16,False,False,global,forward,True,0.125
length,1024,64,True,sharp,2.0,1,128,1.0,29,e4_tensor,1024,True,0.9709262377847836,0.0857357211558327,627,2.890461461204057,290.05059535327047,e4m3,128,32,tensor,fp32,0,,bf16,False,False,global,forward,True,0.125
length,1024,64,True,sharp,2.0,1,128,1.0,29,e5_tensor,1024,True,1.8622350148354587,0.17406116574894115,106,5.750025409743125,290.05059535327047,e5m2,128,32,tensor,fp32,0,,bf16,False,False,global,forward,True,0.125
length,1024,64,True,sharp,2.0,1,128,1.0,29,e4_tile,1024,True,1.1657203914961047,0.09033513689782462,845,3.515292130520047,290.05059535327047,e4m3,128,32,tile,fp32,0,,bf16,False,False,global,forward,True,0.125
length,1024,64,True,sharp,2.0,1,128,1.0,29,e4_rotate,1024,True,1.2586805785841695,0.08799232321506043,696,3.889646615348074,290.05059535327047,e4m3,128,32,tile,fp32,0,,bf16,True,False,global,forward,True,0.125
length,1024,64,True,outliers,1.0,8,128,1.0,3,fp32,1024,True,7.485684325025943e-05,1.7451578046836372e-06,510,9.065348890785065e-05,174.83266372706973,fp32,128,32,tensor,fp32,0,,fp32,False,False,global,forward,True,0.125
length,1024,64,True,outliers,1.0,8,128,1.0,3,bf16,1024,True,0.4162203667148132,0.01768326765593502,198,0.5637978459617083,174.83266372706973,bf16,128,32,tensor,fp32,0,,bf16,False,False,global,forward,True,0.125
length,1024,64,True,outliers,1.0,8,128,1.0,3,e4_tensor,1024,True,6.348713741678129,0.2452700509431812,184,7.59758355646286,174.83266372706973,e4m3,128,32,tensor,fp32,0,,bf16,False,False,global,forward,True,0.125
length,1024,64,True,outliers,1.0,8,128,1.0,3,e5_tensor,1024,True,10.151574107770479,0.5072402573333179,629,11.877107391304746,174.83266372706973,e5m2,128,32,tensor,fp32,0,,bf16,False,False,global,forward,True,0.125
length,1024,64,True,outliers,1.0,8,128,1.0,3,e4_tile,1024,True,5.3718014620600405,0.21167288279987892,96,7.246056647152384,174.83266372706973,e4m3,128,32,tile,fp32,0,,bf16,False,False,global,forward,True,0.125
length,1024,64,True,outliers,1.0,8,128,1.0,3,e4_rotate,1024,True,1.1071981922942822,0.057063919807510674,315,1.1483536504260121,174.83266372706973,e4m3,128,32,tile,fp32,0,,bf16,True,False,global,forward,True,0.125
length,1024,64,True,outliers,1.0,8,128,1.0,17,fp32,1024,True,7.150408413991727e-05,1.19015697698465e-06,615,0.00013364168577437952,225.9457209812132,fp32,128,32,tensor,fp32,0,,fp32,False,False,global,forward,True,0.125
length,1024,64,True,outliers,1.0,8,128,1.0,17,bf16,1024,True,0.3170139643467742,0.013476664499036532,126,0.4922301890289633,225.9457209812132,bf16,128,32,tensor,fp32,0,,bf16,False,False,global,forward,True,0.125
length,1024,64,True,outliers,1.0,8,128,1.0,17,e4_tensor,1024,True,2.414562993142863,0.08500915566483656,863,3.301628235053032,225.9457209812132,e4m3,128,32,tensor,fp32,0,,bf16,False,False,global,forward,True,0.125
length,1024,64,True,outliers,1.0,8,128,1.0,17,e5_tensor,1024,True,6.974462427440864,0.41985151112970603,676,10.426348613859092,225.9457209812132,e5m2,128,32,tensor,fp32,0,,bf16,False,False,global,forward,True,0.125
length,1024,64,True,outliers,1.0,8,128,1.0,17,e4_tile,1024,True,1.8520629931428632,0.08178135844526406,33,2.5394404438273255,225.9457209812132,e4m3,128,32,tile,fp32,0,,bf16,False,False,global,forward,True,0.125
length,1024,64,True,outliers,1.0,8,128,1.0,17,e4_rotate,1024,True,1.1456959032693206,0.050764259504436395,615,2.107404318073441,225.9457209812132,e4m3,128,32,tile,fp32,0,,bf16,True,False,global,forward,True,0.125
length,1024,64,True,outliers,1.0,8,128,1.0,29,fp32,1024,True,6.618274088765475e-05,6.825181603712846e-07,1016,7.72929277446895e-05,295.0713186674526,fp32,128,32,tensor,fp32,0,,fp32,False,False,global,forward,True,0.125
length,1024,64,True,outliers,1.0,8,128,1.0,29,bf16,1024,True,0.22910174945147332,0.006752386708105974,852,0.3068761128600822,295.0713186674526,bf16,128,32,tensor,fp32,0,,bf16,False,False,global,forward,True,0.125
length,1024,64,True,outliers,1.0,8,128,1.0,29,e4_tensor,1024,True,3.255482002691931,0.09320553207048445,148,3.7020381425006312,295.0713186674526,e4m3,128,32,tensor,fp32,0,,bf16,False,False,global,forward,True,0.125
length,1024,64,True,outliers,1.0,8,128,1.0,29,e5_tensor,1024,True,10.479874992395487,0.40288954900013835,103,14.227440097739803,295.0713186674526,e5m2,128,32,tensor,fp32,0,,bf16,False,False,global,forward,True,0.125
length,1024,64,True,outliers,1.0,8,128,1.0,29,e4_tile,1024,True,2.8733560363670625,0.06858012538464567,148,3.8709729194483407,295.0713186674526,e4m3,128,32,tile,fp32,0,,bf16,False,False,global,forward,True,0.125
length,1024,64,True,outliers,1.0,8,128,1.0,29,e4_rotate,1024,True,0.9331231698329763,0.03911232607961608,419,1.0402940709576514,295.0713186674526,e4m3,128,32,tile,fp32,0,,bf16,True,False,global,forward,True,0.125
length,1024,128,False,flat,0.25,1,128,1.0,3,fp32,1024,True,8.618082712741337e-09,1.6137499769363246e-07,836,2.081027251840375e-08,2.915908286850046,fp32,128,32,tensor,fp32,0,,fp32,False,False,global,forward,False,0.08838834764831843
length,1024,128,False,flat,0.25,1,128,1.0,3,bf16,1024,True,0.00010052459002208095,0.0027501093228809842,729,0.0002958165727952537,2.915908286850046,bf16,128,32,tensor,fp32,0,,bf16,False,False,global,forward,False,0.08838834764831843
length,1024,128,False,flat,0.25,1,128,1.0,3,e4_tensor,1024,True,0.0011699765959675406,0.03495814777708555,338,0.0037571071409330864,2.915908286850046,e4m3,128,32,tensor,fp32,0,,bf16,False,False,global,forward,False,0.08838834764831843
length,1024,128,False,flat,0.25,1,128,1.0,3,e5_tensor,1024,True,0.002394519421294877,0.06675980196619638,51,0.0073082977066635585,2.915908286850046,e5m2,128,32,tensor,fp32,0,,bf16,False,False,global,forward,False,0.08838834764831843
length,1024,128,False,flat,0.25,1,128,1.0,3,e4_tile,1024,True,0.0012691132789772739,0.03585911605918111,722,0.0038016921493220514,2.915908286850046,e4m3,128,32,tile,fp32,0,,bf16,False,False,global,forward,False,0.08838834764831843
length,1024,128,False,flat,0.25,1,128,1.0,3,e4_rotate,1024,True,0.0012571735002522809,0.03587198632457977,116,0.003851533258392207,2.915908286850046,e4m3,128,32,tile,fp32,0,,bf16,True,False,global,forward,False,0.08838834764831843
length,1024,128,False,flat,0.25,1,128,1.0,17,fp32,1024,True,7.821111324551877e-09,1.7251259277017948e-07,560,1.917679707287732e-08,2.671155858383106,fp32,128,32,tensor,fp32,0,,fp32,False,False,global,forward,False,0.08838834764831843
length,1024,128,False,flat,0.25,1,128,1.0,17,bf16,1024,True,0.00010980795191041504,0.0029330641957064072,349,0.0002919608617194452,2.671155858383106,bf16,128,32,tensor,fp32,0,,bf16,False,False,global,forward,False,0.08838834764831843
length,1024,128,False,flat,0.25,1,128,1.0,17,e4_tensor,1024,True,0.001179337521309812,0.0379932815320003,169,0.00369609649787074,2.671155858383106,e4m3,128,32,tensor,fp32,0,,bf16,False,False,global,forward,False,0.08838834764831843
length,1024,128,False,flat,0.25,1,128,1.0,17,e5_tensor,1024,True,0.002380217701543069,0.07677430223105672,713,0.007540903005960694,2.671155858383106,e5m2,128,32,tensor,fp32,0,,bf16,False,False,global,forward,False,0.08838834764831843
length,1024,128,False,flat,0.25,1,128,1.0,17,e4_tile,1024,True,0.0012198953494976308,0.03770623501283667,705,0.003745635001470512,2.671155858383106,e4m3,128,32,tile,fp32,0,,bf16,False,False,global,forward,False,0.08838834764831843
length,1024,128,False,flat,0.25,1,128,1.0,17,e4_rotate,1024,True,0.0011901868478894815,0.037704105224553544,705,0.0036805306454832172,2.671155858383106,e4m3,128,32,tile,fp32,0,,bf16,True,False,global,forward,False,0.08838834764831843
length,1024,128,False,flat,0.25,1,128,1.0,29,fp32,1024,True,1.0602578377760796e-08,1.71875665462878e-07,950,2.0618936093466013e-08,2.7688803721560973,fp32,128,32,tensor,fp32,0,,fp32,False,False,global,forward,False,0.08838834764831843
length,1024,128,False,flat,0.25,1,128,1.0,29,bf16,1024,True,9.803499179905986e-05,0.002667545225586965,558,0.0002718426021880438,2.7688803721560973,bf16,128,32,tensor,fp32,0,,bf16,False,False,global,forward,False,0.08838834764831843
length,1024,128,False,flat,0.25,1,128,1.0,29,e4_tensor,1024,True,0.0013144076299458395,0.03607739792669523,275,0.003669852392317404,2.7688803721560973,e4m3,128,32,tensor,fp32,0,,bf16,False,False,global,forward,False,0.08838834764831843
length,1024,128,False,flat,0.25,1,128,1.0,29,e5_tensor,1024,True,0.0025881280951226575,0.07221184922656201,752,0.007331805702679455,2.7688803721560973,e5m2,128,32,tensor,fp32,0,,bf16,False,False,global,forward,False,0.08838834764831843
length,1024,128,False,flat,0.25,1,128,1.0,29,e4_tile,1024,True,0.0011630977911980664,0.03800805873872227,484,0.003873960897227564,2.7688803721560973,e4m3,128,32,tile,fp32,0,,bf16,False,False,global,forward,False,0.08838834764831843
length,1024,128,False,flat,0.25,1,128,1.0,29,e4_rotate,1024,True,0.0011892245399640724,0.03801341532664664,677,0.0038404219796111276,2.7688803721560973,e4m3,128,32,tile,fp32,0,,bf16,True,False,global,forward,False,0.08838834764831843
length,1024,128,False,normal,1.0,1,128,1.0,3,fp32,1024,True,1.2889051176356858e-07,2.4061940633980014e-07,153,3.814222527985212e-07,18.98273682644889,fp32,128,32,tensor,fp32,0,,fp32,False,False,global,forward,False,0.08838834764831843
length,1024,128,False,normal,1.0,1,128,1.0,3,bf16,1024,True,0.001322966745751858,0.0036874871862205656,255,0.00522606113713479,18.98273682644889,bf16,128,32,tensor,fp32,0,,bf16,False,False,global,forward,False,0.08838834764831843
length,1024,128,False,normal,1.0,1,128,1.0,3,e4_tensor,1024,True,0.01807872592508114,0.05200540122068537,273,0.058248608024035774,18.98273682644889,e4m3,128,32,tensor,fp32,0,,bf16,False,False,global,forward,False,0.08838834764831843
length,1024,128,False,normal,1.0,1,128,1.0,3,e5_tensor,1024,True,0.034484638939319814,0.10212818841677906,53,0.10767651450062558,18.98273682644889,e5m2,128,32,tensor,fp32,0,,bf16,False,False,global,forward,False,0.08838834764831843
length,1024,128,False,normal,1.0,1,128,1.0,3,e4_tile,1024,True,0.017924529245751858,0.05175147054223862,312,0.061142267859266,18.98273682644889,e4m3,128,32,tile,fp32,0,,bf16,False,False,global,forward,False,0.08838834764831843
length,1024,128,False,normal,1.0,1,128,1.0,3,e4_rotate,1024,True,0.023766266998854202,0.05199019871021788,337,0.06486449730392527,18.98273682644889,e4m3,128,32,tile,fp32,0,,bf16,True,False,global,forward,False,0.08838834764831843
length,1024,128,False,normal,1.0,1,128,1.0,17,fp32,1024,True,8.580331711804945e-08,2.4543809352213633e-07,118,3.603094307474872e-07,18.238444729743627,fp32,128,32,tensor,fp32,0,,fp32,False,False,global,forward,False,0.08838834764831843
length,1024,128,False,normal,1.0,1,128,1.0,17,bf16,1024,True,0.001152261768494367,0.0038041163586952404,900,0.004192337727283548,18.238444729743627,bf16,128,32,tensor,fp32,0,,bf16,False,False,global,forward,False,0.08838834764831843
length,1024,128,False,normal,1.0,1,128,1.0,17,e4_tensor,1024,True,0.016122264408346354,0.053847130978378586,465,0.054933225198299705,18.238444729743627,e4m3,128,32,tensor,fp32,0,,bf16,False,False,global,forward,False,0.08838834764831843
length,1024,128,False,normal,1.0,1,128,1.0,17,e5_tensor,1024,True,0.034876115288839826,0.10699023843510774,545,0.14096214116850272,18.238444729743627,e5m2,128,32,tensor,fp32,0,,bf16,False,False,global,forward,False,0.08838834764831843
length,1024,128,False,normal,1.0,1,128,1.0,17,e4_tile,1024,True,0.01606486162347448,0.053458344246052204,293,0.05249549106399616,18.238444729743627,e4m3,128,32,tile,fp32,0,,bf16,False,False,global,forward,False,0.08838834764831843
length,1024,128,False,normal,1.0,1,128,1.0,17,e4_rotate,1024,True,0.016061484544919846,0.05401552278859203,153,0.06287409602392742,18.238444729743627,e4m3,128,32,tile,fp32,0,,bf16,True,False,global,forward,False,0.08838834764831843
length,1024,128,False,normal,1.0,1,128,1.0,29,fp32,1024,True,1.5382540075048468e-07,2.459889644118435e-07,55,7.408333928770667e-07,18.595265772185478,fp32,128,32,tensor,fp32,0,,fp32,False,False,global,forward,False,0.08838834764831843
length,1024,128,False,normal,1.0,1,128,1.0,29,bf16,1024,True,0.001517056205533704,0.0036881281535630635,198,0.005217562769334125,18.595265772185478,bf16,128,32,tensor,fp32,0,,bf16,False,False,global,forward,False,0.08838834764831843
length,1024,128,False,normal,1.0,1,128,1.0,29,e4_tensor,1024,True,0.02599914187046365,0.052336802699693014,198,0.08126815597189244,18.595265772185478,e4m3,128,32,tensor,fp32,0,,bf16,False,False,global,forward,False,0.08838834764831843
length,1024,128,False,normal,1.0,1,128,1.0,29,e5_tensor,1024,True,0.05446580308696042,0.10509292779011006,55,0.21728732754976476,18.595265772185478,e5m2,128,32,tensor,fp32,0,,bf16,False,False,global,forward,False,0.08838834764831843
length,1024,128,False,normal,1.0,1,128,1.0,29,e4_tile,1024,True,0.043898348853705804,0.05386462013698799,55,0.15899144948682833,18.595265772185478,e4m3,128,32,tile,fp32,0,,bf16,False,False,global,forward,False,0.08838834764831843
length,1024,128,False,normal,1.0,1,128,1.0,29,e4_rotate,1024,True,0.026666044137289818,0.05382710873300778,55,0.1007086587496394,18.595265772185478,e4m3,128,32,tile,fp32,0,,bf16,True,False,global,forward,False,0.08838834764831843
length,1024,128,False,sharp,2.0,1,128,1.0,3,fp32,1024,True,7.07128045629446e-06,5.234335245979103e-07,831,2.06889191669737e-05,374.99026194888967,fp32,128,32,tensor,fp32,0,,fp32,False,False,global,forward,False,0.08838834764831843
length,1024,128,False,sharp,2.0,1,128,1.0,3,bf16,1024,True,0.06857316938499267,0.0060786452344330465,646,0.23124404829327766,374.99026194888967,bf16,128,32,tensor,fp32,0,,bf16,False,False,global,forward,False,0.08838834764831843
length,1024,128,False,sharp,2.0,1,128,1.0,3,e4_tensor,1024,True,1.0175109716103163,0.09358156791209504,815,3.384687243427161,374.99026194888967,e4m3,128,32,tensor,fp32,0,,bf16,False,False,global,forward,False,0.08838834764831843
length,1024,128,False,sharp,2.0,1,128,1.0,3,e5_tensor,1024,True,2.245207449172656,0.18088342507682648,53,8.450505189455168,374.99026194888967,e5m2,128,32,tensor,fp32,0,,bf16,False,False,global,forward,False,0.08838834764831843
length,1024,128,False,sharp,2.0,1,128,1.0,3,e4_tile,1024,True,0.8427610899513454,0.08968687093809286,239,3.3985870421874202,374.99026194888967,e4m3,128,32,tile,fp32,0,,bf16,False,False,global,forward,False,0.08838834764831843
length,1024,128,False,sharp,2.0,1,128,1.0,3,e4_rotate,1024,True,1.044332282264202,0.09289736371989514,573,3.7673800759308507,374.99026194888967,e4m3,128,32,tile,fp32,0,,bf16,True,False,global,forward,False,0.08838834764831843
length,1024,128,False,sharp,2.0,1,128,1.0,17,fp32,1024,True,6.314145986729969e-06,5.299436555353921e-07,105,2.6774957767303765e-05,375.31293141536594,fp32,128,32,tensor,fp32,0,,fp32,False,False,global,forward,False,0.08838834764831843
length,1024,128,False,sharp,2.0,1,128,1.0,17,bf16,1024,True,0.06055906501513375,0.00614535658258976,992,0.21754275308243248,375.31293141536594,bf16,128,32,tensor,fp32,0,,bf16,False,False,global,forward,False,0.08838834764831843
length,1024,128,False,sharp,2.0,1,128,1.0,17,e4_tensor,1024,True,1.102129112041208,0.09496034933970998,986,4.337962036769633,375.31293141536594,e4m3,128,32,tensor,fp32,0,,bf16,False,False,global,forward,False,0.08838834764831843
length,1024,128,False,sharp,2.0,1,128,1.0,17,e5_tensor,1024,True,2.125762463510625,0.17874495942544258,215,7.646040839034005,375.31293141536594,e5m2,128,32,tensor,fp32,0,,bf16,False,False,global,forward,False,0.08838834764831843
length,1024,128,False,sharp,2.0,1,128,1.0,17,e4_tile,1024,True,0.8938597532483344,0.09193316836801171,915,3.278479753738572,375.31293141536594,e4m3,128,32,tile,fp32,0,,bf16,False,False,global,forward,False,0.08838834764831843
length,1024,128,False,sharp,2.0,1,128,1.0,17,e4_rotate,1024,True,1.0205828138933954,0.09224913935345185,153,3.6563824706840213,375.31293141536594,e4m3,128,32,tile,fp32,0,,bf16,True,False,global,forward,False,0.08838834764831843
length,1024,128,False,sharp,2.0,1,128,1.0,29,fp32,1024,True,6.204241340901362e-06,5.017951097629808e-07,307,2.7197289441324604e-05,374.4895099376436,fp32,128,32,tensor,fp32,0,,fp32,False,False,global,forward,False,0.08838834764831843
length,1024,128,False,sharp,2.0,1,128,1.0,29,bf16,1024,True,0.05667455854356784,0.005949435754733521,349,0.17725176110178234,374.4895099376436,bf16,128,32,tensor,fp32,0,,bf16,False,False,global,forward,False,0.08838834764831843
length,1024,128,False,sharp,2.0,1,128,1.0,29,e4_tensor,1024,True,1.0623278908297573,0.08943460327438055,517,3.4788424994655056,374.4895099376436,e4m3,128,32,tensor,fp32,0,,bf16,False,False,global,forward,False,0.08838834764831843
length,1024,128,False,sharp,2.0,1,128,1.0,29,e5_tensor,1024,True,1.6606166540613616,0.17622133843919824,194,6.828656084151932,374.4895099376436,e5m2,128,32,tensor,fp32,0,,bf16,False,False,global,forward,False,0.08838834764831843
length,1024,128,False,sharp,2.0,1,128,1.0,29,e4_tile,1024,True,0.8798848362930638,0.0885321952000748,605,3.325980960694954,374.4895099376436,e4m3,128,32,tile,fp32,0,,bf16,False,False,global,forward,False,0.08838834764831843
length,1024,128,False,sharp,2.0,1,128,1.0,29,e4_rotate,1024,True,1.1995117904698493,0.09434869518589484,909,3.8371436271617827,374.4895099376436,e4m3,128,32,tile,fp32,0,,bf16,True,False,global,forward,False,0.08838834764831843
length,1024,128,False,outliers,1.0,8,128,1.0,3,fp32,1024,True,3.971299564842212e-05,6.284846022587209e-07,488,6.036560060479499e-05,261.68558727357106,fp32,128,32,tensor,fp32,0,,fp32,False,False,global,forward,False,0.08838834764831843
length,1024,128,False,outliers,1.0,8,128,1.0,3,bf16,1024,True,0.23435006895625587,0.006650744372915735,488,0.3577154928709876,261.68558727357106,bf16,128,32,tensor,fp32,0,,bf16,False,False,global,forward,False,0.08838834764831843
length,1024,128,False,outliers,1.0,8,128,1.0,3,e4_tensor,1024,True,1.6171625689562559,0.08188227338943853,596,3.162484083958617,261.68558727357106,e4m3,128,32,tensor,fp32,0,,bf16,False,False,global,forward,False,0.08838834764831843
length,1024,128,False,outliers,1.0,8,128,1.0,3,e5_tensor,1024,True,5.5065461285196475,0.17518347193175557,98,7.716463762931098,261.68558727357106,e5m2,128,32,tensor,fp32,0,,bf16,False,False,global,forward,False,0.08838834764831843
length,1024,128,False,outliers,1.0,8,128,1.0,3,e4_tile,1024,True,2.031274931043744,0.06898873437652148,488,2.9930108131911366,261.68558727357106,e4m3,128,32,tile,fp32,0,,bf16,False,False,global,forward,False,0.08838834764831843
length,1024,128,False,outliers,1.0,8,128,1.0,3,e4_rotate,1024,True,0.8932648785196478,0.034030333618347154,98,1.355001010558579,261.68558727357106,e4m3,128,32,tile,fp32,0,,bf16,True,False,global,forward,False,0.08838834764831843
length,1024,128,False,outliers,1.0,8,128,1.0,17,fp32,1024,True,2.1875555668682267e-05,1.375511120568751e-06,926,5.658091864863366e-05,212.95648962169128,fp32,128,32,tensor,fp32,0,,fp32,False,False,global,forward,False,0.08838834764831843
length,1024,128,False,outliers,1.0,8,128,1.0,17,bf16,1024,True,0.1997995100523462,0.01827286015081477,900,0.6616047202974806,212.95648962169128,bf16,128,32,tensor,fp32,0,,bf16,False,False,global,forward,False,0.08838834764831843
length,1024,128,False,outliers,1.0,8,128,1.0,17,e4_tensor,1024,True,2.8859247069164127,0.1874544863857863,890,5.780067934248335,212.95648962169128,e4m3,128,32,tensor,fp32,0,,bf16,False,False,global,forward,False,0.08838834764831843
length,1024,128,False,outliers,1.0,8,128,1.0,17,e5_tensor,1024,True,6.168032171291896,0.43186144774239554,900,11.880562005580268,212.95648962169128,e5m2,128,32,tensor,fp32,0,,bf16,False,False,global,forward,False,0.08838834764831843
length,1024,128,False,outliers,1.0,8,128,1.0,17,e4_tile,1024,True,2.2074071830729505,0.11624873355715289,524,3.779327657431747,212.95648962169128,e4m3,128,32,tile,fp32,0,,bf16,False,False,global,forward,False,0.08838834764831843
length,1024,128,False,outliers,1.0,8,128,1.0,17,e4_rotate,1024,True,0.6364615055237746,0.05475652888784596,495,1.5994149985267492,212.95648962169128,e4m3,128,32,tile,fp32,0,,bf16,True,False,global,forward,False,0.08838834764831843
length,1024,128,False,outliers,1.0,8,128,1.0,29,fp32,1024,True,2.3449396085339913e-05,1.8912541552782626e-06,320,5.1199816330072024e-05,156.11825942398622,fp32,128,32,tensor,fp32,0,,fp32,False,False,global,forward,False,0.08838834764831843
length,1024,128,False,outliers,1.0,8,128,1.0,29,bf16,1024,True,0.22716686265512398,0.016715413266681602,264,0.347571524355076,156.11825942398622,bf16,128,32,tensor,fp32,0,,bf16,False,False,global,forward,False,0.08838834764831843
length,1024,128,False,outliers,1.0,8,128,1.0,29,e4_tensor,1024,True,5.2403193872358464,0.2768669293576614,656,7.207150264236935,156.11825942398622,e4m3,128,32,tensor,fp32,0,,bf16,False,False,global,forward,False,0.08838834764831843
length,1024,128,False,outliers,1.0,8,128,1.0,29,e5_tensor,1024,True,4.9434443872358464,0.42120535610803256,400,8.196830619528917,156.11825942398622,e5m2,128,32,tensor,fp32,0,,bf16,False,False,global,forward,False,0.08838834764831843
length,1024,128,False,outliers,1.0,8,128,1.0,29,e4_tile,1024,True,3.3338651575089884,0.24842000568696815,811,6.359488770731527,156.11825942398622,e4m3,128,32,tile,fp32,0,,bf16,False,False,global,forward,False,0.08838834764831843
length,1024,128,False,outliers,1.0,8,128,1.0,29,e4_rotate,1024,True,0.5976673090215998,0.056074430477301845,782,1.033175916700839,156.11825942398622,e4m3,128,32,tile,fp32,0,,bf16,True,False,global,forward,False,0.08838834764831843
length,1024,128,True,flat,0.25,1,128,1.0,3,fp32,1024,True,4.836180655942712e-08,1.0353128235095653e-07,2,1.1648280843163538e-07,7.876069967195187,fp32,128,32,tensor,fp32,0,,fp32,False,False,global,forward,True,0.08838834764831843
length,1024,128,True,flat,0.25,1,128,1.0,3,bf16,1024,True,0.0019386248918790705,0.0026067661958205563,1,0.005660174387490117,7.876069967195187,bf16,128,32,tensor,fp32,0,,bf16,False,False,global,forward,True,0.08838834764831843
length,1024,128,True,flat,0.25,1,128,1.0,3,e4_tensor,1024,True,0.03680241107940674,0.03579849400851971,0,0.09679044018056965,7.876069967195187,e4m3,128,32,tensor,fp32,0,,bf16,False,False,global,forward,True,0.08838834764831843
length,1024,128,True,flat,0.25,1,128,1.0,3,e5_tensor,1024,True,0.0520971417427063,0.06747091266350666,0,0.16419907045473403,7.876069967195187,e5m2,128,32,tensor,fp32,0,,bf16,False,False,global,forward,True,0.08838834764831843
length,1024,128,True,flat,0.25,1,128,1.0,3,e4_tile,1024,True,0.03680241107940674,0.036102547008245854,0,0.09679044018056965,7.876069967195187,e4m3,128,32,tile,fp32,0,,bf16,False,False,global,forward,True,0.08838834764831843
length,1024,128,True,flat,0.25,1,128,1.0,3,e4_rotate,1024,True,0.03680241107940674,0.03619310902911367,0,0.09679044018056965,7.876069967195187,e4m3,128,32,tile,fp32,0,,bf16,True,False,global,forward,True,0.08838834764831843
length,1024,128,True,flat,0.25,1,128,1.0,17,fp32,1024,True,4.9561041937096206e-08,1.0562600064651888e-07,4,1.089693888312908e-07,7.775402770513331,fp32,128,32,tensor,fp32,0,,fp32,False,False,global,forward,True,0.08838834764831843
length,1024,128,True,flat,0.25,1,128,1.0,17,bf16,1024,True,0.0017737746238708496,0.0025635959044192458,1,0.005111950004090237,7.775402770513331,bf16,128,32,tensor,fp32,0,,bf16,False,False,global,forward,True,0.08838834764831843
length,1024,128,True,flat,0.25,1,128,1.0,17,e4_tensor,1024,True,0.02097684144973755,0.03403738915346373,0,0.07741901028252926,7.775402770513331,e4m3,128,32,tensor,fp32,0,,bf16,False,False,global,forward,True,0.08838834764831843
length,1024,128,True,flat,0.25,1,128,1.0,17,e5_tensor,1024,True,0.04326753674160572,0.06670740025689922,1,0.1423779734900654,7.775402770513331,e5m2,128,32,tensor,fp32,0,,bf16,False,False,global,forward,True,0.08838834764831843
length,1024,128,True,flat,0.25,1,128,1.0,17,e4_tile,1024,True,0.02097684144973755,0.0338304844147419,0,0.07741901028252926,7.775402770513331,e4m3,128,32,tile,fp32,0,,bf16,False,False,global,forward,True,0.08838834764831843
length,1024,128,True,flat,0.25,1,128,1.0,17,e4_rotate,1024,True,0.02097684144973755,0.033832119987063806,0,0.07741901028252926,7.775402770513331,e4m3,128,32,tile,fp32,0,,bf16,True,False,global,forward,True,0.08838834764831843
length,1024,128,True,flat,0.25,1,128,1.0,29,fp32,1024,True,4.534464020933271e-08,1.071487028809578e-07,3,1.022823113014944e-07,7.38601663736608,fp32,128,32,tensor,fp32,0,,fp32,False,False,global,forward,True,0.08838834764831843
length,1024,128,True,flat,0.25,1,128,1.0,29,bf16,1024,True,0.0016067474006487004,0.002588361434261171,1,0.005007833971291325,7.38601663736608,bf16,128,32,tensor,fp32,0,,bf16,False,False,global,forward,True,0.08838834764831843
length,1024,128,True,flat,0.25,1,128,1.0,29,e4_tensor,1024,True,0.02089586853981018,0.03701903700784002,0,0.0923622396550939,7.38601663736608,e4m3,128,32,tensor,fp32,0,,bf16,False,False,global,forward,True,0.08838834764831843
length,1024,128,True,flat,0.25,1,128,1.0,29,e5_tensor,1024,True,0.0363163948059082,0.06948039069084344,0,0.14735871605056086,7.38601663736608,e5m2,128,32,tensor,fp32,0,,bf16,False,False,global,forward,True,0.08838834764831843
length,1024,128,True,flat,0.25,1,128,1.0,29,e4_tile,1024,True,0.024251699447631836,0.03670638704851905,0,0.07220800658709609,7.38601663736608,e4m3,128,32,tile,fp32,0,,bf16,False,False,global,forward,True,0.08838834764831843
length,1024,128,True,flat,0.25,1,128,1.0,29,e4_rotate,1024,True,0.024251699447631836,0.03667582730896406,0,0.07220800658709609,7.38601663736608,e4m3,128,32,tile,fp32,0,,bf16,True,False,global,forward,True,0.08838834764831843
length,1024,128,True,normal,1.0,1,128,1.0,3,fp32,1024,True,4.7640668920934104e-07,1.8127287863722357e-07,46,1.1976119246958166e-06,44.90594150032976,fp32,128,32,tensor,fp32,0,,fp32,False,False,global,forward,True,0.08838834764831843
length,1024,128,True,normal,1.0,1,128,1.0,3,bf16,1024,True,0.007988593206670114,0.0032827174977453004,1,0.026763939000976143,44.90594150032976,bf16,128,32,tensor,fp32,0,,bf16,False,False,global,forward,True,0.08838834764831843
length,1024,128,True,normal,1.0,1,128,1.0,3,e4_tensor,1024,True,0.14720964431762695,0.04617569006730874,0,0.3871617607222786,44.90594150032976,e4m3,128,32,tensor,fp32,0,,bf16,False,False,global,forward,True,0.08838834764831843
length,1024,128,True,normal,1.0,1,128,1.0,3,e5_tensor,1024,True,0.3225377965259717,0.09326760536790785,2,1.0453679950588857,44.90594150032976,e5m2,128,32,tensor,fp32,0,,bf16,False,False,global,forward,True,0.08838834764831843
length,1024,128,True,normal,1.0,1,128,1.0,3,e4_tile,1024,True,0.14720964431762695,0.046533345205325226,0,0.3871617607222786,44.90594150032976,e4m3,128,32,tile,fp32,0,,bf16,False,False,global,forward,True,0.08838834764831843
length,1024,128,True,normal,1.0,1,128,1.0,3,e4_rotate,1024,True,0.14720964431762695,0.04621807904858206,0,0.3871617607222786,44.90594150032976,e4m3,128,32,tile,fp32,0,,bf16,True,False,global,forward,True,0.08838834764831843
length,1024,128,True,normal,1.0,1,128,1.0,17,fp32,1024,True,2.821099398531146e-07,1.7133569593019165e-07,16,1.077687737071362e-06,44.37004406188766,fp32,128,32,tensor,fp32,0,,fp32,False,False,global,forward,True,0.08838834764831843
length,1024,128,True,normal,1.0,1,128,1.0,17,bf16,1024,True,0.008940056057644252,0.0033116837796978832,1,0.02639637411114766,44.37004406188766,bf16,128,32,tensor,fp32,0,,bf16,False,False,global,forward,True,0.08838834764831843
length,1024,128,True,normal,1.0,1,128,1.0,17,e4_tensor,1024,True,0.08404922891089783,0.04484728748090941,0,0.30967604113011704,44.37004406188766,e4m3,128,32,tensor,fp32,0,,bf16,False,False,global,forward,True,0.08838834764831843
length,1024,128,True,normal,1.0,1,128,1.0,17,e5_tensor,1024,True,0.3200714793468058,0.090340835719301,1,0.7164949246265885,44.37004406188766,e5m2,128,32,tensor,fp32,0,,bf16,False,False,global,forward,True,0.08838834764831843
length,1024,128,True,normal,1.0,1,128,1.0,17,e4_tile,1024,True,0.10748672891089783,0.04688866730713554,5,0.3550294731505564,44.37004406188766,e4m3,128,32,tile,fp32,0,,bf16,False,False,global,forward,True,0.08838834764831843
length,1024,128,True,normal,1.0,1,128,1.0,17,e4_rotate,1024,True,0.12311172891089783,0.04485149028144148,6,0.3271601085309273,44.37004406188766,e4m3,128,32,tile,fp32,0,,bf16,True,False,global,forward,True,0.08838834764831843
length,1024,128,True,normal,1.0,1,128,1.0,29,fp32,1024,True,4.0455750305312677e-07,1.858778563027424e-07,5,1.4835471713892959e-06,43.284659300477124,fp32,128,32,tensor,fp32,0,,fp32,False,False,global,forward,True,0.08838834764831843
length,1024,128,True,normal,1.0,1,128,1.0,29,bf16,1024,True,0.008485049738881756,0.0034339775384780863,5,0.029209430902662082,43.284659300477124,bf16,128,32,tensor,fp32,0,,bf16,False,False,global,forward,True,0.08838834764831843
length,1024,128,True,normal,1.0,1,128,1.0,29,e4_tensor,1024,True,0.10225878873311933,0.048494109348698376,2,0.4037725605893327,43.284659300477124,e4m3,128,32,tensor,fp32,0,,bf16,False,False,global,forward,True,0.08838834764831843
length,1024,128,True,normal,1.0,1,128,1.0,29,e5_tensor,1024,True,0.2479534863973033,0.09416759139079572,1,0.7122069169023263,43.284659300477124,e5m2,128,32,tensor,fp32,0,,bf16,False,False,global,forward,True,0.08838834764831843
length,1024,128,True,normal,1.0,1,128,1.0,29,e4_tile,1024,True,0.1602496386026967,0.0516097213925437,1,0.637494941551305,43.284659300477124,e4m3,128,32,tile,fp32,0,,bf16,False,False,global,forward,True,0.08838834764831843
length,1024,128,True,normal,1.0,1,128,1.0,29,e4_rotate,1024,True,0.1602496386026967,0.050045726500485825,1,0.6341356816349004,43.284659300477124,e4m3,128,32,tile,fp32,0,,bf16,True,False,global,forward,True,0.08838834764831843
length,1024,128,True,sharp,2.0,1,128,1.0,3,fp32,1024,True,8.319233386622216e-06,4.6117648962961317e-07,539,2.1031772143610263e-05,414.36256798003296,fp32,128,32,tensor,fp32,0,,fp32,False,False,global,forward,True,0.08838834764831843
length,1024,128,True,sharp,2.0,1,128,1.0,3,bf16,1024,True,0.07381131782030281,0.005568010760604322,514,0.28160754093716905,414.36256798003296,bf16,128,32,tensor,fp32,0,,bf16,False,False,global,forward,True,0.08838834764831843
length,1024,128,True,sharp,2.0,1,128,1.0,3,e4_tensor,1024,True,0.909695769131246,0.08647056278516281,263,3.3585660141603486,414.36256798003296,e4m3,128,32,tensor,fp32,0,,bf16,False,False,global,forward,True,0.08838834764831843
length,1024,128,True,sharp,2.0,1,128,1.0,3,e5_tensor,1024,True,2.506252228475232,0.17203425778282466,863,7.451739674188673,414.36256798003296,e5m2,128,32,tensor,fp32,0,,bf16,False,False,global,forward,True,0.08838834764831843
length,1024,128,True,sharp,2.0,1,128,1.0,3,e4_tile,1024,True,1.1051629633579156,0.08566080832403619,68,3.7256875131796865,414.36256798003296,e4m3,128,32,tile,fp32,0,,bf16,False,False,global,forward,True,0.08838834764831843
length,1024,128,True,sharp,2.0,1,128,1.0,3,e4_rotate,1024,True,0.9742689491882045,0.08363809593490452,18,3.801895760120906,414.36256798003296,e4m3,128,32,tile,fp32,0,,bf16,True,False,global,forward,True,0.08838834764831843
length,1024,128,True,sharp,2.0,1,128,1.0,17,fp32,1024,True,5.444454432179668e-06,4.3525194570062187e-07,870,2.141229787541094e-05,420.7951392733033,fp32,128,32,tensor,fp32,0,,fp32,False,False,global,forward,True,0.08838834764831843
length,1024,128,True,sharp,2.0,1,128,1.0,17,bf16,1024,True,0.07239332848911673,0.005749515967710509,192,0.29682994486975395,420.7951392733033,bf16,128,32,tensor,fp32,0,,bf16,False,False,global,forward,True,0.08838834764831843
length,1024,128,True,sharp,2.0,1,128,1.0,17,e4_tensor,1024,True,1.0899426642418493,0.08599189729668213,986,4.206682094515018,420.7951392733033,e4m3,128,32,tensor,fp32,0,,bf16,False,False,global,forward,True,0.08838834764831843
length,1024,128,True,sharp,2.0,1,128,1.0,17,e5_tensor,1024,True,2.363494392470712,0.1698053060062191,215,9.035056891062734,420.7951392733033,e5m2,128,32,tensor,fp32,0,,bf16,False,False,global,forward,True,0.08838834764831843
length,1024,128,True,sharp,2.0,1,128,1.0,17,e4_tile,1024,True,1.0406707899538796,0.08426079899809728,75,3.2928657677926205,420.7951392733033,e4m3,128,32,tile,fp32,0,,bf16,False,False,global,forward,True,0.08838834764831843
length,1024,128,True,sharp,2.0,1,128,1.0,17,e4_rotate,1024,True,1.0232243575292879,0.08444668264898089,566,3.319345466067186,420.7951392733033,e4m3,128,32,tile,fp32,0,,bf16,True,False,global,forward,True,0.08838834764831843
length,1024,128,True,sharp,2.0,1,128,1.0,29,fp32,1024,True,5.449396373147231e-06,4.29122045729281e-07,814,2.3871881808986666e-05,415.9421432575335,fp32,128,32,tensor,fp32,0,,fp32,False,False,global,forward,True,0.08838834764831843
length,1024,128,True,sharp,2.0,1,128,1.0,29,bf16,1024,True,0.06367359093060088,0.0056862762913547265,21,0.2528182438846152,415.9421432575335,bf16,128,32,tensor,fp32,0,,bf16,False,False,global,forward,True,0.08838834764831843
length,1024,128,True,sharp,2.0,1,128,1.0,29,e4_tensor,1024,True,1.0194677929214948,0.08399810934276127,64,3.9121203575534986,415.9421432575335,e4m3,128,32,tensor,fp32,0,,bf16,False,False,global,forward,True,0.08838834764831843
length,1024,128,True,sharp,2.0,1,128,1.0,29,e5_tensor,1024,True,2.87897645387763,0.1678469437160933,34,11.385881226189383,415.9421432575335,e5m2,128,32,tensor,fp32,0,,bf16,False,False,global,forward,True,0.08838834764831843
length,1024,128,True,sharp,2.0,1,128,1.0,29,e4_tile,1024,True,1.0705188456256094,0.08572833244900673,359,3.9822322431160906,415.9421432575335,e4m3,128,32,tile,fp32,0,,bf16,False,False,global,forward,True,0.08838834764831843
length,1024,128,True,sharp,2.0,1,128,1.0,29,e4_rotate,1024,True,1.1939188257171462,0.08481581238324822,909,3.8168078854641014,415.9421432575335,e4m3,128,32,tile,fp32,0,,bf16,True,False,global,forward,True,0.08838834764831843
length,1024,128,True,outliers,1.0,8,128,1.0,3,fp32,1024,True,3.0020793880813912e-05,8.385684945878198e-07,13,4.47939275685879e-05,249.6407875517161,fp32,128,32,tensor,fp32,0,,fp32,False,False,global,forward,True,0.08838834764831843
length,1024,128,True,outliers,1.0,8,128,1.0,3,bf16,1024,True,0.36216041619402306,0.01046052122034895,107,0.5529820457141702,249.6407875517161,bf16,128,32,tensor,fp32,0,,bf16,False,False,global,forward,True,0.08838834764831843
length,1024,128,True,outliers,1.0,8,128,1.0,3,e4_tensor,1024,True,6.127785416194023,0.19703538219798009,107,9.515375182745245,249.6407875517161,e4m3,128,32,tensor,fp32,0,,bf16,False,False,global,forward,True,0.08838834764831843
length,1024,128,True,outliers,1.0,8,128,1.0,3,e5_tensor,1024,True,10.962839542551745,0.34818991990294995,121,17.393425233759665,249.6407875517161,e5m2,128,32,tensor,fp32,0,,bf16,False,False,global,forward,True,0.08838834764831843
length,1024,128,True,outliers,1.0,8,128,1.0,3,e4_tile,1024,True,3.0331520425517438,0.09437635006659918,121,4.626111081270422,249.6407875517161,e4m3,128,32,tile,fp32,0,,bf16,False,False,global,forward,True,0.08838834764831843
length,1024,128,True,outliers,1.0,8,128,1.0,3,e4_rotate,1024,True,0.7335849886027894,0.0358768820070892,642,1.1910158411502998,249.6407875517161,e4m3,128,32,tile,fp32,0,,bf16,True,False,global,forward,True,0.08838834764831843
length,1024,128,True,outliers,1.0,8,128,1.0,17,fp32,1024,True,5.425299741812495e-05,1.191207893117421e-06,514,7.067639947493086e-05,249.50279660189372,fp32,128,32,tensor,fp32,0,,fp32,False,False,global,forward,True,0.08838834764831843
length,1024,128,True,outliers,1.0,8,128,1.0,17,bf16,1024,True,0.40198935355283805,0.011250046678168295,900,0.6616047219319867,249.50279660189372,bf16,128,32,tensor,fp32,0,,bf16,False,False,global,forward,True,0.08838834764831843
length,1024,128,True,outliers,1.0,8,128,1.0,17,e4_tensor,1024,True,3.026989353552838,0.1636584958892346,890,5.805626189852863,249.50279660189372,e4m3,128,32,tensor,fp32,0,,bf16,False,False,global,forward,True,0.08838834764831843
length,1024,128,True,outliers,1.0,8,128,1.0,17,e5_tensor,1024,True,13.066760646447161,0.5124890445688597,161,17.12206242125763,249.50279660189372,e5m2,128,32,tensor,fp32,0,,bf16,False,False,global,forward,True,0.08838834764831843
length,1024,128,True,outliers,1.0,8,128,1.0,17,e4_tile,1024,True,4.17973513169324,0.14000722336708896,797,6.771559712435325,249.50279660189372,e4m3,128,32,tile,fp32,0,,bf16,False,False,global,forward,True,0.08838834764831843
length,1024,128,True,outliers,1.0,8,128,1.0,17,e4_rotate,1024,True,1.25330416305074,0.04577551343382848,817,1.9502972462585504,249.50279660189372,e4m3,128,32,tile,fp32,0,,bf16,True,False,global,forward,True,0.08838834764831843
length,1024,128,True,outliers,1.0,8,128,1.0,29,fp32,1024,True,2.9940334991040984e-05,1.1049373473091288e-06,830,4.271739501832137e-05,220.03549435259904,fp32,128,32,tensor,fp32,0,,fp32,False,False,global,forward,True,0.08838834764831843
length,1024,128,True,outliers,1.0,8,128,1.0,29,bf16,1024,True,0.2101580489640298,0.009334612423292083,253,0.3268621355337806,220.03549435259904,bf16,128,32,tensor,fp32,0,,bf16,False,False,global,forward,True,0.08838834764831843
length,1024,128,True,outliers,1.0,8,128,1.0,29,e4_tensor,1024,True,6.9515201819451065,0.21801734082926325,549,9.210965305883844,220.03549435259904,e4m3,128,32,tensor,fp32,0,,bf16,False,False,global,forward,True,0.08838834764831843
length,1024,128,True,outliers,1.0,8,128,1.0,29,e5_tensor,1024,True,10.584439482605962,0.3120549156950791,246,14.07871794438272,220.03549435259904,e5m2,128,32,tensor,fp32,0,,bf16,False,False,global,forward,True,0.08838834764831843
length,1024,128,True,outliers,1.0,8,128,1.0,29,e4_tile,1024,True,4.972607875087344,0.17016267323657738,837,7.254198623396768,220.03549435259904,e4m3,128,32,tile,fp32,0,,bf16,False,False,global,forward,True,0.08838834764831843
length,1024,128,True,outliers,1.0,8,128,1.0,29,e4_rotate,1024,True,0.9125644826059611,0.0466053279252532,246,1.067194266991232,220.03549435259904,e4m3,128,32,tile,fp32,0,,bf16,True,False,global,forward,True,0.08838834764831843
length,4096,64,False,flat,0.25,1,128,1.0,3,fp32,128,False,6.790187891125843e-09,2.3515089759028414e-07,1026,1.1269090887063932e-08,0.3965313487955431,fp32,128,32,tensor,fp32,0,,fp32,False,False,global,forward,False,0.125
length,4096,64,False,flat,0.25,1,128,1.0,3,bf16,128,False,5.387642463933716e-05,0.0025899954881540128,1043,0.0001096341262703083,0.3965313487955431,bf16,128,32,tensor,fp32,0,,bf16,False,False,global,forward,False,0.125
length,4096,64,False,flat,0.25,1,128,1.0,3,e4_tensor,128,False,0.0005470288411549554,0.03412774278768847,4080,0.0014349307550948487,0.3965313487955431,e4m3,128,32,tensor,fp32,0,,bf16,False,False,global,forward,False,0.125
length,4096,64,False,flat,0.25,1,128,1.0,3,e5_tensor,128,False,0.001149408395919187,0.06572551340632764,15,0.002718305684640342,0.3965313487955431,e5m2,128,32,tensor,fp32,0,,bf16,False,False,global,forward,False,0.125
length,4096,64,False,flat,0.25,1,128,1.0,3,e4_tile,128,False,0.0005695773579679745,0.029888094427259357,4090,0.0013279793516785274,0.3965313487955431,e4m3,128,32,tile,fp32,0,,bf16,False,False,global,forward,False,0.125
length,4096,64,False,flat,0.25,1,128,1.0,3,e4_rotate,128,False,0.0006535006978117245,0.0299333661184387,4090,0.001299930725478629,0.3965313487955431,e4m3,128,32,tile,fp32,0,,bf16,True,False,global,forward,False,0.125
length,4096,64,False,flat,0.25,1,128,1.0,17,fp32,128,False,5.578948162818231e-09,2.8836737648648696e-07,15,1.0706880093130681e-08,0.3002046375747866,fp32,128,32,tensor,fp32,0,,fp32,False,False,global,forward,False,0.125
length,4096,64,False,flat,0.25,1,128,1.0,17,bf16,128,False,4.293281640080013e-05,0.0032256529017014013,4086,0.00010112115677412893,0.3002046375747866,bf16,128,32,tensor,fp32,0,,bf16,False,False,global,forward,False,0.125
length,4096,64,False,flat,0.25,1,128,1.0,17,e4_tensor,128,False,0.0005668301437687799,0.044550392474437185,28,0.0014514128062209526,0.3002046375747866,e4m3,128,32,tensor,fp32,0,,bf16,False,False,global,forward,False,0.125
length,4096,64,False,flat,0.25,1,128,1.0,17,e5_tensor,128,False,0.0010983914442966904,0.08635810318156766,4066,0.002935150861850826,0.3002046375747866,e5m2,128,32,tensor,fp32,0,,bf16,False,False,global,forward,False,0.125
length,4096,64,False,flat,0.25,1,128,1.0,17,e4_tile,128,False,0.000509196963783158,0.03787169271695765,6,0.0012407806380798894,0.3002046375747866,e4m3,128,32,tile,fp32,0,,bf16,False,False,global,forward,False,0.125
length,4096,64,False,flat,0.25,1,128,1.0,17,e4_rotate,128,False,0.000570232120033158,0.038156361720374746,28,0.0013087090562929093,0.3002046375747866,e4m3,128,32,tile,fp32,0,,bf16,True,False,global,forward,False,0.125
length,4096,64,False,flat,0.25,1,128,1.0,29,fp32,128,False,6.735698727944328e-09,2.4906203985663673e-07,4072,1.2207758669035809e-08,0.40242530304661556,fp32,128,32,tensor,fp32,0,,fp32,False,False,global,forward,False,0.125
length,4096,64,False,flat,0.25,1,128,1.0,29,bf16,128,False,4.4641317088764745e-05,0.002480088727259828,4090,0.0001122684711251678,0.40242530304661556,bf16,128,32,tensor,fp32,0,,bf16,False,False,global,forward,False,0.125
length,4096,64,False,flat,0.25,1,128,1.0,29,e4_tensor,128,False,0.0005647373526305177,0.03187671807749384,1045,0.0012982404862302546,0.40242530304661556,e4m3,128,32,tensor,fp32,0,,bf16,False,False,global,forward,False,0.125
length,4096,64,False,flat,0.25,1,128,1.0,29,e5_tensor,128,False,0.0011204429521684443,0.06335070149423608,4080,0.0028711164795039244,0.40242530304661556,e5m2,128,32,tensor,fp32,0,,bf16,False,False,global,forward,False,0.125
length,4096,64,False,flat,0.25,1,128,1.0,29,e4_tile,128,False,0.0005496203559949807,0.033403665993530805,1026,0.001425199080966482,0.40242530304661556,e4m3,128,32,tile,fp32,0,,bf16,False,False,global,forward,False,0.125
length,4096,64,False,flat,0.25,1,128,1.0,29,e4_rotate,128,False,0.0004910093480655635,0.033139440045063244,2057,0.0014056697038121123,0.40242530304661556,e4m3,128,32,tile,fp32,0,,bf16,True,False,global,forward,False,0.125
length,4096,64,False,normal,1.0,1,128,1.0,3,fp32,128,False,5.2718875459545345e-08,2.9990960593559923e-07,1050,1.3008943522465123e-07,2.487479311304831,fp32,128,32,tensor,fp32,0,,fp32,False,False,global,forward,False,0.125
length,4096,64,False,normal,1.0,1,128,1.0,3,bf16,128,False,0.000895521477235553,0.003739832386862186,4090,0.0020979983491209242,2.487479311304831,bf16,128,32,tensor,fp32,0,,bf16,False,False,global,forward,False,0.125
length,4096,64,False,normal,1.0,1,128,1.0,3,e4_tensor,128,False,0.0072954843860238636,0.052748585649683905,1034,0.017325097210972244,2.487479311304831,e4m3,128,32,tensor,fp32,0,,bf16,False,False,global,forward,False,0.125
length,4096,64,False,normal,1.0,1,128,1.0,3,e5_tensor,128,False,0.01625849470667376,0.1051493903661855,4090,0.051370265851465084,2.487479311304831,e5m2,128,32,tensor,fp32,0,,bf16,False,False,global,forward,False,0.125
length,4096,64,False,normal,1.0,1,128,1.0,3,e4_tile,128,False,0.007043561613824873,0.05186752427353366,4090,0.019842086364570855,2.487479311304831,e4m3,128,32,tile,fp32,0,,bf16,False,False,global,forward,False,0.125
length,4096,64,False,normal,1.0,1,128,1.0,3,e4_rotate,128,False,0.007565705723419832,0.05024876595224189,1050,0.01827488725613399,2.487479311304831,e4m3,128,32,tile,fp32,0,,bf16,True,False,global,forward,False,0.125
length,4096,64,False,normal,1.0,1,128,1.0,17,fp32,128,False,5.055356409877643e-08,3.2121146086381183e-07,1039,1.521901661135023e-07,2.229288215257964,fp32,128,32,tensor,fp32,0,,fp32,False,False,global,forward,False,0.125
length,4096,64,False,normal,1.0,1,128,1.0,17,bf16,128,False,0.0004599545798365627,0.003967041002719347,29,0.0012018083816203449,2.229288215257964,bf16,128,32,tensor,fp32,0,,bf16,False,False,global,forward,False,0.125
length,4096,64,False,normal,1.0,1,128,1.0,17,e4_tensor,128,False,0.005985852614836341,0.05669377633477619,29,0.01837884033809542,2.229288215257964,e4m3,128,32,tensor,fp32,0,,bf16,False,False,global,forward,False,0.125
length,4096,64,False,normal,1.0,1,128,1.0,17,e5_tensor,128,False,0.010864358856431458,0.11091074965957182,29,0.03212771782704321,2.229288215257964,e5m2,128,32,tensor,fp32,0,,bf16,False,False,global,forward,False,0.125
length,4096,64,False,normal,1.0,1,128,1.0,17,e4_tile,128,False,0.005659565261365761,0.05600277794645663,24,0.01692390877366517,2.229288215257964,e4m3,128,32,tile,fp32,0,,bf16,False,False,global,forward,False,0.125
length,4096,64,False,normal,1.0,1,128,1.0,17,e4_rotate,128,False,0.005792995616054477,0.055337538986345414,1024,0.01585166505496126,2.229288215257964,e4m3,128,32,tile,fp32,0,,bf16,True,False,global,forward,False,0.125
length,4096,64,False,normal,1.0,1,128,1.0,29,fp32,128,False,4.92750251157581e-08,3.066889972533175e-07,2075,1.5046927576118204e-07,2.482579765325522,fp32,128,32,tensor,fp32,0,,fp32,False,False,global,forward,False,0.125
length,4096,64,False,normal,1.0,1,128,1.0,29,bf16,128,False,0.00045152966639978864,0.0035856882294531493,2075,0.0012046521586183104,2.482579765325522,bf16,128,32,tensor,fp32,0,,bf16,False,False,global,forward,False,0.125
length,4096,64,False,normal,1.0,1,128,1.0,29,e4_tensor,128,False,0.006462384677254355,0.05181221981048903,1043,0.01863782397590903,2.482579765325522,e4m3,128,32,tensor,fp32,0,,bf16,False,False,global,forward,False,0.125
length,4096,64,False,normal,1.0,1,128,1.0,29,e5_tensor,128,False,0.012590159382159918,0.10167371926975212,1043,0.040947146898606054,2.482579765325522,e5m2,128,32,tensor,fp32,0,,bf16,False,False,global,forward,False,0.125
length,4096,64,False,normal,1.0,1,128,1.0,29,e4_tile,128,False,0.006766575908500036,0.05122701881312028,1029,0.015513045214039733,2.482579765325522,e4m3,128,32,tile,fp32,0,,bf16,False,False,global,forward,False,0.125
length,4096,64,False,normal,1.0,1,128,1.0,29,e4_rotate,128,False,0.0068675444498471384,0.05207362691708842,16,0.018156059995518836,2.482579765325522,e4m3,128,32,tile,fp32,0,,bf16,True,False,global,forward,False,0.125
length,4096,64,False,sharp,2.0,1,128,1.0,3,fp32,128,False,7.68233459469414e-06,7.322917081469039e-07,1050,2.2353838161622804e-05,83.0985842123181,fp32,128,32,tensor,fp32,0,,fp32,False,False,global,forward,False,0.125
length,4096,64,False,sharp,2.0,1,128,1.0,3,bf16,128,False,0.0725423460859761,0.007593637933891477,2069,0.18817871765464114,83.0985842123181,bf16,128,32,tensor,fp32,0,,bf16,False,False,global,forward,False,0.125
length,4096,64,False,sharp,2.0,1,128,1.0,3,e4_tensor,128,False,1.0950032835859762,0.11324778380549141,2069,3.0493415889882445,83.0985842123181,e4m3,128,32,tensor,fp32,0,,bf16,False,False,global,forward,False,0.125
length,4096,64,False,sharp,2.0,1,128,1.0,3,e5_tensor,128,False,1.85777807329746,0.21834440696417895,15,4.637409477728162,83.0985842123181,e5m2,128,32,tensor,fp32,0,,bf16,False,False,global,forward,False,0.125
length,4096,64,False,sharp,2.0,1,128,1.0,3,e4_tile,128,False,0.8117496193304023,0.10300551479121034,4093,2.205527983996596,83.0985842123181,e4m3,128,32,tile,fp32,0,,bf16,False,False,global,forward,False,0.125
length,4096,64,False,sharp,2.0,1,128,1.0,3,e4_rotate,128,False,0.759361908114123,0.10160601366958544,2074,2.0534174862309893,83.0985842123181,e4m3,128,32,tile,fp32,0,,bf16,True,False,global,forward,False,0.125
length,4096,64,False,sharp,2.0,1,128,1.0,17,fp32,128,False,8.22137784250998e-06,6.491263506148867e-07,2073,1.1157585506177776e-05,79.56134989285115,fp32,128,32,tensor,fp32,0,,fp32,False,False,global,forward,False,0.125
length,4096,64,False,sharp,2.0,1,128,1.0,17,bf16,128,False,0.04945309738002002,0.0071464204899340505,21,0.14836276228045198,79.56134989285115,bf16,128,32,tensor,fp32,0,,bf16,False,False,global,forward,False,0.125
length,4096,64,False,sharp,2.0,1,128,1.0,17,e4_tensor,128,False,0.6900933287709672,0.10835788900614385,2079,2.19888544672177,79.56134989285115,e4m3,128,32,tensor,fp32,0,,bf16,False,False,global,forward,False,0.125
length,4096,64,False,sharp,2.0,1,128,1.0,17,e5_tensor,128,False,1.3698917757781852,0.19577934716134612,26,3.919400175209847,79.56134989285115,e5m2,128,32,tensor,fp32,0,,bf16,False,False,global,forward,False,0.125
length,4096,64,False,sharp,2.0,1,128,1.0,17,e4_tile,128,False,0.7301399797198695,0.105679685627861,5,2.4068415496853865,79.56134989285115,e4m3,128,32,tile,fp32,0,,bf16,False,False,global,forward,False,0.125
length,4096,64,False,sharp,2.0,1,128,1.0,17,e4_rotate,128,False,0.8653721710839395,0.10706342976812251,18,2.0587730754853433,79.56134989285115,e4m3,128,32,tile,fp32,0,,bf16,True,False,global,forward,False,0.125
length,4096,64,False,sharp,2.0,1,128,1.0,29,fp32,128,False,5.4918795355796135e-06,6.821173193250471e-07,4087,1.3041550417202174e-05,80.06729320049351,fp32,128,32,tensor,fp32,0,,fp32,False,False,global,forward,False,0.125
length,4096,64,False,sharp,2.0,1,128,1.0,29,bf16,128,False,0.042192117879571,0.006913437575230558,1034,0.14013976640142942,80.06729320049351,bf16,128,32,tensor,fp32,0,,bf16,False,False,global,forward,False,0.125
length,4096,64,False,sharp,2.0,1,128,1.0,29,e4_tensor,128,False,0.871112186399309,0.11049743374100465,4094,1.9678546342211174,80.06729320049351,e4m3,128,32,tensor,fp32,0,,bf16,False,False,global,forward,False,0.125
length,4096,64,False,sharp,2.0,1,128,1.0,29,e5_tensor,128,False,1.4893762386435117,0.2048331542598084,1027,3.990181251447955,80.06729320049351,e5m2,128,32,tensor,fp32,0,,bf16,False,False,global,forward,False,0.125
length,4096,64,False,sharp,2.0,1,128,1.0,29,e4_tile,128,False,0.4912021437228211,0.10090591513099859,1049,1.5442087743179973,80.06729320049351,e4m3,128,32,tile,fp32,0,,bf16,False,False,global,forward,False,0.125
length,4096,64,False,sharp,2.0,1,128,1.0,29,e4_rotate,128,False,0.6103446594664255,0.09946477319478038,1033,1.7510518627041087,80.06729320049351,e4m3,128,32,tile,fp32,0,,bf16,True,False,global,forward,False,0.125
length,4096,64,False,outliers,1.0,8,128,1.0,3,fp32,128,False,7.820758116849902e-05,3.2631104473974546e-06,4072,0.00011972570923867363,65.76955172183096,fp32,128,32,tensor,fp32,0,,fp32,False,False,global,forward,False,0.125
length,4096,64,False,outliers,1.0,8,128,1.0,3,bf16,128,False,0.2829255994867026,0.022459530156360655,4072,0.4329720307194228,65.76955172183096,bf16,128,32,tensor,fp32,0,,bf16,False,False,global,forward,False,0.125
length,4096,64,False,outliers,1.0,8,128,1.0,3,e4_tensor,128,False,2.174162031676335,0.1687278789609128,27,2.6628549048183037,65.76955172183096,e4m3,128,32,tensor,fp32,0,,bf16,False,False,global,forward,False,0.125
length,4096,64,False,outliers,1.0,8,128,1.0,3,e5_tensor,128,False,8.777946084900073,0.5465624910000952,4081,10.984875947069298,65.76955172183096,e5m2,128,32,tensor,fp32,0,,bf16,False,False,global,forward,False,0.125
length,4096,64,False,outliers,1.0,8,128,1.0,3,e4_tile,128,False,0.6614667191763347,0.04262450006919713,27,0.7862014423788173,65.76955172183096,e4m3,128,32,tile,fp32,0,,bf16,False,False,global,forward,False,0.125
length,4096,64,False,outliers,1.0,8,128,1.0,3,e4_rotate,128,False,1.1772433310221764,0.10680369738989812,5,1.9146770156243362,65.76955172183096,e4m3,128,32,tile,fp32,0,,bf16,True,False,global,forward,False,0.125
length,4096,64,False,outliers,1.0,8,128,1.0,17,fp32,128,False,7.481845837808976e-05,2.4749647825543225e-06,4086,0.00010235808229241776,68.85695943893442,fp32,128,32,tensor,fp32,0,,fp32,False,False,global,forward,False,0.125
length,4096,64,False,outliers,1.0,8,128,1.0,17,bf16,128,False,0.3598263132620563,0.025373198593516028,2059,0.486810324019758,68.85695943893442,bf16,128,32,tensor,fp32,0,,bf16,False,False,global,forward,False,0.125
length,4096,64,False,outliers,1.0,8,128,1.0,17,e4_tensor,128,False,1.6098263132620563,0.11193263992130506,2059,2.002636944150773,68.85695943893442,e4m3,128,32,tensor,fp32,0,,bf16,False,False,global,forward,False,0.125
length,4096,64,False,outliers,1.0,8,128,1.0,17,e5_tensor,128,False,4.659294915066785,0.23710418607190412,2069,6.275969645483635,68.85695943893442,e5m2,128,32,tensor,fp32,0,,bf16,False,False,global,forward,False,0.125
length,4096,64,False,outliers,1.0,8,128,1.0,17,e4_tile,128,False,2.335076165066785,0.09084820147710082,2069,2.9535992752808298,68.85695943893442,e4m3,128,32,tile,fp32,0,,bf16,False,False,global,forward,False,0.125
length,4096,64,False,outliers,1.0,8,128,1.0,17,e4_rotate,128,False,1.460830700570603,0.08281880567163613,2052,2.0842107399553886,68.85695943893442,e4m3,128,32,tile,fp32,0,,bf16,True,False,global,forward,False,0.125
length,4096,64,False,outliers,1.0,8,128,1.0,29,fp32,128,False,4.5363854879187926e-05,2.2217426098436212e-06,1046,5.327098205002729e-05,60.046173312163276,fp32,128,32,tensor,fp32,0,,fp32,False,False,global,forward,False,0.125
length,4096,64,False,outliers,1.0,8,128,1.0,29,bf16,128,False,0.21317380194712277,0.02302948939420677,4092,0.4527635190566577,60.046173312163276,bf16,128,32,tensor,fp32,0,,bf16,False,False,global,forward,False,0.125
length,4096,64,False,outliers,1.0,8,128,1.0,29,e4_tensor,128,False,1.774221122485066,0.18336204257588615,27,2.310439045063061,60.046173312163276,e4m3,128,32,tensor,fp32,0,,bf16,False,False,global,forward,False,0.125
length,4096,64,False,outliers,1.0,8,128,1.0,29,e5_tensor,128,False,7.442491898499723,0.622718098733318,1028,8.773438400324709,60.046173312163276,e5m2,128,32,tensor,fp32,0,,bf16,False,False,global,forward,False,0.125
length,4096,64,False,outliers,1.0,8,128,1.0,29,e4_tile,128,False,1.210153877514934,0.08403858663763883,2055,1.4412315091135488,60.046173312163276,e4m3,128,32,tile,fp32,0,,bf16,False,False,global,forward,False,0.125
length,4096,64,False,outliers,1.0,8,128,1.0,29,e4_rotate,128,False,0.6774301362065653,0.06817939463102919,4092,1.105968598127676,60.046173312163276,e4m3,128,32,tile,fp32,0,,bf16,True,False,global,forward,False,0.125
length,4096,64,True,flat,0.25,1,128,1.0,3,fp32,128,False,4.2158053770169346e-08,6.955231138158623e-08,7,8.133956417185275e-08,4.212261061292159,fp32,128,32,tensor,fp32,0,,fp32,False,False,global,forward,True,0.125
length,4096,64,True,flat,0.25,1,128,1.0,3,bf16,128,False,0.0018680691719055176,0.002345735536161315,0,0.0037218181038798878,4.212261061292159,bf16,128,32,tensor,fp32,0,,bf16,False,False,global,forward,True,0.125
length,4096,64,True,flat,0.25,1,128,1.0,3,e4_tensor,128,False,0.03553175926208496,0.0316871686140831,0,0.05859640291033084,4.212261061292159,e4m3,128,32,tensor,fp32,0,,bf16,False,False,global,forward,True,0.125
length,4096,64,True,flat,0.25,1,128,1.0,3,e5_tensor,128,False,0.04172873497009277,0.058825293046935595,0,0.09512277506199909,4.212261061292159,e5m2,128,32,tensor,fp32,0,,bf16,False,False,global,forward,True,0.125
length,4096,64,True,flat,0.25,1,128,1.0,3,e4_tile,128,False,0.01915574073791504,0.02960845561043108,1,0.05052293662068426,4.212261061292159,e4m3,128,32,tile,fp32,0,,bf16,False,False,global,forward,True,0.125
length,4096,64,True,flat,0.25,1,128,1.0,3,e4_rotate,128,False,0.01915574073791504,0.029103954002128167,0,0.04942674238690186,4.212261061292159,e4m3,128,32,tile,fp32,0,,bf16,True,False,global,forward,True,0.125
length,4096,64,True,flat,0.25,1,128,1.0,17,fp32,128,False,4.0840501508432325e-08,6.992535757504324e-08,3,6.997514643887452e-08,4.102237916775338,fp32,128,32,tensor,fp32,0,,fp32,False,False,global,forward,True,0.125
length,4096,64,True,flat,0.25,1,128,1.0,17,bf16,128,False,0.0017626285552978516,0.002402590128659443,1,0.0037727716556675522,4.102237916775338,bf16,128,32,tensor,fp32,0,,bf16,False,False,global,forward,True,0.125
length,4096,64,True,flat,0.25,1,128,1.0,17,e4_tensor,128,False,0.019727490372227208,0.03288379404551997,1,0.0525337384790108,4.102237916775338,e4m3,128,32,tensor,fp32,0,,bf16,False,False,global,forward,True,0.125
length,4096,64,True,flat,0.25,1,128,1.0,17,e5_tensor,128,False,0.03873753547668457,0.059313931811765835,0,0.10009903883684136,4.102237916775338,e5m2,128,32,tensor,fp32,0,,bf16,False,False,global,forward,True,0.125
length,4096,64,True,flat,0.25,1,128,1.0,17,e4_tile,128,False,0.034567832946777344,0.03131603281451382,0,0.05695055218064602,4.102237916775338,e4m3,128,32,tile,fp32,0,,bf16,False,False,global,forward,True,0.125
length,4096,64,True,flat,0.25,1,128,1.0,17,e4_rotate,128,False,0.034567832946777344,0.030806696065331735,0,0.05695055218064602,4.102237916775338,e4m3,128,32,tile,fp32,0,,bf16,True,False,global,forward,True,0.125
length,4096,64,True,flat,0.25,1,128,1.0,29,fp32,128,False,3.9732950651849563e-08,7.826799876003413e-08,3,8.528391442597383e-08,4.086749306339805,fp32,128,32,tensor,fp32,0,,fp32,False,False,global,forward,True,0.125
length,4096,64,True,flat,0.25,1,128,1.0,29,bf16,128,False,0.0015720725059509277,0.0023090226853138755,1,0.004000789153204718,4.086749306339805,bf16,128,32,tensor,fp32,0,,bf16,False,False,global,forward,True,0.125
length,4096,64,True,flat,0.25,1,128,1.0,29,e4_tensor,128,False,0.023059040307998657,0.0313243333178255,0,0.056763350833644304,4.086749306339805,e4m3,128,32,tensor,fp32,0,,bf16,False,False,global,forward,True,0.125
length,4096,64,True,flat,0.25,1,128,1.0,29,e5_tensor,128,False,0.041999757289886475,0.0651648885879944,0,0.11555951130384805,4.086749306339805,e5m2,128,32,tensor,fp32,0,,bf16,False,False,global,forward,True,0.125
length,4096,64,True,flat,0.25,1,128,1.0,29,e4_tile,128,False,0.016989201307296753,0.030239376807439176,0,0.05008562755125471,4.086749306339805,e4m3,128,32,tile,fp32,0,,bf16,False,False,global,forward,True,0.125
length,4096,64,True,flat,0.25,1,128,1.0,29,e4_rotate,128,False,0.016989201307296753,0.030489439385864882,0,0.05008562755125471,4.086749306339805,e4m3,128,32,tile,fp32,0,,bf16,True,False,global,forward,True,0.125
length,4096,64,True,normal,1.0,1,128,1.0,3,fp32,128,False,3.563988688615183e-07,1.1155093658022447e-07,5,8.37551286743061e-07,22.98289591079326,fp32,128,32,tensor,fp32,0,,fp32,False,False,global,forward,True,0.125
length,4096,64,True,normal,1.0,1,128,1.0,3,bf16,128,False,0.009329512931802508,0.002900726217004944,4,0.0192828217555358,22.98289591079326,bf16,128,32,tensor,fp32,0,,bf16,False,False,global,forward,True,0.125
length,4096,64,True,normal,1.0,1,128,1.0,3,e4_tensor,128,False,0.14212703704833984,0.040148620546567745,5,0.3096687429855081,22.98289591079326,e4m3,128,32,tensor,fp32,0,,bf16,False,False,global,forward,True,0.125
length,4096,64,True,normal,1.0,1,128,1.0,3,e5_tensor,128,False,0.2818757520262505,0.08015692365200043,3,0.601533759106493,22.98289591079326,e5m2,128,32,tensor,fp32,0,,bf16,False,False,global,forward,True,0.125
length,4096,64,True,normal,1.0,1,128,1.0,3,e4_tile,128,False,0.10703725748291082,0.03455128732257864,15,0.20387674619929613,22.98289591079326,e4m3,128,32,tile,fp32,0,,bf16,False,False,global,forward,True,0.125
length,4096,64,True,normal,1.0,1,128,1.0,3,e4_rotate,128,False,0.09969730469190141,0.03666539337218354,2,0.27571828607638804,22.98289591079326,e4m3,128,32,tile,fp32,0,,bf16,True,False,global,forward,True,0.125
length,4096,64,True,normal,1.0,1,128,1.0,17,fp32,128,False,2.7133344437935136e-07,1.1819717742571132e-07,10,7.692649139195598e-07,20.663536867758204,fp32,128,32,tensor,fp32,0,,fp32,False,False,global,forward,True,0.125
length,4096,64,True,normal,1.0,1,128,1.0,17,bf16,128,False,0.013331736355509438,0.0029753588329486567,1,0.02612821744904572,20.663536867758204,bf16,128,32,tensor,fp32,0,,bf16,False,False,global,forward,True,0.125
length,4096,64,True,normal,1.0,1,128,1.0,17,e4_tensor,128,False,0.09628700681071733,0.038940520512837994,24,0.2156166537897329,20.663536867758204,e4m3,128,32,tensor,fp32,0,,bf16,False,False,global,forward,True,0.125
length,4096,64,True,normal,1.0,1,128,1.0,17,e5_tensor,128,False,0.24715578397411264,0.0767042282542577,5,0.5462956124694758,20.663536867758204,e5m2,128,32,tensor,fp32,0,,bf16,False,False,global,forward,True,0.125
length,4096,64,True,normal,1.0,1,128,1.0,17,e4_tile,128,False,0.14550750189446804,0.04197132289836402,2,0.3071552177949192,20.663536867758204,e4m3,128,32,tile,fp32,0,,bf16,False,False,global,forward,True,0.125
length,4096,64,True,normal,1.0,1,128,1.0,17,e4_rotate,128,False,0.13827133178710938,0.036818051306605634,0,0.22780220872258408,20.663536867758204,e4m3,128,32,tile,fp32,0,,bf16,True,False,global,forward,True,0.125
length,4096,64,True,normal,1.0,1,128,1.0,29,fp32,128,False,2.4264032405518776e-07,1.1553973208292076e-07,10,5.920484706098907e-07,20.06226163888904,fp32,128,32,tensor,fp32,0,,fp32,False,False,global,forward,True,0.125
length,4096,64,True,normal,1.0,1,128,1.0,29,bf16,128,False,0.007995440724742231,0.0028564652490491393,1,0.019514382277059573,20.06226163888904,bf16,128,32,tensor,fp32,0,,bf16,False,False,global,forward,True,0.125
length,4096,64,True,normal,1.0,1,128,1.0,29,e4_tensor,128,False,0.09473760525470612,0.040430907953772445,3,0.23410023391295517,20.06226163888904,e4m3,128,32,tensor,fp32,0,,bf16,False,False,global,forward,True,0.125
length,4096,64,True,normal,1.0,1,128,1.0,29,e5_tensor,128,False,0.22240106662029388,0.0810223909715676,3,0.6539104778374671,20.06226163888904,e5m2,128,32,tensor,fp32,0,,bf16,False,False,global,forward,True,0.125
length,4096,64,True,normal,1.0,1,128,1.0,29,e4_tile,128,False,0.09523888767946809,0.039056771074422084,2,0.23441572002060665,20.06226163888904,e4m3,128,32,tile,fp32,0,,bf16,False,False,global,forward,True,0.125
length,4096,64,True,normal,1.0,1,128,1.0,29,e4_rotate,128,False,0.1051844117515377,0.04028720778423426,2,0.2411903986979729,20.06226163888904,e4m3,128,32,tile,fp32,0,,bf16,True,False,global,forward,True,0.125
length,4096,64,True,sharp,2.0,1,128,1.0,3,fp32,128,False,5.906009090672626e-06,5.024714750390633e-07,4084,2.0045475923284044e-05,108.52156535802382,fp32,128,32,tensor,fp32,0,,fp32,False,False,global,forward,True,0.125
length,4096,64,True,sharp,2.0,1,128,1.0,3,bf16,128,False,0.06368024013759462,0.005843533172475503,2064,0.16099806039830292,108.52156535802382,bf16,128,32,tensor,fp32,0,,bf16,False,False,global,forward,True,0.125
length,4096,64,True,sharp,2.0,1,128,1.0,3,e4_tensor,128,False,0.7671267605834514,0.08713012802564714,1048,2.4586992590609396,108.52156535802382,e4m3,128,32,tensor,fp32,0,,bf16,False,False,global,forward,True,0.125
length,4096,64,True,sharp,2.0,1,128,1.0,3,e5_tensor,128,False,1.5733823956454955,0.16770724497037232,20,4.774699552750797,108.52156535802382,e5m2,128,32,tensor,fp32,0,,bf16,False,False,global,forward,True,0.125
length,4096,64,True,sharp,2.0,1,128,1.0,3,e4_tile,128,False,0.8532082479679155,0.09545218936793903,1054,2.2588880330741463,108.52156535802382,e4m3,128,32,tile,fp32,0,,bf16,False,False,global,forward,True,0.125
length,4096,64,True,sharp,2.0,1,128,1.0,3,e4_rotate,128,False,0.8355193200561248,0.08269404341915891,2074,2.200814194516424,108.52156535802382,e4m3,128,32,tile,fp32,0,,bf16,True,False,global,forward,True,0.125
length,4096,64,True,sharp,2.0,1,128,1.0,17,fp32,128,False,5.05056197930287e-06,4.985556465521227e-07,1048,1.1885384631389773e-05,103.4887754033457,fp32,128,32,tensor,fp32,0,,fp32,False,False,global,forward,True,0.125
length,4096,64,True,sharp,2.0,1,128,1.0,17,bf16,128,False,0.04043080300020341,0.005310148525249515,1044,0.12016619682885427,103.4887754033457,bf16,128,32,tensor,fp32,0,,bf16,False,False,global,forward,True,0.125
length,4096,64,True,sharp,2.0,1,128,1.0,17,e4_tensor,128,False,0.6894243007095855,0.0813009644206086,2079,2.152733513807061,103.4887754033457,e4m3,128,32,tensor,fp32,0,,bf16,False,False,global,forward,True,0.125
length,4096,64,True,sharp,2.0,1,128,1.0,17,e5_tensor,128,False,1.8130934366859877,0.15833697437320035,2052,4.994617201449933,103.4887754033457,e5m2,128,32,tensor,fp32,0,,bf16,False,False,global,forward,True,0.125
length,4096,64,True,sharp,2.0,1,128,1.0,17,e4_tile,128,False,0.5982189640560245,0.07977052650338654,2055,2.046445237138654,103.4887754033457,e4m3,128,32,tile,fp32,0,,bf16,False,False,global,forward,True,0.125
length,4096,64,True,sharp,2.0,1,128,1.0,17,e4_rotate,128,False,0.7762331603621426,0.07665451249590839,2053,1.6141327749592327,103.4887754033457,e4m3,128,32,tile,fp32,0,,bf16,True,False,global,forward,True,0.125
length,4096,64,True,sharp,2.0,1,128,1.0,29,fp32,128,False,4.694117623271765e-06,4.646411199951003e-07,4087,1.3001140471480542e-05,102.54124536725615,fp32,128,32,tensor,fp32,0,,fp32,False,False,global,forward,True,0.125
length,4096,64,True,sharp,2.0,1,128,1.0,29,bf16,128,False,0.06622154115458834,0.005605406088334751,18,0.1505302101151288,102.54124536725615,bf16,128,32,tensor,fp32,0,,bf16,False,False,global,forward,True,0.125
length,4096,64,True,sharp,2.0,1,128,1.0,29,e4_tensor,128,False,0.7328802839900526,0.08655109539779224,2075,2.2932091366661607,102.54124536725615,e4m3,128,32,tensor,fp32,0,,bf16,False,False,global,forward,True,0.125
length,4096,64,True,sharp,2.0,1,128,1.0,29,e5_tensor,128,False,1.4962784588454117,0.1655631959996508,18,4.369991248105593,102.54124536725615,e5m2,128,32,tensor,fp32,0,,bf16,False,False,global,forward,True,0.125
length,4096,64,True,sharp,2.0,1,128,1.0,29,e4_tile,128,False,0.5726890907185598,0.07437373842150631,2075,1.611770836781928,102.54124536725615,e4m3,128,32,tile,fp32,0,,bf16,False,False,global,forward,True,0.125
length,4096,64,True,sharp,2.0,1,128,1.0,29,e4_rotate,128,False,0.5787564071928357,0.07775135913866357,5,1.9067637142283196,102.54124536725615,e4m3,128,32,tile,fp32,0,,bf16,True,False,global,forward,True,0.125
length,4096,64,True,outliers,1.0,8,128,1.0,3,fp32,128,False,2.2232507589592387e-05,9.397139336979698e-07,4068,4.430417486914423e-05,101.81970588303987,fp32,128,32,tensor,fp32,0,,fp32,False,False,global,forward,True,0.125
length,4096,64,True,outliers,1.0,8,128,1.0,3,bf16,128,False,0.24371069672214674,0.0077705342903957786,4087,0.367719054686657,101.81970588303987,bf16,128,32,tensor,fp32,0,,bf16,False,False,global,forward,True,0.125
length,4096,64,True,outliers,1.0,8,128,1.0,3,e4_tensor,128,False,1.6707878708494013,0.07366680711358617,4066,2.188285822589981,101.81970588303987,e4m3,128,32,tensor,fp32,0,,bf16,False,False,global,forward,True,0.125
length,4096,64,True,outliers,1.0,8,128,1.0,3,e5_tensor,128,False,8.77794608662154,0.2805714377905433,4081,10.98487594872981,101.81970588303987,e5m2,128,32,tensor,fp32,0,,bf16,False,False,global,forward,True,0.125
length,4096,64,True,outliers,1.0,8,128,1.0,3,e4_tile,128,False,3.0110815390058363,0.06692213454000333,26,3.8059457222235196,101.81970588303987,e4m3,128,32,tile,fp32,0,,bf16,False,False,global,forward,True,0.125
length,4096,64,True,outliers,1.0,8,128,1.0,3,e4_rotate,128,False,0.6586236043612841,0.04092074270884556,4078,1.076746071710067,101.81970588303987,e4m3,128,32,tile,fp32,0,,bf16,True,False,global,forward,True,0.125
length,4096,64,True,outliers,1.0,8,128,1.0,17,fp32,128,False,7.481845838830381e-05,1.627732689833355e-06,4086,0.00010235808229860731,98.91337929880191,fp32,128,32,tensor,fp32,0,,fp32,False,False,global,forward,True,0.125
length,4096,64,True,outliers,1.0,8,128,1.0,17,bf16,128,False,0.5513587618517578,0.016531120013576286,1040,0.5827466697917822,98.91337929880191,bf16,128,32,tensor,fp32,0,,bf16,False,False,global,forward,True,0.125
length,4096,64,True,outliers,1.0,8,128,1.0,17,e4_tensor,128,False,7.957608761851758,0.18618208167255668,1040,8.700421628163896,98.91337929880191,e4m3,128,32,tensor,fp32,0,,bf16,False,False,global,forward,True,0.125
length,4096,64,True,outliers,1.0,8,128,1.0,17,e5_tensor,128,False,8.685248416088328,0.32382311265811686,1045,11.533349439799988,98.91337929880191,e5m2,128,32,tensor,fp32,0,,bf16,False,False,global,forward,True,0.125
length,4096,64,True,outliers,1.0,8,128,1.0,17,e4_tile,128,False,2.4427211571721905,0.09831561331885659,2057,3.962337388555539,98.91337929880191,e4m3,128,32,tile,fp32,0,,bf16,False,False,global,forward,True,0.125
length,4096,64,True,outliers,1.0,8,128,1.0,17,e4_rotate,128,False,1.3947247993654899,0.04884493170114479,1029,1.4362156719538048,98.91337929880191,e4m3,128,32,tile,fp32,0,,bf16,True,False,global,forward,True,0.125
length,4096,64,True,outliers,1.0,8,128,1.0,29,fp32,128,False,2.6907479209192786e-05,1.5689724780418803e-06,4092,4.550155629066105e-05,73.11239298863595,fp32,128,32,tensor,fp32,0,,fp32,False,False,global,forward,True,0.125
length,4096,64,True,outliers,1.0,8,128,1.0,29,bf16,128,False,0.20593842173317456,0.013584602482484144,4092,0.4527635190566577,73.11239298863595,bf16,128,32,tensor,fp32,0,,bf16,False,False,global,forward,True,0.125
length,4096,64,True,outliers,1.0,8,128,1.0,29,e4_tensor,128,False,3.2763775408795457,0.2414517114755105,1028,6.107441451108004,73.11239298863595,e4m3,128,32,tensor,fp32,0,,bf16,False,False,global,forward,True,0.125
length,4096,64,True,outliers,1.0,8,128,1.0,29,e5_tensor,128,False,7.442499078266826,0.34234256898224547,4067,8.489735949992758,73.11239298863595,e5m2,128,32,tensor,fp32,0,,bf16,False,False,global,forward,True,0.125
length,4096,64,True,outliers,1.0,8,128,1.0,29,e4_tile,128,False,1.8401841642600443,0.16563941006539237,1048,4.205176784628356,73.11239298863595,e4m3,128,32,tile,fp32,0,,bf16,False,False,global,forward,True,0.125
length,4096,64,True,outliers,1.0,8,128,1.0,29,e4_rotate,128,False,0.7337603236119663,0.053537485327274904,4092,1.105968598127676,73.11239298863595,e4m3,128,32,tile,fp32,0,,bf16,True,False,global,forward,True,0.125
length,4096,128,False,flat,0.25,1,128,1.0,3,fp32,128,False,6.423698527963095e-09,2.3755617589869104e-07,2055,1.6563000036610558e-08,0.5624607610001511,fp32,128,32,tensor,fp32,0,,fp32,False,False,global,forward,False,0.08838834764831843
length,4096,128,False,flat,0.25,1,128,1.0,3,bf16,128,False,5.456001087951641e-05,0.0025548769480205325,2070,0.00014542406687135886,0.5624607610001511,bf16,128,32,tensor,fp32,0,,bf16,False,False,global,forward,False,0.08838834764831843
length,4096,128,False,flat,0.25,1,128,1.0,3,e4_tensor,128,False,0.0005556850757995378,0.032718514823138506,4081,0.0017773815972306577,0.5624607610001511,e4m3,128,32,tensor,fp32,0,,bf16,False,False,global,forward,False,0.08838834764831843
length,4096,128,False,flat,0.25,1,128,1.0,3,e5_tensor,128,False,0.0011294627522503587,0.06383189707233503,2069,0.003649492182352007,0.5624607610001511,e5m2,128,32,tensor,fp32,0,,bf16,False,False,global,forward,False,0.08838834764831843
length,4096,128,False,flat,0.25,1,128,1.0,3,e4_tile,128,False,0.000696350954315029,0.03315433230611769,4076,0.0019193933590875845,0.5624607610001511,e4m3,128,32,tile,fp32,0,,bf16,False,False,global,forward,False,0.08838834764831843
length,4096,128,False,flat,0.25,1,128,1.0,3,e4_rotate,128,False,0.0006426382289311354,0.0329563060444943,17,0.0018406867092654578,0.5624607610001511,e4m3,128,32,tile,fp32,0,,bf16,True,False,global,forward,False,0.08838834764831843
length,4096,128,False,flat,0.25,1,128,1.0,17,fp32,128,False,8.059327755507995e-09,2.568808237837602e-07,29,1.738434268374556e-08,0.5363435289750433,fp32,128,32,tensor,fp32,0,,fp32,False,False,global,forward,False,0.08838834764831843
length,4096,128,False,flat,0.25,1,128,1.0,17,bf16,128,False,6.171433178818811e-05,0.0026867435005558816,4088,0.0001466063631841735,0.5363435289750433,bf16,128,32,tensor,fp32,0,,bf16,False,False,global,forward,False,0.08838834764831843
length,4096,128,False,flat,0.25,1,128,1.0,17,e4_tensor,128,False,0.0006364524196836412,0.03376269990286339,4068,0.001871674972709776,0.5363435289750433,e4m3,128,32,tensor,fp32,0,,bf16,False,False,global,forward,False,0.08838834764831843
length,4096,128,False,flat,0.25,1,128,1.0,17,e5_tensor,128,False,0.0010993403642366596,0.06959377553669276,2053,0.0038688042871504826,0.5363435289750433,e5m2,128,32,tensor,fp32,0,,bf16,False,False,global,forward,False,0.08838834764831843
length,4096,128,False,flat,0.25,1,128,1.0,17,e4_tile,128,False,0.0006996710693436973,0.03416596999591711,4068,0.0018467279333619006,0.5363435289750433,e4m3,128,32,tile,fp32,0,,bf16,False,False,global,forward,False,0.08838834764831843
length,4096,128,False,flat,0.25,1,128,1.0,17,e4_rotate,128,False,0.0005625210241498356,0.03428855800052301,4095,0.0018275893381744018,0.5363435289750433,e4m3,128,32,tile,fp32,0,,bf16,True,False,global,forward,False,0.08838834764831843
length,4096,128,False,flat,0.25,1,128,1.0,29,fp32,128,False,6.0553601351903685e-09,2.494950538068695e-07,4070,1.5508265692446957e-08,0.50418487953244,fp32,128,32,tensor,fp32,0,,fp32,False,False,global,forward,False,0.08838834764831843
length,4096,128,False,flat,0.25,1,128,1.0,29,bf16,128,False,4.872359009562739e-05,0.002731040603427836,2067,0.0001428897930347359,0.50418487953244,bf16,128,32,tensor,fp32,0,,bf16,False,False,global,forward,False,0.08838834764831843
length,4096,128,False,flat,0.25,1,128,1.0,29,e4_tensor,128,False,0.0005513105700598701,0.03603634897774362,1037,0.0018206323698692593,0.50418487953244,e4m3,128,32,tensor,fp32,0,,bf16,False,False,global,forward,False,0.08838834764831843
length,4096,128,False,flat,0.25,1,128,1.0,29,e5_tensor,128,False,0.0012361929971782984,0.07563845664074806,4086,0.0037427826928550204,0.50418487953244,e5m2,128,32,tensor,fp32,0,,bf16,False,False,global,forward,False,0.08838834764831843
length,4096,128,False,flat,0.25,1,128,1.0,29,e4_tile,128,False,0.000535816609087531,0.03615923336058762,2063,0.001855565780479753,0.50418487953244,e4m3,128,32,tile,fp32,0,,bf16,False,False,global,forward,False,0.08838834764831843
length,4096,128,False,flat,0.25,1,128,1.0,29,e4_rotate,128,False,0.0005402244422577946,0.036030969974873636,4075,0.0018622080602638921,0.50418487953244,e4m3,128,32,tile,fp32,0,,bf16,True,False,global,forward,False,0.08838834764831843
length,4096,128,False,normal,1.0,1,128,1.0,3,fp32,128,False,5.503670276463257e-08,3.037234335584774e-07,14,1.4556137386950713e-07,3.4956492464861704,fp32,128,32,tensor,fp32,0,,fp32,False,False,global,forward,False,0.08838834764831843
length,4096,128,False,normal,1.0,1,128,1.0,3,bf16,128,False,0.0004321452956855404,0.0034957331036933356,18,0.0013677223185565167,3.4956492464861704,bf16,128,32,tensor,fp32,0,,bf16,False,False,global,forward,False,0.08838834764831843
length,4096,128,False,normal,1.0,1,128,1.0,3,e4_tensor,128,False,0.006107958687613317,0.05045983656055225,17,0.022127794056699478,3.4956492464861704,e4m3,128,32,tensor,fp32,0,,bf16,False,False,global,forward,False,0.08838834764831843
length,4096,128,False,normal,1.0,1,128,1.0,3,e5_tensor,128,False,0.011035316406982597,0.09715178799593129,17,0.04051935696690214,3.4956492464861704,e5m2,128,32,tensor,fp32,0,,bf16,False,False,global,forward,False,0.08838834764831843
length,4096,128,False,normal,1.0,1,128,1.0,3,e4_tile,128,False,0.005737232452100033,0.04952342845513418,1029,0.020814593151708628,3.4956492464861704,e4m3,128,32,tile,fp32,0,,bf16,False,False,global,forward,False,0.08838834764831843
length,4096,128,False,normal,1.0,1,128,1.0,3,e4_rotate,128,False,0.006498693639754274,0.05010746194226011,17,0.02287520235925476,3.4956492464861704,e4m3,128,32,tile,fp32,0,,bf16,True,False,global,forward,False,0.08838834764831843
length,4096,128,False,normal,1.0,1,128,1.0,17,fp32,128,False,5.1818022761551674e-08,3.062885696503751e-07,2066,1.440371026839589e-07,3.4276849609624818,fp32,128,32,tensor,fp32,0,,fp32,False,False,global,forward,False,0.08838834764831843
length,4096,128,False,normal,1.0,1,128,1.0,17,bf16,128,False,0.0004492207855488345,0.0036481863015831385,4070,0.0014437660681542752,3.4276849609624818,bf16,128,32,tensor,fp32,0,,bf16,False,False,global,forward,False,0.08838834764831843
length,4096,128,False,normal,1.0,1,128,1.0,17,e4_tensor,128,False,0.006451299650879434,0.05096468011607793,4068,0.020904048518505778,3.4276849609624818,e4m3,128,32,tensor,fp32,0,,bf16,False,False,global,forward,False,0.08838834764831843
length,4096,128,False,normal,1.0,1,128,1.0,17,e5_tensor,128,False,0.014086845201266377,0.1016334083767665,1054,0.04239734344045449,3.4276849609624818,e5m2,128,32,tensor,fp32,0,,bf16,False,False,global,forward,False,0.08838834764831843
length,4096,128,False,normal,1.0,1,128,1.0,17,e4_tile,128,False,0.006326239863725382,0.05165660531214013,4068,0.023498518345732616,3.4276849609624818,e4m3,128,32,tile,fp32,0,,bf16,False,False,global,forward,False,0.08838834764831843
length,4096,128,False,normal,1.0,1,128,1.0,17,e4_rotate,128,False,0.006004540538695463,0.05144139159204982,2066,0.023569214014933816,3.4276849609624818,e4m3,128,32,tile,fp32,0,,bf16,True,False,global,forward,False,0.08838834764831843
length,4096,128,False,normal,1.0,1,128,1.0,29,fp32,128,False,4.497576933798486e-08,3.0693659596990265e-07,4086,1.544528946280179e-07,3.347521978787404,fp32,128,32,tensor,fp32,0,,fp32,False,False,global,forward,False,0.08838834764831843
length,4096,128,False,normal,1.0,1,128,1.0,29,bf16,128,False,0.0005039074824466291,0.0037229183573296233,4067,0.0022105187484559243,3.347521978787404,bf16,128,32,tensor,fp32,0,,bf16,False,False,global,forward,False,0.08838834764831843
length,4096,128,False,normal,1.0,1,128,1.0,29,e4_tensor,128,False,0.006912464916234673,0.05310548795474056,4067,0.02674199453753206,3.347521978787404,e4m3,128,32,tensor,fp32,0,,bf16,False,False,global,forward,False,0.08838834764831843
length,4096,128,False,normal,1.0,1,128,1.0,29,e5_tensor,128,False,0.012769395699234465,0.10835795519433564,4067,0.04917427454058851,3.347521978787404,e5m2,128,32,tensor,fp32,0,,bf16,False,False,global,forward,False,0.08838834764831843
length,4096,128,False,normal,1.0,1,128,1.0,29,e4_tile,128,False,0.005734117014330579,0.05357676074417686,2062,0.022625379797518125,3.347521978787404,e4m3,128,32,tile,fp32,0,,bf16,False,False,global,forward,False,0.08838834764831843
length,4096,128,False,normal,1.0,1,128,1.0,29,e4_rotate,128,False,0.005904917896265327,0.05318845859353526,4067,0.024120845344759466,3.347521978787404,e4m3,128,32,tile,fp32,0,,bf16,True,False,global,forward,False,0.08838834764831843
length,4096,128,False,sharp,2.0,1,128,1.0,3,fp32,128,False,7.87503285304414e-06,7.327947086970505e-07,14,2.357692440301634e-05,116.55016403897864,fp32,128,32,tensor,fp32,0,,fp32,False,False,global,forward,False,0.08838834764831843
length,4096,128,False,sharp,2.0,1,128,1.0,3,bf16,128,False,0.06429523951573268,0.005894190365734486,14,0.18457405444091346,116.55016403897864,bf16,128,32,tensor,fp32,0,,bf16,False,False,global,forward,False,0.08838834764831843
length,4096,128,False,sharp,2.0,1,128,1.0,3,e4_tensor,128,False,0.7797917840251052,0.10209292104951728,17,2.8725558351858997,116.55016403897864,e4m3,128,32,tensor,fp32,0,,bf16,False,False,global,forward,False,0.08838834764831843
length,4096,128,False,sharp,2.0,1,128,1.0,3,e5_tensor,128,False,1.556588031807543,0.19821865597608923,11,5.521919820039203,116.55016403897864,e5m2,128,32,tensor,fp32,0,,bf16,False,False,global,forward,False,0.08838834764831843
length,4096,128,False,sharp,2.0,1,128,1.0,3,e4_tile,128,False,0.70856093183678,0.09108250233207543,1029,2.921403808220541,116.55016403897864,e4m3,128,32,tile,fp32,0,,bf16,False,False,global,forward,False,0.08838834764831843
length,4096,128,False,sharp,2.0,1,128,1.0,3,e4_rotate,128,False,0.7909630318075429,0.09716393776296599,17,2.5162843651225786,116.55016403897864,e4m3,128,32,tile,fp32,0,,bf16,True,False,global,forward,False,0.08838834764831843
length,4096,128,False,sharp,2.0,1,128,1.0,17,fp32,128,False,4.981158752581649e-06,6.541727579851392e-07,1054,1.870499257400365e-05,113.24190797068931,fp32,128,32,tensor,fp32,0,,fp32,False,False,global,forward,False,0.08838834764831843
length,4096,128,False,sharp,2.0,1,128,1.0,17,bf16,128,False,0.03615078595972432,0.006468159893742816,2079,0.15301366415345377,113.24190797068931,bf16,128,32,tensor,fp32,0,,bf16,False,False,global,forward,False,0.08838834764831843
length,4096,128,False,sharp,2.0,1,128,1.0,17,e4_tensor,128,False,0.6048337414579568,0.09934378946330713,20,2.541971481503298,113.24190797068931,e4m3,128,32,tensor,fp32,0,,bf16,False,False,global,forward,False,0.08838834764831843
length,4096,128,False,sharp,2.0,1,128,1.0,17,e5_tensor,128,False,1.209926271128221,0.1678839271730121,4077,4.2897970743045235,113.24190797068931,e5m2,128,32,tensor,fp32,0,,bf16,False,False,global,forward,False,0.08838834764831843
length,4096,128,False,sharp,2.0,1,128,1.0,17,e4_tile,128,False,0.7501407221001775,0.09664060365814982,1046,3.136018565018933,113.24190797068931,e4m3,128,32,tile,fp32,0,,bf16,False,False,global,forward,False,0.08838834764831843
length,4096,128,False,sharp,2.0,1,128,1.0,17,e4_rotate,128,False,0.6107713858608486,0.08965051104242269,24,2.183393766364744,113.24190797068931,e4m3,128,32,tile,fp32,0,,bf16,True,False,global,forward,False,0.08838834764831843
length,4096,128,False,sharp,2.0,1,128,1.0,29,fp32,128,False,3.771674973007677e-06,5.638581540941623e-07,28,1.4827631298899179e-05,122.44124203066649,fp32,128,32,tensor,fp32,0,,fp32,False,False,global,forward,False,0.08838834764831843
length,4096,128,False,sharp,2.0,1,128,1.0,29,bf16,128,False,0.050087626284148534,0.006265073260912593,2072,0.21145725653946734,122.44124203066649,bf16,128,32,tensor,fp32,0,,bf16,False,False,global,forward,False,0.08838834764831843
length,4096,128,False,sharp,2.0,1,128,1.0,29,e4_tensor,128,False,0.9795555688470436,0.0914487657756821,2055,3.2042293393299284,122.44124203066649,e4m3,128,32,tensor,fp32,0,,bf16,False,False,global,forward,False,0.08838834764831843
length,4096,128,False,sharp,2.0,1,128,1.0,29,e5_tensor,128,False,1.3078199951753122,0.18408661861858813,4069,5.0609820400606615,122.44124203066649,e5m2,128,32,tensor,fp32,0,,bf16,False,False,global,forward,False,0.08838834764831843
length,4096,128,False,sharp,2.0,1,128,1.0,29,e4_tile,128,False,0.910263007342059,0.088718029928082,4092,2.757186034029677,122.44124203066649,e4m3,128,32,tile,fp32,0,,bf16,False,False,global,forward,False,0.08838834764831843
length,4096,128,False,sharp,2.0,1,128,1.0,29,e4_rotate,128,False,0.7974051348308859,0.09498494104985067,2068,2.9898316501587625,122.44124203066649,e4m3,128,32,tile,fp32,0,,bf16,True,False,global,forward,False,0.08838834764831843
length,4096,128,False,outliers,1.0,8,128,1.0,3,fp32,128,False,3.543299988395532e-05,2.044079466982139e-06,1027,4.6699027560683656e-05,65.38753659148993,fp32,128,32,tensor,fp32,0,,fp32,False,False,global,forward,False,0.08838834764831843
length,4096,128,False,outliers,1.0,8,128,1.0,3,bf16,128,False,0.4208623688503721,0.025111021686355137,2050,0.5593422588295812,65.38753659148993,bf16,128,32,tensor,fp32,0,,bf16,False,False,global,forward,False,0.08838834764831843
length,4096,128,False,outliers,1.0,8,128,1.0,3,e4_tensor,128,False,3.957132371347677,0.211573520976106,4072,5.015070251755296,65.38753659148993,e4m3,128,32,tensor,fp32,0,,bf16,False,False,global,forward,False,0.08838834764831843
length,4096,128,False,outliers,1.0,8,128,1.0,3,e5_tensor,128,False,10.891637631149628,0.6577489630725141,0,13.832082481969678,65.38753659148993,e5m2,128,32,tensor,fp32,0,,bf16,False,False,global,forward,False,0.08838834764831843
length,4096,128,False,outliers,1.0,8,128,1.0,3,e4_tile,128,False,1.891637631149628,0.09515246842724198,0,2.291147838241145,65.38753659148993,e4m3,128,32,tile,fp32,0,,bf16,False,False,global,forward,False,0.08838834764831843
length,4096,128,False,outliers,1.0,8,128,1.0,3,e4_rotate,128,False,0.8874525110180724,0.05544225871241145,1027,1.105813108837414,65.38753659148993,e4m3,128,32,tile,fp32,0,,bf16,True,False,global,forward,False,0.08838834764831843
length,4096,128,False,outliers,1.0,8,128,1.0,17,fp32,128,False,2.093557128968193e-05,2.148597092055339e-06,3,3.636244634929717e-05,59.8237611800357,fp32,128,32,tensor,fp32,0,,fp32,False,False,global,forward,False,0.08838834764831843
length,4096,128,False,outliers,1.0,8,128,1.0,17,bf16,128,False,0.1717265177690459,0.024096439410077906,2063,0.4761023175406875,59.8237611800357,bf16,128,32,tensor,fp32,0,,bf16,False,False,global,forward,False,0.08838834764831843
length,4096,128,False,outliers,1.0,8,128,1.0,17,e4_tensor,128,False,1.9713378728010618,0.17308663345540626,2060,3.69316788767794,59.8237611800357,e4m3,128,32,tensor,fp32,0,,bf16,False,False,global,forward,False,0.08838834764831843
length,4096,128,False,outliers,1.0,8,128,1.0,17,e5_tensor,128,False,6.621104535356395,0.5601122400990697,4086,9.262449951886724,59.8237611800357,e5m2,128,32,tensor,fp32,0,,bf16,False,False,global,forward,False,0.08838834764831843
length,4096,128,False,outliers,1.0,8,128,1.0,17,e4_tile,128,False,0.9594103838485326,0.09454732043449202,4094,1.8942564135497815,59.8237611800357,e4m3,128,32,tile,fp32,0,,bf16,False,False,global,forward,False,0.08838834764831843
length,4096,128,False,outliers,1.0,8,128,1.0,17,e4_rotate,128,False,0.9445814915629587,0.07069441286236909,1048,1.3806495596079753,59.8237611800357,e4m3,128,32,tile,fp32,0,,bf16,True,False,global,forward,False,0.08838834764831843
length,4096,128,False,outliers,1.0,8,128,1.0,29,fp32,128,False,3.6200725427093516e-05,1.6240458911822526e-06,2058,5.33042689809088e-05,80.94745393552715,fp32,128,32,tensor,fp32,0,,fp32,False,False,global,forward,False,0.08838834764831843
length,4096,128,False,outliers,1.0,8,128,1.0,29,bf16,128,False,0.1434393318063112,0.008208285269421425,2058,0.22384186229890599,80.94745393552715,bf16,128,32,tensor,fp32,0,,bf16,False,False,global,forward,False,0.08838834764831843
length,4096,128,False,outliers,1.0,8,128,1.0,29,e4_tensor,128,False,1.5761222566312902,0.15714907372375705,2055,4.132959418187762,80.94745393552715,e4m3,128,32,tensor,fp32,0,,bf16,False,False,global,forward,False,0.08838834764831843
length,4096,128,False,outliers,1.0,8,128,1.0,29,e5_tensor,128,False,7.917536511355499,0.5882781471174228,4069,12.917548748797278,80.94745393552715,e5m2,128,32,tensor,fp32,0,,bf16,False,False,global,forward,False,0.08838834764831843
length,4096,128,False,outliers,1.0,8,128,1.0,29,e4_tile,128,False,2.6073722566312902,0.07543632534770715,6,3.177095403471572,80.94745393552715,e4m3,128,32,tile,fp32,0,,bf16,False,False,global,forward,False,0.08838834764831843
length,4096,128,False,outliers,1.0,8,128,1.0,29,e4_rotate,128,False,0.6298531953085833,0.04410057612077798,16,0.8713075142006952,80.94745393552715,e4m3,128,32,tile,fp32,0,,bf16,True,False,global,forward,False,0.08838834764831843
length,4096,128,True,flat,0.25,1,128,1.0,3,fp32,128,False,3.2825695495120044e-08,7.116316646441451e-08,1,1.1490361944973927e-07,5.7301265742606295,fp32,128,32,tensor,fp32,0,,fp32,False,False,global,forward,True,0.08838834764831843
length,4096,128,True,flat,0.25,1,128,1.0,3,bf16,128,False,0.002093303169615854,0.00250904095665687,1,0.006090996464855837,5.7301265742606295,bf16,128,32,tensor,fp32,0,,bf16,False,False,global,forward,True,0.08838834764831843
length,4096,128,True,flat,0.25,1,128,1.0,3,e4_tensor,128,False,0.021940171718597412,0.03250221514226915,0,0.08709144926819198,5.7301265742606295,e4m3,128,32,tensor,fp32,0,,bf16,False,False,global,forward,True,0.08838834764831843
length,4096,128,True,flat,0.25,1,128,1.0,3,e5_tensor,128,False,0.04085373878479004,0.06336270645816991,0,0.16127773284071856,5.7301265742606295,e5m2,128,32,tensor,fp32,0,,bf16,False,False,global,forward,True,0.08838834764831843
length,4096,128,True,flat,0.25,1,128,1.0,3,e4_tile,128,False,0.035101890563964844,0.032990200181456035,0,0.09062372513899507,5.7301265742606295,e4m3,128,32,tile,fp32,0,,bf16,False,False,global,forward,True,0.08838834764831843
length,4096,128,True,flat,0.25,1,128,1.0,3,e4_rotate,128,False,0.035101890563964844,0.03289184048403875,0,0.09062372513899507,5.7301265742606295,e4m3,128,32,tile,fp32,0,,bf16,True,False,global,forward,True,0.08838834764831843
length,4096,128,True,flat,0.25,1,128,1.0,17,fp32,128,False,4.562518207684718e-08,7.418691637575204e-08,8,1.275187274927635e-07,5.900541716800531,fp32,128,32,tensor,fp32,0,,fp32,False,False,global,forward,True,0.08838834764831843
length,4096,128,True,flat,0.25,1,128,1.0,17,bf16,128,False,0.0014838473937454078,0.0022857592791949662,1,0.004919444005447766,5.900541716800531,bf16,128,32,tensor,fp32,0,,bf16,False,False,global,forward,True,0.08838834764831843
length,4096,128,True,flat,0.25,1,128,1.0,17,e4_tensor,128,False,0.022205352783203125,0.032475420827571586,1,0.06846723707223434,5.900541716800531,e4m3,128,32,tensor,fp32,0,,bf16,False,False,global,forward,True,0.08838834764831843
length,4096,128,True,flat,0.25,1,128,1.0,17,e5_tensor,128,False,0.06763839721679688,0.06055434133825954,0,0.16290658814072392,5.900541716800531,e5m2,128,32,tensor,fp32,0,,bf16,False,False,global,forward,True,0.08838834764831843
length,4096,128,True,flat,0.25,1,128,1.0,17,e4_tile,128,False,0.02003615977051909,0.029997241149826943,0,0.06394835529871802,5.900541716800531,e4m3,128,32,tile,fp32,0,,bf16,False,False,global,forward,True,0.08838834764831843
length,4096,128,True,flat,0.25,1,128,1.0,17,e4_rotate,128,False,0.01955677528953942,0.030387936445336484,2,0.06412949208405133,5.900541716800531,e4m3,128,32,tile,fp32,0,,bf16,True,False,global,forward,True,0.08838834764831843
length,4096,128,True,flat,0.25,1,128,1.0,29,fp32,128,False,4.092275415756852e-08,7.102355729346744e-08,1,1.0497299560066253e-07,6.126536362133516,fp32,128,32,tensor,fp32,0,,fp32,False,False,global,forward,True,0.08838834764831843
length,4096,128,True,flat,0.25,1,128,1.0,29,bf16,128,False,0.001471070382717432,0.0023806832551950792,1,0.005733459089608643,6.126536362133516,bf16,128,32,tensor,fp32,0,,bf16,False,False,global,forward,True,0.08838834764831843
length,4096,128,True,flat,0.25,1,128,1.0,29,e4_tensor,128,False,0.028162211179733276,0.03164338739489143,0,0.08884513162237305,6.126536362133516,e4m3,128,32,tensor,fp32,0,,bf16,False,False,global,forward,True,0.08838834764831843
length,4096,128,True,flat,0.25,1,128,1.0,29,e5_tensor,128,False,0.039086729288101196,0.06148384793653014,0,0.15590393910241343,6.126536362133516,e5m2,128,32,tensor,fp32,0,,bf16,False,False,global,forward,True,0.08838834764831843
length,4096,128,True,flat,0.25,1,128,1.0,29,e4_tile,128,False,0.03142714500427246,0.03104679984850523,0,0.0801900720882223,6.126536362133516,e4m3,128,32,tile,fp32,0,,bf16,False,False,global,forward,True,0.08838834764831843
length,4096,128,True,flat,0.25,1,128,1.0,29,e4_rotate,128,False,0.03142714500427246,0.031264303273302194,0,0.0801900720882223,6.126536362133516,e4m3,128,32,tile,fp32,0,,bf16,True,False,global,forward,True,0.08838834764831843
length,4096,128,True,normal,1.0,1,128,1.0,3,fp32,128,False,4.284853065694705e-07,1.2391391254093055e-07,16,1.0764585428343808e-06,29.696835325378856,fp32,128,32,tensor,fp32,0,,fp32,False,False,global,forward,True,0.08838834764831843
length,4096,128,True,normal,1.0,1,128,1.0,3,bf16,128,False,0.012519851270443194,0.0030631736516067553,1,0.029738496299598585,29.696835325378856,bf16,128,32,tensor,fp32,0,,bf16,False,False,global,forward,True,0.08838834764831843
length,4096,128,True,normal,1.0,1,128,1.0,3,e4_tensor,128,False,0.08776068687438965,0.03939454672853921,0,0.34836579707276794,29.696835325378856,e4m3,128,32,tensor,fp32,0,,bf16,False,False,global,forward,True,0.08838834764831843
length,4096,128,True,normal,1.0,1,128,1.0,3,e5_tensor,128,False,0.2687301487295568,0.08095424619703732,1,0.7282960706295665,29.696835325378856,e5m2,128,32,tensor,fp32,0,,bf16,False,False,global,forward,True,0.08838834764831843
length,4096,128,True,normal,1.0,1,128,1.0,3,e4_tile,128,False,0.14040756225585938,0.03896713394977582,0,0.36249490055598027,29.696835325378856,e4m3,128,32,tile,fp32,0,,bf16,False,False,global,forward,True,0.08838834764831843
length,4096,128,True,normal,1.0,1,128,1.0,3,e4_rotate,128,False,0.14040756225585938,0.03915915293905958,0,0.36249490055598027,29.696835325378856,e4m3,128,32,tile,fp32,0,,bf16,True,False,global,forward,True,0.08838834764831843
length,4096,128,True,normal,1.0,1,128,1.0,17,fp32,128,False,3.3205886174059174e-07,1.1357532515315098e-07,28,8.610545006267368e-07,30.331179013301604,fp32,128,32,tensor,fp32,0,,fp32,False,False,global,forward,True,0.08838834764831843
length,4096,128,True,normal,1.0,1,128,1.0,17,bf16,128,False,0.00865947234541764,0.002636641379100292,2,0.021852924357943906,30.331179013301604,bf16,128,32,tensor,fp32,0,,bf16,False,False,global,forward,True,0.08838834764831843
length,4096,128,True,normal,1.0,1,128,1.0,17,e4_tensor,128,False,0.0888214111328125,0.03641007929959364,11,0.3019269974551909,30.331179013301604,e4m3,128,32,tensor,fp32,0,,bf16,False,False,global,forward,True,0.08838834764831843
length,4096,128,True,normal,1.0,1,128,1.0,17,e5_tensor,128,False,0.2705535888671875,0.0745031408049821,0,0.6516263525628957,30.331179013301604,e5m2,128,32,tensor,fp32,0,,bf16,False,False,global,forward,True,0.08838834764831843
length,4096,128,True,normal,1.0,1,128,1.0,17,e4_tile,128,False,0.0891914034690664,0.03785277291354393,7,0.34342651963647797,30.331179013301604,e4m3,128,32,tile,fp32,0,,bf16,False,False,global,forward,True,0.08838834764831843
length,4096,128,True,normal,1.0,1,128,1.0,17,e4_rotate,128,False,0.08800537223373284,0.035634960238768845,9,0.32308144813437795,30.331179013301604,e4m3,128,32,tile,fp32,0,,bf16,True,False,global,forward,True,0.08838834764831843
length,4096,128,True,normal,1.0,1,128,1.0,29,fp32,128,False,5.607452162603721e-07,1.3742177058342667e-07,27,1.6252441628110893e-06,29.247599709739035,fp32,128,32,tensor,fp32,0,,fp32,False,False,global,forward,True,0.08838834764831843
length,4096,128,True,normal,1.0,1,128,1.0,29,bf16,128,False,0.008949083468728691,0.002958517220840544,1,0.025365855825009036,29.247599709739035,bf16,128,32,tensor,fp32,0,,bf16,False,False,global,forward,True,0.08838834764831843
length,4096,128,True,normal,1.0,1,128,1.0,29,e4_tensor,128,False,0.1126488447189331,0.0391322216059774,2,0.3909818430321787,29.247599709739035,e4m3,128,32,tensor,fp32,0,,bf16,False,False,global,forward,True,0.08838834764831843
length,4096,128,True,normal,1.0,1,128,1.0,29,e5_tensor,128,False,0.17870661806012356,0.07746259099020891,16,0.696989265805701,29.247599709739035,e5m2,128,32,tensor,fp32,0,,bf16,False,False,global,forward,True,0.08838834764831843
length,4096,128,True,normal,1.0,1,128,1.0,29,e4_tile,128,False,0.12570858001708984,0.03876722999244135,0,0.3207602883528892,29.247599709739035,e4m3,128,32,tile,fp32,0,,bf16,False,False,global,forward,True,0.08838834764831843
length,4096,128,True,normal,1.0,1,128,1.0,29,e4_rotate,128,False,0.12570858001708984,0.038770919248125445,1,0.32184796982517505,29.247599709739035,e4m3,128,32,tile,fp32,0,,bf16,True,False,global,forward,True,0.08838834764831843
length,4096,128,True,sharp,2.0,1,128,1.0,3,fp32,128,False,5.874752626255919e-06,4.970944310541414e-07,4070,2.0681810206896647e-05,147.38528675014783,fp32,128,32,tensor,fp32,0,,fp32,False,False,global,forward,True,0.08838834764831843
length,4096,128,True,sharp,2.0,1,128,1.0,3,bf16,128,False,0.06843538927595054,0.005193848274354567,1,0.23306696004120928,147.38528675014783,bf16,128,32,tensor,fp32,0,,bf16,False,False,global,forward,True,0.08838834764831843
length,4096,128,True,sharp,2.0,1,128,1.0,3,e4_tensor,128,False,0.912424060890344,0.08201666339576003,2075,2.6656303474116063,147.38528675014783,e4m3,128,32,tensor,fp32,0,,bf16,False,False,global,forward,True,0.08838834764831843
length,4096,128,True,sharp,2.0,1,128,1.0,3,e5_tensor,128,False,1.3377526572868637,0.15118681507520898,4078,4.755725151340475,147.38528675014783,e5m2,128,32,tensor,fp32,0,,bf16,False,False,global,forward,True,0.08838834764831843
length,4096,128,True,sharp,2.0,1,128,1.0,3,e4_tile,128,False,0.556540260979477,0.0699370867396573,2048,2.3434339816011907,147.38528675014783,e4m3,128,32,tile,fp32,0,,bf16,False,False,global,forward,True,0.08838834764831843
length,4096,128,True,sharp,2.0,1,128,1.0,3,e4_rotate,128,False,0.6436934207242193,0.07078500552011265,4092,1.8799902357891976,147.38528675014783,e4m3,128,32,tile,fp32,0,,bf16,True,False,global,forward,True,0.08838834764831843
length,4096,128,True,sharp,2.0,1,128,1.0,17,fp32,128,False,4.6912128910392425e-06,4.283533296748574e-07,1044,1.8057201150675177e-05,152.37395891587673,fp32,128,32,tensor,fp32,0,,fp32,False,False,global,forward,True,0.08838834764831843
length,4096,128,True,sharp,2.0,1,128,1.0,17,bf16,128,False,0.049624400002886926,0.004967886154285647,14,0.15437403913060455,152.37395891587673,bf16,128,32,tensor,fp32,0,,bf16,False,False,global,forward,True,0.08838834764831843
length,4096,128,True,sharp,2.0,1,128,1.0,17,e4_tensor,128,False,0.7043857644116573,0.07681751048646554,2057,3.0258566420683373,152.37395891587673,e4m3,128,32,tensor,fp32,0,,bf16,False,False,global,forward,True,0.08838834764831843
length,4096,128,True,sharp,2.0,1,128,1.0,17,e5_tensor,128,False,1.7104229118544172,0.14556320531228453,17,5.761054770222446,152.37395891587673,e5m2,128,32,tensor,fp32,0,,bf16,False,False,global,forward,True,0.08838834764831843
length,4096,128,True,sharp,2.0,1,128,1.0,17,e4_tile,128,False,1.0296781398859531,0.08638795417781099,20,4.553110757576456,152.37395891587673,e4m3,128,32,tile,fp32,0,,bf16,False,False,global,forward,True,0.08838834764831843
length,4096,128,True,sharp,2.0,1,128,1.0,17,e4_rotate,128,False,0.977560999406915,0.07836071721598081,28,3.568810018408128,152.37395891587673,e4m3,128,32,tile,fp32,0,,bf16,True,False,global,forward,True,0.08838834764831843
length,4096,128,True,sharp,2.0,1,128,1.0,29,fp32,128,False,4.65566797558381e-06,4.658149407472775e-07,2077,1.702444977555506e-05,144.30488605766448,fp32,128,32,tensor,fp32,0,,fp32,False,False,global,forward,True,0.08838834764831843
length,4096,128,True,sharp,2.0,1,128,1.0,29,bf16,128,False,0.06465852588346177,0.005418500917768392,2072,0.20796714928226798,144.30488605766448,bf16,128,32,tensor,fp32,0,,bf16,False,False,global,forward,True,0.08838834764831843
length,4096,128,True,sharp,2.0,1,128,1.0,29,e4_tensor,128,False,0.768540181002463,0.08154760725900471,1030,2.9137923224209534,144.30488605766448,e4m3,128,32,tensor,fp32,0,,bf16,False,False,global,forward,True,0.08838834764831843
length,4096,128,True,sharp,2.0,1,128,1.0,29,e5_tensor,128,False,1.3088210004395031,0.1655602548930613,4069,5.059321815216419,144.30488605766448,e5m2,128,32,tensor,fp32,0,,bf16,False,False,global,forward,True,0.08838834764831843
length,4096,128,True,sharp,2.0,1,128,1.0,29,e4_tile,128,False,0.8994751032526094,0.08547307160926708,4092,2.7371176623278575,144.30488605766448,e4m3,128,32,tile,fp32,0,,bf16,False,False,global,forward,True,0.08838834764831843
length,4096,128,True,sharp,2.0,1,128,1.0,29,e4_rotate,128,False,0.7812574185953065,0.08647431793637517,2075,2.976999125976556,144.30488605766448,e4m3,128,32,tile,fp32,0,,bf16,True,False,global,forward,True,0.08838834764831843
length,4096,128,True,outliers,1.0,8,128,1.0,3,fp32,128,False,3.6737644679263326e-05,1.3827099653248403e-06,1024,4.555670738290295e-05,86.15488314594502,fp32,128,32,tensor,fp32,0,,fp32,False,False,global,forward,True,0.08838834764831843
length,4096,128,True,outliers,1.0,8,128,1.0,3,bf16,128,False,0.3438511247708935,0.012511314668901269,4072,0.4437006900263038,86.15488314594502,bf16,128,32,tensor,fp32,0,,bf16,False,False,global,forward,True,0.08838834764831843
length,4096,128,True,outliers,1.0,8,128,1.0,3,e4_tensor,128,False,3.9571323747708935,0.1547774829663757,2053,5.229457907404142,86.15488314594502,e4m3,128,32,tensor,fp32,0,,bf16,False,False,global,forward,True,0.08838834764831843
length,4096,128,True,outliers,1.0,8,128,1.0,3,e5_tensor,128,False,10.555697935909805,0.3846577110376429,4087,13.434905105028157,86.15488314594502,e5m2,128,32,tensor,fp32,0,,bf16,False,False,global,forward,True,0.08838834764831843
length,4096,128,True,outliers,1.0,8,128,1.0,3,e4_tile,128,False,3.0869285962668105,0.10340723033277908,1030,4.5191188944999805,86.15488314594502,e4m3,128,32,tile,fp32,0,,bf16,False,False,global,forward,True,0.08838834764831843
length,4096,128,True,outliers,1.0,8,128,1.0,3,e4_rotate,128,False,0.9274275357854416,0.04601864035738999,2073,1.329944379682681,86.15488314594502,e4m3,128,32,tile,fp32,0,,bf16,True,False,global,forward,True,0.08838834764831843
length,4096,128,True,outliers,1.0,8,128,1.0,17,fp32,128,False,2.1541006936742768e-05,1.3698008833915282e-06,2058,4.223733163141673e-05,80.1683457815218,fp32,128,32,tensor,fp32,0,,fp32,False,False,global,forward,True,0.08838834764831843
length,4096,128,True,outliers,1.0,8,128,1.0,17,bf16,128,False,0.17172651777770387,0.011995026377467036,4089,0.4066922140899542,80.1683457815218,bf16,128,32,tensor,fp32,0,,bf16,False,False,global,forward,True,0.08838834764831843
length,4096,128,True,outliers,1.0,8,128,1.0,17,e4_tensor,128,False,1.3121845274209427,0.11629481384768632,2058,2.5395568820215373,80.1683457815218,e4m3,128,32,tensor,fp32,0,,bf16,False,False,global,forward,True,0.08838834764831843
length,4096,128,True,outliers,1.0,8,128,1.0,17,e5_tensor,128,False,8.450349278078427,0.39839009153963706,2054,10.126347874160244,80.1683457815218,e5m2,128,32,tensor,fp32,0,,bf16,False,False,global,forward,True,0.08838834764831843
length,4096,128,True,outliers,1.0,8,128,1.0,17,e4_tile,128,False,2.302785706318561,0.11630974726172853,26,3.703702866681072,80.1683457815218,e4m3,128,32,tile,fp32,0,,bf16,False,False,global,forward,True,0.08838834764831843
length,4096,128,True,outliers,1.0,8,128,1.0,17,e4_rotate,128,False,0.8457570603240419,0.04961092112164742,2070,1.184153068655167,80.1683457815218,e4m3,128,32,tile,fp32,0,,bf16,True,False,global,forward,True,0.08838834764831843
length,4096,128,True,outliers,1.0,8,128,1.0,29,fp32,128,False,1.8107547461454487e-05,8.200977140766874e-07,2050,4.33781378760563e-05,119.76038832995721,fp32,128,32,tensor,fp32,0,,fp32,False,False,global,forward,True,0.08838834764831843
length,4096,128,True,outliers,1.0,8,128,1.0,29,bf16,128,False,0.11371348994218611,0.004576681675128427,4069,0.1700610812569818,119.76038832995721,bf16,128,32,tensor,fp32,0,,bf16,False,False,global,forward,True,0.08838834764831843
length,4096,128,True,outliers,1.0,8,128,1.0,29,e4_tensor,128,False,1.1383743408778315,0.0957240792680025,2055,4.466910658900865,119.76038832995721,e4m3,128,32,tensor,fp32,0,,bf16,False,False,global,forward,True,0.08838834764831843
length,4096,128,True,outliers,1.0,8,128,1.0,29,e5_tensor,128,False,7.917536510057814,0.30748998108824266,4069,12.917548749065835,119.76038832995721,e5m2,128,32,tensor,fp32,0,,bf16,False,False,global,forward,True,0.08838834764831843
length,4096,128,True,outliers,1.0,8,128,1.0,29,e4_tile,128,False,0.8505158127170611,0.03636397449463591,2074,1.0447262597175926,119.76038832995721,e4m3,128,32,tile,fp32,0,,bf16,False,False,global,forward,True,0.08838834764831843
length,4096,128,True,outliers,1.0,8,128,1.0,29,e4_rotate,128,False,0.6304887943436173,0.030739217408828966,6,0.7395109757394708,119.76038832995721,e4m3,128,32,tile,fp32,0,,bf16,True,False,global,forward,True,0.08838834764831843
length,16384,64,False,flat,0.25,1,128,1.0,3,fp32,128,False,5.403905173166634e-09,4.853276014442782e-07,16352,1.1345131197442171e-08,0.1830950215649656,fp32,128,32,tensor,fp32,0,,fp32,False,False,global,forward,False,0.125
length,16384,64,False,flat,0.25,1,128,1.0,3,bf16,128,False,2.2043299267976088e-05,0.002683091244931632,22,5.201685491587447e-05,0.1830950215649656,bf16,128,32,tensor,fp32,0,,bf16,False,False,global,forward,False,0.125
length,16384,64,False,flat,0.25,1,128,1.0,3,e4_tensor,128,False,0.00029903296145516317,0.037816470515513644,3,0.0007615462537760783,0.1830950215649656,e4m3,128,32,tensor,fp32,0,,bf16,False,False,global,forward,False,0.125
length,16384,64,False,flat,0.25,1,128,1.0,3,e5_tensor,128,False,0.000572014596140224,0.07325115251450476,8215,0.0014334828035318607,0.1830950215649656,e5m2,128,32,tensor,fp32,0,,bf16,False,False,global,forward,False,0.125
length,16384,64,False,flat,0.25,1,128,1.0,3,e4_tile,128,False,0.0002929908779241721,0.03615127172981835,8195,0.0006680059267408522,0.1830950215649656,e4m3,128,32,tile,fp32,0,,bf16,False,False,global,forward,False,0.125
length,16384,64,False,flat,0.25,1,128,1.0,3,e4_rotate,128,False,0.0002929379296589398,0.03601028298600369,21,0.0006825887243809653,0.1830950215649656,e4m3,128,32,tile,fp32,0,,bf16,True,False,global,forward,False,0.125
length,16384,64,False,flat,0.25,1,128,1.0,17,fp32,128,False,8.489941492016706e-09,4.6538884386694187e-07,9,1.124026224272281e-08,0.18221992529952893,fp32,128,32,tensor,fp32,0,,fp32,False,False,global,forward,False,0.125
length,16384,64,False,flat,0.25,1,128,1.0,17,bf16,128,False,2.445254976541668e-05,0.002841055294934372,8199,5.391445227701294e-05,0.18221992529952893,bf16,128,32,tensor,fp32,0,,bf16,False,False,global,forward,False,0.125
length,16384,64,False,flat,0.25,1,128,1.0,17,e4_tensor,128,False,0.000272942153578779,0.03478487821282496,16355,0.0006536873795713728,0.18221992529952893,e4m3,128,32,tensor,fp32,0,,bf16,False,False,global,forward,False,0.125
length,16384,64,False,flat,0.25,1,128,1.0,17,e5_tensor,128,False,0.0006288342443218522,0.07379977029257472,8202,0.001396110150799201,0.18221992529952893,e5m2,128,32,tensor,fp32,0,,bf16,False,False,global,forward,False,0.125
length,16384,64,False,flat,0.25,1,128,1.0,17,e4_tile,128,False,0.00028598027245503024,0.03576643610674103,26,0.0006926523063530446,0.18221992529952893,e4m3,128,32,tile,fp32,0,,bf16,False,False,global,forward,False,0.125
length,16384,64,False,flat,0.25,1,128,1.0,17,e4_rotate,128,False,0.00027748376910756434,0.03644105493585679,26,0.0007030831194779194,0.18221992529952893,e4m3,128,32,tile,fp32,0,,bf16,True,False,global,forward,False,0.125
length,16384,64,False,flat,0.25,1,128,1.0,29,fp32,128,False,7.46682514863456e-09,4.441112268667452e-07,4110,1.0654848337313775e-08,0.16346839980282457,fp32,128,32,tensor,fp32,0,,fp32,False,False,global,forward,False,0.125
length,16384,64,False,flat,0.25,1,128,1.0,29,bf16,128,False,2.3976698109248566e-05,0.0030140668301286235,19,5.132839650291508e-05,0.16346839980282457,bf16,128,32,tensor,fp32,0,,bf16,False,False,global,forward,False,0.125
length,16384,64,False,flat,0.25,1,128,1.0,29,e4_tensor,128,False,0.0002742731553470614,0.03968476364351354,8209,0.0006697815732249322,0.16346839980282457,e4m3,128,32,tensor,fp32,0,,bf16,False,False,global,forward,False,0.125
length,16384,64,False,flat,0.25,1,128,1.0,29,e5_tensor,128,False,0.0004887517198088726,0.07813852585076748,8216,0.0014137050105310644,0.16346839980282457,e5m2,128,32,tensor,fp32,0,,bf16,False,False,global,forward,False,0.125
length,16384,64,False,flat,0.25,1,128,1.0,29,e4_tile,128,False,0.0002491019534907506,0.038179712121418394,16379,0.0006503726248696843,0.16346839980282457,e4m3,128,32,tile,fp32,0,,bf16,False,False,global,forward,False,0.125
length,16384,64,False,flat,0.25,1,128,1.0,29,e4_rotate,128,False,0.0002621691814862642,0.03856670291169196,4127,0.000672695709397258,0.16346839980282457,e4m3,128,32,tile,fp32,0,,bf16,True,False,global,forward,False,0.125
length,16384,64,False,normal,1.0,1,128,1.0,3,fp32,128,False,4.0039780213607656e-08,4.991148268324573e-07,4126,8.757908600535219e-08,1.2047272321830556,fp32,128,32,tensor,fp32,0,,fp32,False,False,global,forward,False,0.125
length,16384,64,False,normal,1.0,1,128,1.0,3,bf16,128,False,0.0002526494487977149,0.003792852673614014,8216,0.0006129837816139708,1.2047272321830556,bf16,128,32,tensor,fp32,0,,bf16,False,False,global,forward,False,0.125
length,16384,64,False,normal,1.0,1,128,1.0,3,e4_tensor,128,False,0.003132910073826229,0.05483985846352267,16363,0.008693333165607327,1.2047272321830556,e4m3,128,32,tensor,fp32,0,,bf16,False,False,global,forward,False,0.125
length,16384,64,False,normal,1.0,1,128,1.0,3,e5_tensor,128,False,0.006297334324474339,0.10622280032834407,8216,0.016788339845432612,1.2047272321830556,e5m2,128,32,tensor,fp32,0,,bf16,False,False,global,forward,False,0.125
length,16384,64,False,normal,1.0,1,128,1.0,3,e4_tile,128,False,0.0030072902040110053,0.05347135630346786,8216,0.010171822588423373,1.2047272321830556,e4m3,128,32,tile,fp32,0,,bf16,False,False,global,forward,False,0.125
length,16384,64,False,normal,1.0,1,128,1.0,3,e4_rotate,128,False,0.003038692644553683,0.05358113866184425,8216,0.010634108376181405,1.2047272321830556,e4m3,128,32,tile,fp32,0,,bf16,True,False,global,forward,False,0.125
length,16384,64,False,normal,1.0,1,128,1.0,17,fp32,128,False,4.5523339341213553e-08,5.044577690947534e-07,4101,9.391799960274836e-08,1.1791303645388895,fp32,128,32,tensor,fp32,0,,fp32,False,False,global,forward,False,0.125
length,16384,64,False,normal,1.0,1,128,1.0,17,bf16,128,False,0.00022013129763290978,0.003819251263363756,4101,0.0006000092472650875,1.1791303645388895,bf16,128,32,tensor,fp32,0,,bf16,False,False,global,forward,False,0.125
length,16384,64,False,normal,1.0,1,128,1.0,17,e4_tensor,128,False,0.00316878561571055,0.053827553995579744,4124,0.008350920579197344,1.1791303645388895,e4m3,128,32,tensor,fp32,0,,bf16,False,False,global,forward,False,0.125
length,16384,64,False,normal,1.0,1,128,1.0,17,e5_tensor,128,False,0.006995906727240479,0.10751493028339397,4120,0.018825096114207726,1.1791303645388895,e5m2,128,32,tensor,fp32,0,,bf16,False,False,global,forward,False,0.125
length,16384,64,False,normal,1.0,1,128,1.0,17,e4_tile,128,False,0.0032979409524469174,0.054592002111576415,4101,0.008391333802478064,1.1791303645388895,e4m3,128,32,tile,fp32,0,,bf16,False,False,global,forward,False,0.125
length,16384,64,False,normal,1.0,1,128,1.0,17,e4_rotate,128,False,0.004120229892425088,0.055157639228397205,4101,0.010600908737760562,1.1791303645388895,e4m3,128,32,tile,fp32,0,,bf16,True,False,global,forward,False,0.125
length,16384,64,False,normal,1.0,1,128,1.0,29,fp32,128,False,5.2785951859535274e-08,4.905220970272371e-07,4111,1.0354793702654881e-07,1.1336140005685502,fp32,128,32,tensor,fp32,0,,fp32,False,False,global,forward,False,0.125
length,16384,64,False,normal,1.0,1,128,1.0,29,bf16,128,False,0.000239956474637832,0.003973450076624134,4113,0.0006211429247938468,1.1336140005685502,bf16,128,32,tensor,fp32,0,,bf16,False,False,global,forward,False,0.125
length,16384,64,False,normal,1.0,1,128,1.0,29,e4_tensor,128,False,0.0036060737992734413,0.057325539252339394,4124,0.010595116514125829,1.1336140005685502,e4m3,128,32,tensor,fp32,0,,bf16,False,False,global,forward,False,0.125
length,16384,64,False,normal,1.0,1,128,1.0,29,e5_tensor,128,False,0.006566952822230772,0.11350473948836662,4111,0.01948477643812638,1.1336140005685502,e5m2,128,32,tensor,fp32,0,,bf16,False,False,global,forward,False,0.125
length,16384,64,False,normal,1.0,1,128,1.0,29,e4_tile,128,False,0.0031831096655027293,0.05622924372056774,4124,0.008944134452674517,1.1336140005685502,e4m3,128,32,tile,fp32,0,,bf16,False,False,global,forward,False,0.125
length,16384,64,False,normal,1.0,1,128,1.0,29,e4_rotate,128,False,0.003197230802711634,0.05658835566525939,8213,0.00876565372075127,1.1336140005685502,e4m3,128,32,tile,fp32,0,,bf16,True,False,global,forward,False,0.125
length,16384,64,False,sharp,2.0,1,128,1.0,3,fp32,128,False,5.266169538331589e-06,8.66714916766035e-07,8216,1.550060752122321e-05,72.3003926100597,fp32,128,32,tensor,fp32,0,,fp32,False,False,global,forward,False,0.125
length,16384,64,False,sharp,2.0,1,128,1.0,3,bf16,128,False,0.07137636234379785,0.007596727376181579,8216,0.1796837641653628,72.3003926100597,bf16,128,32,tensor,fp32,0,,bf16,False,False,global,forward,False,0.125
length,16384,64,False,sharp,2.0,1,128,1.0,3,e4_tensor,128,False,0.7928939063964564,0.11125844927937782,8195,2.5129076579336727,72.3003926100597,e4m3,128,32,tensor,fp32,0,,bf16,False,False,global,forward,False,0.125
length,16384,64,False,sharp,2.0,1,128,1.0,3,e5_tensor,128,False,1.0115906824329164,0.203562461163763,16363,2.822592163709118,72.3003926100597,e5m2,128,32,tensor,fp32,0,,bf16,False,False,global,forward,False,0.125
length,16384,64,False,sharp,2.0,1,128,1.0,3,e4_tile,128,False,0.8910427284517437,0.12065742640671179,4123,2.6336749279388414,72.3003926100597,e4m3,128,32,tile,fp32,0,,bf16,False,False,global,forward,False,0.125
length,16384,64,False,sharp,2.0,1,128,1.0,3,e4_rotate,128,False,1.295811137656202,0.11919403896388799,8216,3.407650281781547,72.3003926100597,e4m3,128,32,tile,fp32,0,,bf16,True,False,global,forward,False,0.125
length,16384,64,False,sharp,2.0,1,128,1.0,17,fp32,128,False,7.290260019221506e-06,8.283982385955968e-07,18,1.465392144475499e-05,68.64104747268459,fp32,128,32,tensor,fp32,0,,fp32,False,False,global,forward,False,0.125
length,16384,64,False,sharp,2.0,1,128,1.0,17,bf16,128,False,0.03694617912891962,0.006807807028034467,8197,0.0936624984145874,68.64104747268459,bf16,128,32,tensor,fp32,0,,bf16,False,False,global,forward,False,0.125
length,16384,64,False,sharp,2.0,1,128,1.0,17,e4_tensor,128,False,0.5973808249806956,0.11288267306285073,8196,2.120371296928282,68.64104747268459,e4m3,128,32,tensor,fp32,0,,bf16,False,False,global,forward,False,0.125
length,16384,64,False,sharp,2.0,1,128,1.0,17,e5_tensor,128,False,1.8061533699612577,0.21475150148933808,4127,4.238022797917303,68.64104747268459,e5m2,128,32,tensor,fp32,0,,bf16,False,False,global,forward,False,0.125
length,16384,64,False,sharp,2.0,1,128,1.0,17,e4_tile,128,False,0.5415252246020725,0.11099650618027423,16378,1.4719700831728466,68.64104747268459,e4m3,128,32,tile,fp32,0,,bf16,False,False,global,forward,False,0.125
length,16384,64,False,sharp,2.0,1,128,1.0,17,e4_rotate,128,False,0.6282238950646077,0.111190798484683,16361,1.969093101118931,68.64104747268459,e4m3,128,32,tile,fp32,0,,bf16,True,False,global,forward,False,0.125
length,16384,64,False,sharp,2.0,1,128,1.0,29,fp32,128,False,5.165428493825175e-06,8.150867456232859e-07,26,1.4832995716849826e-05,73.13886452944928,fp32,128,32,tensor,fp32,0,,fp32,False,False,global,forward,False,0.125
length,16384,64,False,sharp,2.0,1,128,1.0,29,bf16,128,False,0.049735637738035576,0.006589576796101382,8209,0.12398305318474072,73.13886452944928,bf16,128,32,tensor,fp32,0,,bf16,False,False,global,forward,False,0.125
length,16384,64,False,sharp,2.0,1,128,1.0,29,e4_tensor,128,False,0.7381566774962982,0.10893454704291232,4122,1.9921047467873425,73.13886452944928,e4m3,128,32,tensor,fp32,0,,bf16,False,False,global,forward,False,0.125
length,16384,64,False,sharp,2.0,1,128,1.0,29,e5_tensor,128,False,1.6499730480374746,0.2126468481303973,4100,4.461253376746392,73.13886452944928,e5m2,128,32,tensor,fp32,0,,bf16,False,False,global,forward,False,0.125
length,16384,64,False,sharp,2.0,1,128,1.0,29,e4_tile,128,False,0.6194278432630949,0.1027702115544994,16368,1.9627284835261662,73.13886452944928,e4m3,128,32,tile,fp32,0,,bf16,False,False,global,forward,False,0.125
length,16384,64,False,sharp,2.0,1,128,1.0,29,e4_rotate,128,False,0.8100868698779373,0.11739887901890649,8217,2.291797489724936,73.13886452944928,e4m3,128,32,tile,fp32,0,,bf16,True,False,global,forward,False,0.125
length,16384,64,False,outliers,1.0,8,128,1.0,3,fp32,128,False,2.189286445775096e-05,2.5965961127681205e-06,16354,3.6584493616804794e-05,49.4733726376133,fp32,128,32,tensor,fp32,0,,fp32,False,False,global,forward,False,0.125
length,16384,64,False,outliers,1.0,8,128,1.0,3,bf16,128,False,0.10696209780940791,0.019727760114754078,16375,0.32560776765707405,49.4733726376133,bf16,128,32,tensor,fp32,0,,bf16,False,False,global,forward,False,0.125
length,16384,64,False,outliers,1.0,8,128,1.0,3,e4_tensor,128,False,3.5248255313227097,0.29397289890676986,16374,4.724387401973501,49.4733726376133,e4m3,128,32,tensor,fp32,0,,bf16,False,False,global,forward,False,0.125
length,16384,64,False,outliers,1.0,8,128,1.0,3,e5_tensor,128,False,8.402675998843229,0.8572265504896032,8195,10.558298222476251,49.4733726376133,e5m2,128,32,tensor,fp32,0,,bf16,False,False,global,forward,False,0.125
length,16384,64,False,outliers,1.0,8,128,1.0,3,e4_tile,128,False,0.8096193289268216,0.10940126265505198,5,2.237746625991488,49.4733726376133,e4m3,128,32,tile,fp32,0,,bf16,False,False,global,forward,False,0.125
length,16384,64,False,outliers,1.0,8,128,1.0,3,e4_rotate,128,False,1.022697302011073,0.09648203549443958,22,1.2629611606406927,49.4733726376133,e4m3,128,32,tile,fp32,0,,bf16,True,False,global,forward,False,0.125
length,16384,64,False,outliers,1.0,8,128,1.0,17,fp32,128,False,4.378635921220564e-05,2.5057570819638624e-06,1,5.867924277755223e-05,73.78439405246054,fp32,128,32,tensor,fp32,0,,fp32,False,False,global,forward,False,0.125
length,16384,64,False,outliers,1.0,8,128,1.0,17,bf16,128,False,0.37218476539796463,0.020285792737659552,10,0.49213012141338996,73.78439405246054,bf16,128,32,tensor,fp32,0,,bf16,False,False,global,forward,False,0.125
length,16384,64,False,outliers,1.0,8,128,1.0,17,e4_tensor,128,False,11.790088935994135,0.5227978452095174,10,12.778265039216336,73.78439405246054,e4m3,128,32,tensor,fp32,0,,bf16,False,False,global,forward,False,0.125
length,16384,64,False,outliers,1.0,8,128,1.0,17,e5_tensor,128,False,6.365824002017388,0.4929081160748724,16373,10.641234001858347,73.78439405246054,e5m2,128,32,tensor,fp32,0,,bf16,False,False,global,forward,False,0.125
length,16384,64,False,outliers,1.0,8,128,1.0,17,e4_tile,128,False,0.5659004324164734,0.04246700627655851,14,0.6947358386123047,73.78439405246054,e4m3,128,32,tile,fp32,0,,bf16,False,False,global,forward,False,0.125
length,16384,64,False,outliers,1.0,8,128,1.0,17,e4_rotate,128,False,1.5400889359941337,0.07160633040553123,10,1.7128260686001593,73.78439405246054,e4m3,128,32,tile,fp32,0,,bf16,True,False,global,forward,False,0.125
length,16384,64,False,outliers,1.0,8,128,1.0,29,fp32,128,False,3.256726665989973e-05,3.038163786327139e-06,4118,5.814071192540336e-05,47.96282756552675,fp32,128,32,tensor,fp32,0,,fp32,False,False,global,forward,False,0.125
length,16384,64,False,outliers,1.0,8,128,1.0,29,bf16,128,False,0.22127782042559607,0.01915155205223673,8198,0.30268771738355915,47.96282756552675,bf16,128,32,tensor,fp32,0,,bf16,False,False,global,forward,False,0.125
length,16384,64,False,outliers,1.0,8,128,1.0,29,e4_tensor,128,False,3.747472179574404,0.4233652656606,8198,7.113027641044021,47.96282756552675,e4m3,128,32,tensor,fp32,0,,bf16,False,False,global,forward,False,0.125
length,16384,64,False,outliers,1.0,8,128,1.0,29,e5_tensor,128,False,5.011669223798515,0.7030079559452692,25,8.09522679122707,47.96282756552675,e5m2,128,32,tensor,fp32,0,,bf16,False,False,global,forward,False,0.125
length,16384,64,False,outliers,1.0,8,128,1.0,29,e4_tile,128,False,2.3397812161858287,0.2053814519197146,8209,3.450846815434622,47.96282756552675,e4m3,128,32,tile,fp32,0,,bf16,False,False,global,forward,False,0.125
length,16384,64,False,outliers,1.0,8,128,1.0,29,e4_rotate,128,False,0.36941792074451263,0.08508502815123682,20,1.0931545379375929,47.96282756552675,e4m3,128,32,tile,fp32,0,,bf16,True,False,global,forward,False,0.125
length,16384,64,True,flat,0.25,1,128,1.0,3,fp32,128,False,4.426346764119238e-08,7.12531142551105e-08,3,6.954839345939674e-08,4.06232869793199,fp32,128,32,tensor,fp32,0,,fp32,False,False,global,forward,True,0.125
length,16384,64,True,flat,0.25,1,128,1.0,3,bf16,128,False,0.0019517859715746377,0.0024681274674337016,1,0.003897952248853295,4.06232869793199,bf16,128,32,tensor,fp32,0,,bf16,False,False,global,forward,True,0.125
length,16384,64,True,flat,0.25,1,128,1.0,3,e4_tensor,128,False,0.02223336696624756,0.03231293350097711,0,0.060609236745230714,4.06232869793199,e4m3,128,32,tensor,fp32,0,,bf16,False,False,global,forward,True,0.125
length,16384,64,True,flat,0.25,1,128,1.0,3,e5_tensor,128,False,0.04566138110852308,0.06082332218535569,0,0.10876244943758233,4.06232869793199,e5m2,128,32,tensor,fp32,0,,bf16,False,False,global,forward,True,0.125
length,16384,64,True,flat,0.25,1,128,1.0,3,e4_tile,128,False,0.029182076454162598,0.036282916580927145,0,0.07541685576949407,4.06232869793199,e4m3,128,32,tile,fp32,0,,bf16,False,False,global,forward,True,0.125
length,16384,64,True,flat,0.25,1,128,1.0,3,e4_rotate,128,False,0.029182076454162598,0.03625475245307991,0,0.07541685576949407,4.06232869793199,e4m3,128,32,tile,fp32,0,,bf16,True,False,global,forward,True,0.125
length,16384,64,True,flat,0.25,1,128,1.0,17,fp32,128,False,3.8081986342142216e-08,7.549754240792312e-08,2,8.416248708807925e-08,3.7901139121265266,fp32,128,32,tensor,fp32,0,,fp32,False,False,global,forward,True,0.125
length,16384,64,True,flat,0.25,1,128,1.0,17,bf16,128,False,0.0018180608749389648,0.002466910769602629,0,0.0035631259793660244,3.7901139121265266,bf16,128,32,tensor,fp32,0,,bf16,False,False,global,forward,True,0.125
length,16384,64,True,flat,0.25,1,128,1.0,17,e4_tensor,128,False,0.021160364151000977,0.03442569964845615,0,0.05127171681835619,3.7901139121265266,e4m3,128,32,tensor,fp32,0,,bf16,False,False,global,forward,True,0.125
length,16384,64,True,flat,0.25,1,128,1.0,17,e5_tensor,128,False,0.04580497471671123,0.0691423687472392,1,0.11581271897546971,3.7901139121265266,e5m2,128,32,tensor,fp32,0,,bf16,False,False,global,forward,True,0.125
length,16384,64,True,flat,0.25,1,128,1.0,17,e4_tile,128,False,0.024229347705841064,0.03373526842480538,0,0.05169740896999226,3.7901139121265266,e4m3,128,32,tile,fp32,0,,bf16,False,False,global,forward,True,0.125
length,16384,64,True,flat,0.25,1,128,1.0,17,e4_rotate,128,False,0.024229347705841064,0.03346020480444052,0,0.05169740896999226,3.7901139121265266,e4m3,128,32,tile,fp32,0,,bf16,True,False,global,forward,True,0.125
length,16384,64,True,flat,0.25,1,128,1.0,29,fp32,128,False,4.04794547326226e-08,6.881409882288684e-08,3,8.610283369060265e-08,4.407086631275037,fp32,128,32,tensor,fp32,0,,fp32,False,False,global,forward,True,0.125
length,16384,64,True,flat,0.25,1,128,1.0,29,bf16,128,False,0.001456951555071695,0.002312893079168245,1,0.004030243397463053,4.407086631275037,bf16,128,32,tensor,fp32,0,,bf16,False,False,global,forward,True,0.125
length,16384,64,True,flat,0.25,1,128,1.0,29,e4_tensor,128,False,0.02057403326034546,0.029362872691698703,0,0.05361875303824263,4.407086631275037,e4m3,128,32,tensor,fp32,0,,bf16,False,False,global,forward,True,0.125
length,16384,64,True,flat,0.25,1,128,1.0,29,e5_tensor,128,False,0.0655893087387085,0.0690600914197452,0,0.1378679693028893,4.407086631275037,e5m2,128,32,tensor,fp32,0,,bf16,False,False,global,forward,True,0.125
length,16384,64,True,flat,0.25,1,128,1.0,29,e4_tile,128,False,0.017577320337295532,0.030375375065242415,0,0.05594404669336131,4.407086631275037,e4m3,128,32,tile,fp32,0,,bf16,False,False,global,forward,True,0.125
length,16384,64,True,flat,0.25,1,128,1.0,29,e4_rotate,128,False,0.017577320337295532,0.030543744352685902,0,0.05594404669336131,4.407086631275037,e4m3,128,32,tile,fp32,0,,bf16,True,False,global,forward,True,0.125
length,16384,64,True,normal,1.0,1,128,1.0,3,fp32,128,False,3.254972789079602e-07,1.1718922212054141e-07,2,1.1182029275924924e-06,20.500247664785597,fp32,128,32,tensor,fp32,0,,fp32,False,False,global,forward,True,0.125
length,16384,64,True,normal,1.0,1,128,1.0,3,bf16,128,False,0.007812492965372675,0.0028847969802952593,1,0.018277381741342504,20.500247664785597,bf16,128,32,tensor,fp32,0,,bf16,False,False,global,forward,True,0.125
length,16384,64,True,normal,1.0,1,128,1.0,3,e4_tensor,128,False,0.10555749304380613,0.04223955958163482,3,0.3409926101485253,20.500247664785597,e4m3,128,32,tensor,fp32,0,,bf16,False,False,global,forward,True,0.125
length,16384,64,True,normal,1.0,1,128,1.0,3,e5_tensor,128,False,0.26047927161425866,0.0852062644051383,4,0.7208074914657663,20.500247664785597,e5m2,128,32,tensor,fp32,0,,bf16,False,False,global,forward,True,0.125
length,16384,64,True,normal,1.0,1,128,1.0,3,e4_tile,128,False,0.1587390361970422,0.04662983979432398,2,0.42640222634034936,20.500247664785597,e4m3,128,32,tile,fp32,0,,bf16,False,False,global,forward,True,0.125
length,16384,64,True,normal,1.0,1,128,1.0,3,e4_rotate,128,False,0.11672830581665039,0.042385989363132676,0,0.3016674230779763,20.500247664785597,e4m3,128,32,tile,fp32,0,,bf16,True,False,global,forward,True,0.125
length,16384,64,True,normal,1.0,1,128,1.0,17,fp32,128,False,3.05147721674226e-07,1.1866847889921639e-07,7,7.542581815075893e-07,18.85247964914764,fp32,128,32,tensor,fp32,0,,fp32,False,False,global,forward,True,0.125
length,16384,64,True,normal,1.0,1,128,1.0,17,bf16,128,False,0.007930800740519883,0.002876086102758959,1,0.014626672946050738,18.85247964914764,bf16,128,32,tensor,fp32,0,,bf16,False,False,global,forward,True,0.125
length,16384,64,True,normal,1.0,1,128,1.0,17,e4_tensor,128,False,0.10214745034081885,0.04052046858248503,1,0.25805271994327816,18.85247964914764,e4m3,128,32,tensor,fp32,0,,bf16,False,False,global,forward,True,0.125
length,16384,64,True,normal,1.0,1,128,1.0,17,e5_tensor,128,False,0.18577817210525716,0.08670782662641315,1,0.5610631625958035,18.85247964914764,e5m2,128,32,tensor,fp32,0,,bf16,False,False,global,forward,True,0.125
length,16384,64,True,normal,1.0,1,128,1.0,17,e4_tile,128,False,0.09941812253771137,0.04295196410703375,2,0.28275236807375304,18.85247964914764,e4m3,128,32,tile,fp32,0,,bf16,False,False,global,forward,True,0.125
length,16384,64,True,normal,1.0,1,128,1.0,17,e4_rotate,128,False,0.09691739082336426,0.04416942316423963,16,0.24466457588464222,18.85247964914764,e4m3,128,32,tile,fp32,0,,bf16,True,False,global,forward,True,0.125
length,16384,64,True,normal,1.0,1,128,1.0,29,fp32,128,False,3.165793119874749e-07,1.1652876669996045e-07,14,8.2674375238068e-07,21.34289478363701,fp32,128,32,tensor,fp32,0,,fp32,False,False,global,forward,True,0.125
length,16384,64,True,normal,1.0,1,128,1.0,29,bf16,128,False,0.008218549686976662,0.002926715041114966,5,0.017447157958277608,21.34289478363701,bf16,128,32,tensor,fp32,0,,bf16,False,False,global,forward,True,0.125
length,16384,64,True,normal,1.0,1,128,1.0,29,e4_tensor,128,False,0.0968609561216518,0.040239712484023915,4,0.2601966131736769,21.34289478363701,e4m3,128,32,tensor,fp32,0,,bf16,False,False,global,forward,True,0.125
length,16384,64,True,normal,1.0,1,128,1.0,29,e5_tensor,128,False,0.2943859285902678,0.0818259957582719,14,0.5753280101333513,21.34289478363701,e5m2,128,32,tensor,fp32,0,,bf16,False,False,global,forward,True,0.125
length,16384,64,True,normal,1.0,1,128,1.0,29,e4_tile,128,False,0.0834484285902678,0.03779412410908665,5,0.24340164554810065,21.34289478363701,e4m3,128,32,tile,fp32,0,,bf16,False,False,global,forward,True,0.125
length,16384,64,True,normal,1.0,1,128,1.0,29,e4_rotate,128,False,0.1154520527098875,0.04200550114826721,2,0.3193121371473103,21.34289478363701,e4m3,128,32,tile,fp32,0,,bf16,True,False,global,forward,True,0.125
length,16384,64,True,sharp,2.0,1,128,1.0,3,fp32,128,False,6.410045937377262e-06,5.388458991930077e-07,4123,1.858913562685813e-05,95.72542388259691,fp32,128,32,tensor,fp32,0,,fp32,False,False,global,forward,True,0.125
length,16384,64,True,sharp,2.0,1,128,1.0,3,bf16,128,False,0.04765242612215492,0.005618505755535223,26,0.1283825249846521,95.72542388259691,bf16,128,32,tensor,fp32,0,,bf16,False,False,global,forward,True,0.125
length,16384,64,True,sharp,2.0,1,128,1.0,3,e4_tensor,128,False,0.7969559408547044,0.08941147153935732,4123,2.3154528878323983,95.72542388259691,e4m3,128,32,tensor,fp32,0,,bf16,False,False,global,forward,True,0.125
length,16384,64,True,sharp,2.0,1,128,1.0,3,e5_tensor,128,False,1.89085178094712,0.18239382164000795,8202,5.7405288589502055,95.72542388259691,e5m2,128,32,tensor,fp32,0,,bf16,False,False,global,forward,True,0.125
length,16384,64,True,sharp,2.0,1,128,1.0,3,e4_tile,128,False,1.1903581295773231,0.1043268199430377,4123,3.5253527408845775,95.72542388259691,e4m3,128,32,tile,fp32,0,,bf16,False,False,global,forward,True,0.125
length,16384,64,True,sharp,2.0,1,128,1.0,3,e4_rotate,128,False,0.9641286521277634,0.08468171594787087,20,2.487612147132946,95.72542388259691,e4m3,128,32,tile,fp32,0,,bf16,True,False,global,forward,True,0.125
length,16384,64,True,sharp,2.0,1,128,1.0,17,fp32,128,False,5.543181848199907e-06,5.461002434338304e-07,8205,1.2802475618900659e-05,95.32396291658235,fp32,128,32,tensor,fp32,0,,fp32,False,False,global,forward,True,0.125
length,16384,64,True,sharp,2.0,1,128,1.0,17,bf16,128,False,0.0426328389746507,0.006010246829551933,16,0.13232253883595285,95.32396291658235,bf16,128,32,tensor,fp32,0,,bf16,False,False,global,forward,True,0.125
length,16384,64,True,sharp,2.0,1,128,1.0,17,e4_tensor,128,False,0.6348115631170388,0.08887001349003988,4124,2.1035768493987335,95.32396291658235,e4m3,128,32,tensor,fp32,0,,bf16,False,False,global,forward,True,0.125
length,16384,64,True,sharp,2.0,1,128,1.0,17,e5_tensor,128,False,2.177853876591331,0.2025523716151479,23,6.934936289697167,95.32396291658235,e5m2,128,32,tensor,fp32,0,,bf16,False,False,global,forward,True,0.125
length,16384,64,True,sharp,2.0,1,128,1.0,17,e4_tile,128,False,0.5839981561508938,0.0894711010329291,4124,1.737316646977123,95.32396291658235,e4m3,128,32,tile,fp32,0,,bf16,False,False,global,forward,True,0.125
length,16384,64,True,sharp,2.0,1,128,1.0,17,e4_rotate,128,False,0.9283750264746506,0.09621571513984105,16,3.028597902456471,95.32396291658235,e4m3,128,32,tile,fp32,0,,bf16,True,False,global,forward,True,0.125
length,16384,64,True,sharp,2.0,1,128,1.0,29,fp32,128,False,5.030726821786402e-06,5.574674215209976e-07,4096,1.5073702329828636e-05,96.20627991782395,fp32,128,32,tensor,fp32,0,,fp32,False,False,global,forward,True,0.125
length,16384,64,True,sharp,2.0,1,128,1.0,29,bf16,128,False,0.04844072867341653,0.005459664784805915,11,0.14359597400175533,96.20627991782395,bf16,128,32,tensor,fp32,0,,bf16,False,False,global,forward,True,0.125
length,16384,64,True,sharp,2.0,1,128,1.0,29,e4_tensor,128,False,0.7632864411528075,0.08690854079741242,10,2.236282317014551,96.20627991782395,e4m3,128,32,tensor,fp32,0,,bf16,False,False,global,forward,True,0.125
length,16384,64,True,sharp,2.0,1,128,1.0,29,e5_tensor,128,False,1.6495462504464569,0.16890396045571604,16356,4.4561859807078505,96.20627991782395,e5m2,128,32,tensor,fp32,0,,bf16,False,False,global,forward,True,0.125
length,16384,64,True,sharp,2.0,1,128,1.0,29,e4_tile,128,False,1.087220343546488,0.08498370120497321,18,2.7611052970373646,96.20627991782395,e4m3,128,32,tile,fp32,0,,bf16,False,False,global,forward,True,0.125
length,16384,64,True,sharp,2.0,1,128,1.0,29,e4_rotate,128,False,0.737743358998566,0.09717298581551956,10,2.2959974412878412,96.20627991782395,e4m3,128,32,tile,fp32,0,,bf16,True,False,global,forward,True,0.125
length,16384,64,True,outliers,1.0,8,128,1.0,3,fp32,128,False,2.2622048001963435e-05,1.7759097359530178e-06,8195,5.414026708539735e-05,70.40996926407352,fp32,128,32,tensor,fp32,0,,fp32,False,False,global,forward,True,0.125
length,16384,64,True,outliers,1.0,8,128,1.0,3,bf16,128,False,0.14209802067893085,0.012036554543649394,16375,0.32560776765707317,70.40996926407352,bf16,128,32,tensor,fp32,0,,bf16,False,False,global,forward,True,0.125
length,16384,64,True,outliers,1.0,8,128,1.0,3,e4_tensor,128,False,8.744922376682055,0.313212826523508,4106,11.042820161909255,70.40996926407352,e4m3,128,32,tensor,fp32,0,,bf16,False,False,global,forward,True,0.125
length,16384,64,True,outliers,1.0,8,128,1.0,3,e5_tensor,128,False,14.329408435135548,0.6619665991309149,4099,15.632447960433263,70.40996926407352,e5m2,128,32,tensor,fp32,0,,bf16,False,False,global,forward,True,0.125
length,16384,64,True,outliers,1.0,8,128,1.0,3,e4_tile,128,False,0.9660125499257823,0.08405994826407193,8195,2.542162799429232,70.40996926407352,e4m3,128,32,tile,fp32,0,,bf16,False,False,global,forward,True,0.125
length,16384,64,True,outliers,1.0,8,128,1.0,3,e4_rotate,128,False,1.0974131258465172,0.07111651165059643,8211,1.3375869951921469,70.40996926407352,e4m3,128,32,tile,fp32,0,,bf16,True,False,global,forward,True,0.125
length,16384,64,True,outliers,1.0,8,128,1.0,17,fp32,128,False,3.833887737936248e-05,1.3601646023260963e-06,16352,5.063382968757327e-05,77.0492173911251,fp32,128,32,tensor,fp32,0,,fp32,False,False,global,forward,True,0.125
length,16384,64,True,outliers,1.0,8,128,1.0,17,bf16,128,False,0.3721847653766811,0.01433676899815299,16355,0.4535914031682236,77.0492173911251,bf16,128,32,tensor,fp32,0,,bf16,False,False,global,forward,True,0.125
length,16384,64,True,outliers,1.0,8,128,1.0,17,e4_tensor,128,False,6.45849050400418,0.2799711714662245,16352,7.338324401361179,77.0492173911251,e4m3,128,32,tensor,fp32,0,,bf16,False,False,global,forward,True,0.125
length,16384,64,True,outliers,1.0,8,128,1.0,17,e5_tensor,128,False,7.497395671732428,0.4122644985899534,16373,10.641234001858347,77.0492173911251,e5m2,128,32,tensor,fp32,0,,bf16,False,False,global,forward,True,0.125
length,16384,64,True,outliers,1.0,8,128,1.0,17,e4_tile,128,False,0.6753129078817603,0.042768917653016665,23,0.895635352382328,77.0492173911251,e4m3,128,32,tile,fp32,0,,bf16,False,False,global,forward,True,0.125
length,16384,64,True,outliers,1.0,8,128,1.0,17,e4_rotate,128,False,0.9058525684156722,0.052562214500255125,16353,1.026381111413415,77.0492173911251,e4m3,128,32,tile,fp32,0,,bf16,True,False,global,forward,True,0.125
length,16384,64,True,outliers,1.0,8,128,1.0,29,fp32,128,False,3.25929548070647e-05,1.4028262967857978e-06,16375,4.5757775912023125e-05,72.23233311445671,fp32,128,32,tensor,fp32,0,,fp32,False,False,global,forward,True,0.125
length,16384,64,True,outliers,1.0,8,128,1.0,29,bf16,128,False,0.22911059250028543,0.010058329883815904,16357,0.2807337659321891,72.23233311445671,bf16,128,32,tensor,fp32,0,,bf16,False,False,global,forward,True,0.125
length,16384,64,True,outliers,1.0,8,128,1.0,29,e4_tensor,128,False,3.6771372207284045,0.2173594015467021,4109,4.2881272068660445,72.23233311445671,e4m3,128,32,tensor,fp32,0,,bf16,False,False,global,forward,True,0.125
length,16384,64,True,outliers,1.0,8,128,1.0,29,e5_tensor,128,False,13.638255496072041,0.5463282074282366,4119,15.98991579898372,72.23233311445671,e5m2,128,32,tensor,fp32,0,,bf16,False,False,global,forward,True,0.125
length,16384,64,True,outliers,1.0,8,128,1.0,29,e4_tile,128,False,2.69803574457274,0.101201430514323,27,3.41622836065462,72.23233311445671,e4m3,128,32,tile,fp32,0,,bf16,False,False,global,forward,True,0.125
length,16384,64,True,outliers,1.0,8,128,1.0,29,e4_rotate,128,False,1.105591182768073,0.06197595491169312,8208,1.4201572986057955,72.23233311445671,e4m3,128,32,tile,fp32,0,,bf16,True,False,global,forward,True,0.125
length,16384,128,False,flat,0.25,1,128,1.0,3,fp32,128,False,7.142493966064145e-09,4.342541094039141e-07,8209,1.4795630603756499e-08,0.28729345942710705,fp32,128,32,tensor,fp32,0,,fp32,False,False,global,forward,False,0.08838834764831843
length,16384,128,False,flat,0.25,1,128,1.0,3,bf16,128,False,2.4629461667593014e-05,0.0025141123647424574,8220,7.472945983420952e-05,0.28729345942710705,bf16,128,32,tensor,fp32,0,,bf16,False,False,global,forward,False,0.08838834764831843
length,16384,128,False,flat,0.25,1,128,1.0,3,e4_tensor,128,False,0.0003199975987711306,0.032625235092336086,16381,0.0009406905014423089,0.28729345942710705,e4m3,128,32,tensor,fp32,0,,bf16,False,False,global,forward,False,0.08838834764831843
length,16384,128,False,flat,0.25,1,128,1.0,3,e5_tensor,128,False,0.0005959783120539552,0.06595234161536782,16354,0.001908619003352687,0.28729345942710705,e5m2,128,32,tensor,fp32,0,,bf16,False,False,global,forward,False,0.08838834764831843
length,16384,128,False,flat,0.25,1,128,1.0,3,e4_tile,128,False,0.00027293242359009457,0.0318868641026994,4097,0.0009648324631711442,0.28729345942710705,e4m3,128,32,tile,fp32,0,,bf16,False,False,global,forward,False,0.08838834764831843
length,16384,128,False,flat,0.25,1,128,1.0,3,e4_rotate,128,False,0.0002841984878153602,0.03181913892946715,4097,0.0009252740354884275,0.28729345942710705,e4m3,128,32,tile,fp32,0,,bf16,True,False,global,forward,False,0.08838834764831843
length,16384,128,False,flat,0.25,1,128,1.0,17,fp32,128,False,6.336193153488878e-09,4.7251205908929087e-07,8193,1.4350205800993835e-08,0.2528608493401248,fp32,128,32,tensor,fp32,0,,fp32,False,False,global,forward,False,0.08838834764831843
length,16384,128,False,flat,0.25,1,128,1.0,17,bf16,128,False,2.3181290492277525e-05,0.0026141401307185662,1,6.658671635414776e-05,0.2528608493401248,bf16,128,32,tensor,fp32,0,,bf16,False,False,global,forward,False,0.08838834764831843
length,16384,128,False,flat,0.25,1,128,1.0,17,e4_tensor,128,False,0.00032178553651410354,0.03501028142366944,8209,0.0008955694707665311,0.2528608493401248,e4m3,128,32,tensor,fp32,0,,bf16,False,False,global,forward,False,0.08838834764831843
length,16384,128,False,flat,0.25,1,128,1.0,17,e5_tensor,128,False,0.0006317332180999355,0.07871388104204449,27,0.001936333886156784,0.2528608493401248,e5m2,128,32,tensor,fp32,0,,bf16,False,False,global,forward,False,0.08838834764831843
length,16384,128,False,flat,0.25,1,128,1.0,17,e4_tile,128,False,0.0002652490768754359,0.037609331364646836,4124,0.0009490948790028234,0.2528608493401248,e4m3,128,32,tile,fp32,0,,bf16,False,False,global,forward,False,0.08838834764831843
length,16384,128,False,flat,0.25,1,128,1.0,17,e4_rotate,128,False,0.00028677648253736085,0.037589420636563155,23,0.0009411372824672738,0.2528608493401248,e4m3,128,32,tile,fp32,0,,bf16,True,False,global,forward,False,0.08838834764831843
length,16384,128,False,flat,0.25,1,128,1.0,29,fp32,128,False,6.9511593521129345e-09,4.82124529467655e-07,16355,1.4628094304941136e-08,0.24522139757727227,fp32,128,32,tensor,fp32,0,,fp32,False,False,global,forward,False,0.08838834764831843
length,16384,128,False,flat,0.25,1,128,1.0,29,bf16,128,False,2.282296371626893e-05,0.0027792735204927046,16372,7.018440301010346e-05,0.24522139757727227,bf16,128,32,tensor,fp32,0,,bf16,False,False,global,forward,False,0.08838834764831843
length,16384,128,False,flat,0.25,1,128,1.0,29,e4_tensor,128,False,0.00028039772287392776,0.03801680797296956,4113,0.0009509840933987416,0.24522139757727227,e4m3,128,32,tensor,fp32,0,,bf16,False,False,global,forward,False,0.08838834764831843
length,16384,128,False,flat,0.25,1,128,1.0,29,e5_tensor,128,False,0.0006838626939828291,0.07446523434032937,8208,0.0019727917302463063,0.24522139757727227,e5m2,128,32,tensor,fp32,0,,bf16,False,False,global,forward,False,0.08838834764831843
length,16384,128,False,flat,0.25,1,128,1.0,29,e4_tile,128,False,0.00029709763588680964,0.03795190976950169,16366,0.0009522682254102089,0.24522139757727227,e4m3,128,32,tile,fp32,0,,bf16,False,False,global,forward,False,0.08838834764831843
length,16384,128,False,flat,0.25,1,128,1.0,29,e4_rotate,128,False,0.0003091519749268892,0.03796539012176252,4096,0.0009399005189587576,0.24522139757727227,e4m3,128,32,tile,fp32,0,,bf16,True,False,global,forward,False,0.08838834764831843
length,16384,128,False,normal,1.0,1,128,1.0,3,fp32,128,False,4.7042056125490284e-08,4.7524458462665273e-07,4097,1.20282852473622e-07,1.754620653189923,fp32,128,32,tensor,fp32,0,,fp32,False,False,global,forward,False,0.08838834764831843
length,16384,128,False,normal,1.0,1,128,1.0,3,bf16,128,False,0.00030929473688600523,0.003639062252616275,4097,0.0011054752831359382,1.754620653189923,bf16,128,32,tensor,fp32,0,,bf16,False,False,global,forward,False,0.08838834764831843
length,16384,128,False,normal,1.0,1,128,1.0,3,e4_tensor,128,False,0.004393359841260304,0.05052131690669544,4097,0.013415818233646046,1.754620653189923,e4m3,128,32,tensor,fp32,0,,bf16,False,False,global,forward,False,0.08838834764831843
length,16384,128,False,normal,1.0,1,128,1.0,3,e5_tensor,128,False,0.007904726352535644,0.10046961750461302,4097,0.028636811111145258,1.754620653189923,e5m2,128,32,tensor,fp32,0,,bf16,False,False,global,forward,False,0.08838834764831843
length,16384,128,False,normal,1.0,1,128,1.0,3,e4_tile,128,False,0.0043110590100126495,0.05062120491723316,4097,0.014306288098654779,1.754620653189923,e4m3,128,32,tile,fp32,0,,bf16,False,False,global,forward,False,0.08838834764831843
length,16384,128,False,normal,1.0,1,128,1.0,3,e4_rotate,128,False,0.0028186435443643947,0.05020702763203176,20,0.010416716739834384,1.754620653189923,e4m3,128,32,tile,fp32,0,,bf16,True,False,global,forward,False,0.08838834764831843
length,16384,128,False,normal,1.0,1,128,1.0,17,fp32,128,False,4.701831297915238e-08,5.009221744353242e-07,4118,1.0146309682717379e-07,1.649786806087659,fp32,128,32,tensor,fp32,0,,fp32,False,False,global,forward,False,0.08838834764831843
length,16384,128,False,normal,1.0,1,128,1.0,17,bf16,128,False,0.0002754918316721644,0.0036844839148967956,4115,0.000748599116212442,1.649786806087659,bf16,128,32,tensor,fp32,0,,bf16,False,False,global,forward,False,0.08838834764831843
length,16384,128,False,normal,1.0,1,128,1.0,17,e4_tensor,128,False,0.0029284706213807965,0.05250914069410242,8201,0.011063132542310518,1.649786806087659,e4m3,128,32,tensor,fp32,0,,bf16,False,False,global,forward,False,0.08838834764831843
length,16384,128,False,normal,1.0,1,128,1.0,17,e5_tensor,128,False,0.0059732674557183,0.1067799771775198,16376,0.02303002544849929,1.649786806087659,e5m2,128,32,tensor,fp32,0,,bf16,False,False,global,forward,False,0.08838834764831843
length,16384,128,False,normal,1.0,1,128,1.0,17,e4_tile,128,False,0.002872829557128049,0.05357674417969081,8201,0.010852346914418713,1.649786806087659,e4m3,128,32,tile,fp32,0,,bf16,False,False,global,forward,False,0.08838834764831843
length,16384,128,False,normal,1.0,1,128,1.0,17,e4_rotate,128,False,0.0026625562775536944,0.053192607654903315,8201,0.010320577047251958,1.649786806087659,e4m3,128,32,tile,fp32,0,,bf16,True,False,global,forward,False,0.08838834764831843
length,16384,128,False,normal,1.0,1,128,1.0,29,fp32,128,False,4.482477323694556e-08,4.991157580830376e-07,8213,1.027850108551586e-07,1.6437995991511394,fp32,128,32,tensor,fp32,0,,fp32,False,False,global,forward,False,0.08838834764831843
length,16384,128,False,normal,1.0,1,128,1.0,29,bf16,128,False,0.0002493254628597695,0.0037773372397365223,4106,0.0008163175240492493,1.6437995991511394,bf16,128,32,tensor,fp32,0,,bf16,False,False,global,forward,False,0.08838834764831843
length,16384,128,False,normal,1.0,1,128,1.0,29,e4_tensor,128,False,0.003412330431963092,0.05459492690382754,8222,0.011514950076735015,1.6437995991511394,e4m3,128,32,tensor,fp32,0,,bf16,False,False,global,forward,False,0.08838834764831843
length,16384,128,False,normal,1.0,1,128,1.0,29,e5_tensor,128,False,0.006631909079719767,0.10837441600702452,28,0.021593764900316906,1.6437995991511394,e5m2,128,32,tensor,fp32,0,,bf16,False,False,global,forward,False,0.08838834764831843
length,16384,128,False,normal,1.0,1,128,1.0,29,e4_tile,128,False,0.0031930310013498896,0.055188506225631984,4105,0.011447307708723637,1.6437995991511394,e4m3,128,32,tile,fp32,0,,bf16,False,False,global,forward,False,0.08838834764831843
length,16384,128,False,normal,1.0,1,128,1.0,29,e4_rotate,128,False,0.0034694086582445632,0.05425996908291607,4105,0.011292066500766845,1.6437995991511394,e4m3,128,32,tile,fp32,0,,bf16,True,False,global,forward,False,0.08838834764831843
length,16384,128,False,sharp,2.0,1,128,1.0,3,fp32,128,False,7.429057126806526e-06,7.4200596157407e-07,4108,1.8332332642155198e-05,106.51331392404965,fp32,128,32,tensor,fp32,0,,fp32,False,False,global,forward,False,0.08838834764831843
length,16384,128,False,sharp,2.0,1,128,1.0,3,bf16,128,False,0.04009503492602695,0.006155882591272191,4108,0.13737542892840313,106.51331392404965,bf16,128,32,tensor,fp32,0,,bf16,False,False,global,forward,False,0.08838834764831843
length,16384,128,False,sharp,2.0,1,128,1.0,3,e4_tensor,128,False,0.5916320116624747,0.09558259455436975,7,2.1000704047331964,106.51331392404965,e4m3,128,32,tensor,fp32,0,,bf16,False,False,global,forward,False,0.08838834764831843
length,16384,128,False,sharp,2.0,1,128,1.0,3,e5_tensor,128,False,1.0036261596164016,0.17843205542949844,28,3.4629406255205337,106.51331392404965,e5m2,128,32,tensor,fp32,0,,bf16,False,False,global,forward,False,0.08838834764831843
length,16384,128,False,sharp,2.0,1,128,1.0,3,e4_tile,128,False,0.7202886886421356,0.10124842419982011,4115,2.8275190773775813,106.51331392404965,e4m3,128,32,tile,fp32,0,,bf16,False,False,global,forward,False,0.08838834764831843
length,16384,128,False,sharp,2.0,1,128,1.0,3,e4_rotate,128,False,0.6008629711842848,0.0895387890900361,12,2.083564292054104,106.51331392404965,e4m3,128,32,tile,fp32,0,,bf16,True,False,global,forward,False,0.08838834764831843
length,16384,128,False,sharp,2.0,1,128,1.0,17,fp32,128,False,5.141490275750726e-06,8.408783343717562e-07,8201,1.861604770065585e-05,92.11428993332953,fp32,128,32,tensor,fp32,0,,fp32,False,False,global,forward,False,0.08838834764831843
length,16384,128,False,sharp,2.0,1,128,1.0,17,bf16,128,False,0.042836220467676434,0.007527275765496707,8202,0.17165313318947245,92.11428993332953,bf16,128,32,tensor,fp32,0,,bf16,False,False,global,forward,False,0.08838834764831843
length,16384,128,False,sharp,2.0,1,128,1.0,17,e4_tensor,128,False,0.6886708382239966,0.10994246207056704,4107,2.7298793556455134,92.11428993332953,e4m3,128,32,tensor,fp32,0,,bf16,False,False,global,forward,False,0.08838834764831843
length,16384,128,False,sharp,2.0,1,128,1.0,17,e5_tensor,128,False,1.2484484827446432,0.2334508146327248,8219,4.895618409901128,92.11428993332953,e5m2,128,32,tensor,fp32,0,,bf16,False,False,global,forward,False,0.08838834764831843
length,16384,128,False,sharp,2.0,1,128,1.0,17,e4_tile,128,False,0.6945477213343922,0.1251053374687524,8219,2.756943334651086,92.11428993332953,e4m3,128,32,tile,fp32,0,,bf16,False,False,global,forward,False,0.08838834764831843
length,16384,128,False,sharp,2.0,1,128,1.0,17,e4_rotate,128,False,0.5642345211104804,0.11282700665461437,14,2.1540617447232777,92.11428993332953,e4m3,128,32,tile,fp32,0,,bf16,True,False,global,forward,False,0.08838834764831843
length,16384,128,False,sharp,2.0,1,128,1.0,29,fp32,128,False,5.926033156633537e-06,7.731633523102808e-07,16359,1.4930477897503701e-05,98.46600534733787,fp32,128,32,tensor,fp32,0,,fp32,False,False,global,forward,False,0.08838834764831843
length,16384,128,False,sharp,2.0,1,128,1.0,29,bf16,128,False,0.060499092876991956,0.00735371035883271,27,0.1783251044540282,98.46600534733787,bf16,128,32,tensor,fp32,0,,bf16,False,False,global,forward,False,0.08838834764831843
length,16384,128,False,sharp,2.0,1,128,1.0,29,e4_tensor,128,False,0.9310875403799557,0.10167029046572758,4127,3.055427313865418,98.46600534733787,e4m3,128,32,tensor,fp32,0,,bf16,False,False,global,forward,False,0.08838834764831843
length,16384,128,False,sharp,2.0,1,128,1.0,29,e5_tensor,128,False,1.3345374596200443,0.2204617668778948,4127,5.0577017401794375,98.46600534733787,e5m2,128,32,tensor,fp32,0,,bf16,False,False,global,forward,False,0.08838834764831843
length,16384,128,False,sharp,2.0,1,128,1.0,29,e4_tile,128,False,0.7463138584096567,0.11650336746511011,4121,2.872686322113537,98.46600534733787,e4m3,128,32,tile,fp32,0,,bf16,False,False,global,forward,False,0.08838834764831843
length,16384,128,False,sharp,2.0,1,128,1.0,29,e4_rotate,128,False,0.538647131687136,0.10557174425086358,16364,2.040818405918216,98.46600534733787,e4m3,128,32,tile,fp32,0,,bf16,True,False,global,forward,False,0.08838834764831843
length,16384,128,False,outliers,1.0,8,128,1.0,3,fp32,128,False,3.947247861986469e-05,2.030540404974164e-06,25,6.287769569820083e-05,68.17751050359506,fp32,128,32,tensor,fp32,0,,fp32,False,False,global,forward,False,0.08838834764831843
length,16384,128,False,outliers,1.0,8,128,1.0,3,bf16,128,False,0.12032652263483512,0.0080808343594315,8222,0.20969916502911623,68.17751050359506,bf16,128,32,tensor,fp32,0,,bf16,False,False,global,forward,False,0.08838834764831843
length,16384,128,False,outliers,1.0,8,128,1.0,3,e4_tensor,128,False,3.9406390226348353,0.2686825368930463,4098,5.345159166221024,68.17751050359506,e4m3,128,32,tensor,fp32,0,,bf16,False,False,global,forward,False,0.08838834764831843
length,16384,128,False,outliers,1.0,8,128,1.0,3,e5_tensor,128,False,6.780472702580682,0.43294868431015465,25,10.298918031647009,68.17751050359506,e5m2,128,32,tensor,fp32,0,,bf16,False,False,global,forward,False,0.08838834764831843
length,16384,128,False,outliers,1.0,8,128,1.0,3,e4_tile,128,False,0.5297276735483774,0.04283265422496268,4115,0.7017953400240236,68.17751050359506,e4m3,128,32,tile,fp32,0,,bf16,False,False,global,forward,False,0.08838834764831843
length,16384,128,False,outliers,1.0,8,128,1.0,3,e4_rotate,128,False,0.6496786058939326,0.05353864132751901,8203,0.9920208104874514,68.17751050359506,e4m3,128,32,tile,fp32,0,,bf16,True,False,global,forward,False,0.08838834764831843
length,16384,128,False,outliers,1.0,8,128,1.0,17,fp32,128,False,3.727527542007891e-05,1.5048487228449784e-06,4107,7.225684654181979e-05,91.3752770047534,fp32,128,32,tensor,fp32,0,,fp32,False,False,global,forward,False,0.08838834764831843
length,16384,128,False,outliers,1.0,8,128,1.0,17,bf16,128,False,0.222842018340212,0.013057727157719494,16374,0.33110883210069875,91.3752770047534,bf16,128,32,tensor,fp32,0,,bf16,False,False,global,forward,False,0.08838834764831843
length,16384,128,False,outliers,1.0,8,128,1.0,17,e4_tensor,128,False,5.7482865806480605,0.2837422789397499,16381,11.01004690322956,91.3752770047534,e4m3,128,32,tensor,fp32,0,,bf16,False,False,global,forward,False,0.08838834764831843
length,16384,128,False,outliers,1.0,8,128,1.0,17,e5_tensor,128,False,4.40251651166667,0.34025262332054873,5,9.11280138533003,91.3752770047534,e5m2,128,32,tensor,fp32,0,,bf16,False,False,global,forward,False,0.08838834764831843
length,16384,128,False,outliers,1.0,8,128,1.0,17,e4_tile,128,False,0.6712969211220186,0.04367787409937078,29,1.3696680572817947,91.3752770047534,e4m3,128,32,tile,fp32,0,,bf16,False,False,global,forward,False,0.08838834764831843
length,16384,128,False,outliers,1.0,8,128,1.0,17,e4_rotate,128,False,0.6628859908640279,0.04014124695961423,16380,0.9054046452100161,91.3752770047534,e4m3,128,32,tile,fp32,0,,bf16,True,False,global,forward,False,0.08838834764831843
length,16384,128,False,outliers,1.0,8,128,1.0,29,fp32,128,False,5.127370501101236e-05,3.6938533803094302e-06,8214,9.484816162680922e-05,51.58141113730943,fp32,128,32,tensor,fp32,0,,fp32,False,False,global,forward,False,0.08838834764831843
length,16384,128,False,outliers,1.0,8,128,1.0,29,bf16,128,False,0.29704015984046883,0.028665349139682487,6,0.4873405870159111,51.58141113730943,bf16,128,32,tensor,fp32,0,,bf16,False,False,global,forward,False,0.08838834764831843
length,16384,128,False,outliers,1.0,8,128,1.0,29,e4_tensor,128,False,5.341312942772467,0.514505463934706,16362,8.384451593230702,51.58141113730943,e4m3,128,32,tensor,fp32,0,,bf16,False,False,global,forward,False,0.08838834764831843
length,16384,128,False,outliers,1.0,8,128,1.0,29,e5_tensor,128,False,6.996681352919373,0.5882277163223671,4099,10.357230308518643,51.58141113730943,e5m2,128,32,tensor,fp32,0,,bf16,False,False,global,forward,False,0.08838834764831843
length,16384,128,False,outliers,1.0,8,128,1.0,29,e4_tile,128,False,0.6121992116989818,0.062181360535049884,4114,0.7697878241077563,51.58141113730943,e4m3,128,32,tile,fp32,0,,bf16,False,False,global,forward,False,0.08838834764831843
length,16384,128,False,outliers,1.0,8,128,1.0,29,e4_rotate,128,False,1.0440881787297527,0.08823706704257117,4127,1.7030213642444996,51.58141113730943,e4m3,128,32,tile,fp32,0,,bf16,True,False,global,forward,False,0.08838834764831843
length,16384,128,True,flat,0.25,1,128,1.0,3,fp32,128,False,3.675917972789655e-08,7.278739534287467e-08,4,1.231918366819484e-07,6.109170361528644,fp32,128,32,tensor,fp32,0,,fp32,False,False,global,forward,True,0.08838834764831843
length,16384,128,True,flat,0.25,1,128,1.0,3,bf16,128,False,0.0018706499241900043,0.002414973382108911,0,0.005587343327331207,6.109170361528644,bf16,128,32,tensor,fp32,0,,bf16,False,False,global,forward,True,0.08838834764831843
length,16384,128,True,flat,0.25,1,128,1.0,3,e4_tensor,128,False,0.022380709648132324,0.029322640504389815,0,0.07496266071436845,6.109170361528644,e4m3,128,32,tensor,fp32,0,,bf16,False,False,global,forward,True,0.08838834764831843
length,16384,128,True,flat,0.25,1,128,1.0,3,e5_tensor,128,False,0.05018812417984009,0.062461892877619496,0,0.14782954879633653,6.109170361528644,e5m2,128,32,tensor,fp32,0,,bf16,False,False,global,forward,True,0.08838834764831843
length,16384,128,True,flat,0.25,1,128,1.0,3,e4_tile,128,False,0.03574937582015991,0.028926787244475827,0,0.08054734607452835,6.109170361528644,e4m3,128,32,tile,fp32,0,,bf16,False,False,global,forward,True,0.08838834764831843
length,16384,128,True,flat,0.25,1,128,1.0,3,e4_rotate,128,False,0.03574937582015991,0.029052130433603853,0,0.08054734607452835,6.109170361528644,e4m3,128,32,tile,fp32,0,,bf16,True,False,global,forward,True,0.08838834764831843
length,16384,128,True,flat,0.25,1,128,1.0,17,fp32,128,False,3.563387560023834e-08,7.347028398322059e-08,2,1.069420516038831e-07,5.893592176318422,fp32,128,32,tensor,fp32,0,,fp32,False,False,global,forward,True,0.08838834764831843
length,16384,128,True,flat,0.25,1,128,1.0,17,bf16,128,False,0.0018529891967773438,0.0024607954729496846,1,0.005215925404420848,5.893592176318422,bf16,128,32,tensor,fp32,0,,bf16,False,False,global,forward,True,0.08838834764831843
length,16384,128,True,flat,0.25,1,128,1.0,17,e4_tensor,128,False,0.024015367031097412,0.031610400321213865,0,0.07683652041671042,5.893592176318422,e4m3,128,32,tensor,fp32,0,,bf16,False,False,global,forward,True,0.08838834764831843
length,16384,128,True,flat,0.25,1,128,1.0,17,e5_tensor,128,False,0.044821739196777344,0.06457705862894136,0,0.13246129675514742,5.893592176318422,e5m2,128,32,tensor,fp32,0,,bf16,False,False,global,forward,True,0.08838834764831843
length,16384,128,True,flat,0.25,1,128,1.0,17,e4_tile,128,False,0.025290489196777344,0.030972450121600496,0,0.07386558586269722,5.893592176318422,e4m3,128,32,tile,fp32,0,,bf16,False,False,global,forward,True,0.08838834764831843
length,16384,128,True,flat,0.25,1,128,1.0,17,e4_rotate,128,False,0.025290489196777344,0.031243103105614244,0,0.07386558586269722,5.893592176318422,e4m3,128,32,tile,fp32,0,,bf16,True,False,global,forward,True,0.08838834764831843
length,16384,128,True,flat,0.25,1,128,1.0,29,fp32,128,False,7.173359151124714e-08,7.345550346556408e-08,1,1.2436280428939933e-07,5.778601603421185,fp32,128,32,tensor,fp32,0,,fp32,False,False,global,forward,True,0.08838834764831843
length,16384,128,True,flat,0.25,1,128,1.0,29,bf16,128,False,0.002388703615071819,0.0024634838166350385,1,0.0055922483356859246,5.778601603421185,bf16,128,32,tensor,fp32,0,,bf16,False,False,global,forward,True,0.08838834764831843
length,16384,128,True,flat,0.25,1,128,1.0,29,e4_tensor,128,False,0.021036148071289062,0.03251272637691309,0,0.07993858177055778,5.778601603421185,e4m3,128,32,tensor,fp32,0,,bf16,False,False,global,forward,True,0.08838834764831843
length,16384,128,True,flat,0.25,1,128,1.0,29,e5_tensor,128,False,0.05316995361507182,0.06873132536650532,0,0.15439339373649388,5.778601603421185,e5m2,128,32,tensor,fp32,0,,bf16,False,False,global,forward,True,0.08838834764831843
length,16384,128,True,flat,0.25,1,128,1.0,29,e4_tile,128,False,0.020582215974038087,0.0322517358921761,0,0.0801147970094622,5.778601603421185,e4m3,128,32,tile,fp32,0,,bf16,False,False,global,forward,True,0.08838834764831843
length,16384,128,True,flat,0.25,1,128,1.0,29,e4_rotate,128,False,0.022535340974038087,0.032107162256388634,0,0.0801147970094622,5.778601603421185,e4m3,128,32,tile,fp32,0,,bf16,True,False,global,forward,True,0.08838834764831843
length,16384,128,True,normal,1.0,1,128,1.0,3,fp32,128,False,5.32043843093355e-07,1.1059808341739774e-07,20,1.6626816058012113e-06,31.692204258389896,fp32,128,32,tensor,fp32,0,,fp32,False,False,global,forward,True,0.08838834764831843
length,16384,128,True,normal,1.0,1,128,1.0,3,bf16,128,False,0.010148711758694695,0.0029907682852368046,1,0.03363381141749672,31.692204258389896,bf16,128,32,tensor,fp32,0,,bf16,False,False,global,forward,True,0.08838834764831843
length,16384,128,True,normal,1.0,1,128,1.0,3,e4_tensor,128,False,0.12948088876223762,0.03805207736971806,2,0.36447868047971066,31.692204258389896,e4m3,128,32,tensor,fp32,0,,bf16,False,False,global,forward,True,0.08838834764831843
length,16384,128,True,normal,1.0,1,128,1.0,3,e5_tensor,128,False,0.21764899220244904,0.07904242001074224,2,0.880570030533484,31.692204258389896,e5m2,128,32,tensor,fp32,0,,bf16,False,False,global,forward,True,0.08838834764831843
length,16384,128,True,normal,1.0,1,128,1.0,3,e4_tile,128,False,0.16381697072929358,0.03672506003772328,2,0.41773866031786605,31.692204258389896,e4m3,128,32,tile,fp32,0,,bf16,False,False,global,forward,True,0.08838834764831843
length,16384,128,True,normal,1.0,1,128,1.0,3,e4_rotate,128,False,0.16381697072929358,0.03698568528923021,2,0.4175115507482471,31.692204258389896,e4m3,128,32,tile,fp32,0,,bf16,True,False,global,forward,True,0.08838834764831843
length,16384,128,True,normal,1.0,1,128,1.0,17,fp32,128,False,4.6824270483192265e-07,1.1961909687955103e-07,8,1.355039277592161e-06,29.799339514686405,fp32,128,32,tensor,fp32,0,,fp32,False,False,global,forward,True,0.08838834764831843
length,16384,128,True,normal,1.0,1,128,1.0,17,bf16,128,False,0.011050056968817223,0.002909469624199531,1,0.028183473578099378,29.799339514686405,bf16,128,32,tensor,fp32,0,,bf16,False,False,global,forward,True,0.08838834764831843
length,16384,128,True,normal,1.0,1,128,1.0,17,e4_tensor,128,False,0.13012926169827654,0.041124296357976556,2,0.41062818079690144,29.799339514686405,e4m3,128,32,tensor,fp32,0,,bf16,False,False,global,forward,True,0.08838834764831843
length,16384,128,True,normal,1.0,1,128,1.0,17,e5_tensor,128,False,0.23207455186506687,0.07471272015351049,11,0.6215881983030525,29.799339514686405,e5m2,128,32,tensor,fp32,0,,bf16,False,False,global,forward,True,0.08838834764831843
length,16384,128,True,normal,1.0,1,128,1.0,17,e4_tile,128,False,0.10786157792755202,0.03749335071126859,3,0.30831358671258746,29.799339514686405,e4m3,128,32,tile,fp32,0,,bf16,False,False,global,forward,True,0.08838834764831843
length,16384,128,True,normal,1.0,1,128,1.0,17,e4_rotate,128,False,0.13819073153308212,0.03837017030099052,4,0.41375742079112504,29.799339514686405,e4m3,128,32,tile,fp32,0,,bf16,True,False,global,forward,True,0.08838834764831843
length,16384,128,True,normal,1.0,1,128,1.0,29,fp32,128,False,4.1995430277719237e-07,1.1256119202530253e-07,6,1.2504603200427262e-06,30.122843777378296,fp32,128,32,tensor,fp32,0,,fp32,False,False,global,forward,True,0.08838834764831843
length,16384,128,True,normal,1.0,1,128,1.0,29,bf16,128,False,0.011913485340558694,0.0028162421738308786,1,0.026595900264157278,30.122843777378296,bf16,128,32,tensor,fp32,0,,bf16,False,False,global,forward,True,0.08838834764831843
length,16384,128,True,normal,1.0,1,128,1.0,29,e4_tensor,128,False,0.11914380203947572,0.04153564651197596,4,0.4571656794129397,30.122843777378296,e4m3,128,32,tensor,fp32,0,,bf16,False,False,global,forward,True,0.08838834764831843
length,16384,128,True,normal,1.0,1,128,1.0,29,e5_tensor,128,False,0.33286492328461836,0.08771160093839511,2,0.811860182245174,30.122843777378296,e5m2,128,32,tensor,fp32,0,,bf16,False,False,global,forward,True,0.08838834764831843
length,16384,128,True,normal,1.0,1,128,1.0,29,e4_tile,128,False,0.12105336633467623,0.04225320364103291,8,0.3400981794219421,30.122843777378296,e4m3,128,32,tile,fp32,0,,bf16,False,False,global,forward,True,0.08838834764831843
length,16384,128,True,normal,1.0,1,128,1.0,29,e4_rotate,128,False,0.09848992328461836,0.03749702640166953,0,0.3204591880378488,30.122843777378296,e4m3,128,32,tile,fp32,0,,bf16,True,False,global,forward,True,0.08838834764831843
length,16384,128,True,sharp,2.0,1,128,1.0,3,fp32,128,False,3.7867033821914475e-06,4.834219701574426e-07,16357,1.2138694731795078e-05,136.0393945623778,fp32,128,32,tensor,fp32,0,,fp32,False,False,global,forward,True,0.08838834764831843
length,16384,128,True,sharp,2.0,1,128,1.0,3,bf16,128,False,0.04093502952930894,0.005085130110030341,21,0.1402783246699691,136.0393945623778,bf16,128,32,tensor,fp32,0,,bf16,False,False,global,forward,True,0.08838834764831843
length,16384,128,True,sharp,2.0,1,128,1.0,3,e4_tensor,128,False,0.7909223136531582,0.07825296589376328,4117,2.3412593806382636,136.0393945623778,e4m3,128,32,tensor,fp32,0,,bf16,False,False,global,forward,True,0.08838834764831843
length,16384,128,True,sharp,2.0,1,128,1.0,3,e5_tensor,128,False,1.7623918623482693,0.15997164094728858,10,6.682876574729997,136.0393945623778,e5m2,128,32,tensor,fp32,0,,bf16,False,False,global,forward,True,0.08838834764831843
length,16384,128,True,sharp,2.0,1,128,1.0,3,e4_tile,128,False,0.629929102902858,0.07745724665602917,16362,2.528150149070478,136.0393945623778,e4m3,128,32,tile,fp32,0,,bf16,False,False,global,forward,True,0.08838834764831843
length,16384,128,True,sharp,2.0,1,128,1.0,3,e4_rotate,128,False,0.5959557818946166,0.07553202966259334,8210,2.362188935163873,136.0393945623778,e4m3,128,32,tile,fp32,0,,bf16,True,False,global,forward,True,0.08838834764831843
length,16384,128,True,sharp,2.0,1,128,1.0,17,fp32,128,False,4.474974025114875e-06,4.694778194052254e-07,8203,1.535367170589441e-05,140.52311772627422,fp32,128,32,tensor,fp32,0,,fp32,False,False,global,forward,True,0.08838834764831843
length,16384,128,True,sharp,2.0,1,128,1.0,17,bf16,128,False,0.047789198244500675,0.00515284952771732,8202,0.19425687633083805,140.52311772627422,bf16,128,32,tensor,fp32,0,,bf16,False,False,global,forward,True,0.08838834764831843
length,16384,128,True,sharp,2.0,1,128,1.0,17,e4_tensor,128,False,0.8894135807289112,0.07752080630997842,4103,2.819335997970694,140.52311772627422,e4m3,128,32,tensor,fp32,0,,bf16,False,False,global,forward,True,0.08838834764831843
length,16384,128,True,sharp,2.0,1,128,1.0,17,e5_tensor,128,False,1.4226263011428946,0.15993022863188386,4124,6.121102187367249,140.52311772627422,e5m2,128,32,tensor,fp32,0,,bf16,False,False,global,forward,True,0.08838834764831843
length,16384,128,True,sharp,2.0,1,128,1.0,17,e4_tile,128,False,0.6893854613850118,0.07997415625728171,8219,2.899816579098962,140.52311772627422,e4m3,128,32,tile,fp32,0,,bf16,False,False,global,forward,True,0.08838834764831843
length,16384,128,True,sharp,2.0,1,128,1.0,17,e4_rotate,128,False,0.9116387182256123,0.08865179201391729,19,3.3934417484575836,140.52311772627422,e4m3,128,32,tile,fp32,0,,bf16,True,False,global,forward,True,0.08838834764831843
length,16384,128,True,sharp,2.0,1,128,1.0,29,fp32,128,False,5.644292492945624e-06,5.010761127641286e-07,4106,1.9260174402313387e-05,133.2445694686488,fp32,128,32,tensor,fp32,0,,fp32,False,False,global,forward,True,0.08838834764831843
length,16384,128,True,sharp,2.0,1,128,1.0,29,bf16,128,False,0.06865749020607181,0.005745769149541576,4106,0.3016403398012005,133.2445694686488,bf16,128,32,tensor,fp32,0,,bf16,False,False,global,forward,True,0.08838834764831843
length,16384,128,True,sharp,2.0,1,128,1.0,29,e4_tensor,128,False,1.0207085427143632,0.08245069731463982,12,3.3413434532377444,133.2445694686488,e4m3,128,32,tensor,fp32,0,,bf16,False,False,global,forward,True,0.08838834764831843
length,16384,128,True,sharp,2.0,1,128,1.0,29,e5_tensor,128,False,1.7367446411131526,0.17834473804736714,4104,6.191903761206611,133.2445694686488,e5m2,128,32,tensor,fp32,0,,bf16,False,False,global,forward,True,0.08838834764831843
length,16384,128,True,sharp,2.0,1,128,1.0,29,e4_tile,128,False,0.7896821766204791,0.09962427239082813,27,3.35411306413285,133.2445694686488,e4m3,128,32,tile,fp32,0,,bf16,False,False,global,forward,True,0.08838834764831843
length,16384,128,True,sharp,2.0,1,128,1.0,29,e4_rotate,128,False,0.7424856152060718,0.09118688826909045,11,3.151209634180385,133.2445694686488,e4m3,128,32,tile,fp32,0,,bf16,True,False,global,forward,True,0.08838834764831843
length,16384,128,True,outliers,1.0,8,128,1.0,3,fp32,128,False,2.5838329239136204e-05,1.1451420905344355e-06,8209,4.136227343822211e-05,88.05575954410766,fp32,128,32,tensor,fp32,0,,fp32,False,False,global,forward,True,0.08838834764831843
length,16384,128,True,outliers,1.0,8,128,1.0,3,bf16,128,False,0.23785096378509546,0.009289665758267724,4098,0.3249914830918715,88.05575954410766,bf16,128,32,tensor,fp32,0,,bf16,False,False,global,forward,True,0.08838834764831843
length,16384,128,True,outliers,1.0,8,128,1.0,3,e4_tensor,128,False,2.2925663428160292,0.19634723203132717,4126,9.250444827136814,88.05575954410766,e4m3,128,32,tensor,fp32,0,,bf16,False,False,global,forward,True,0.08838834764831843
length,16384,128,True,outliers,1.0,8,128,1.0,3,e5_tensor,128,False,3.9085921084673867,0.2788597696216129,8206,8.6787102222384,88.05575954410766,e5m2,128,32,tensor,fp32,0,,bf16,False,False,global,forward,True,0.08838834764831843
length,16384,128,True,outliers,1.0,8,128,1.0,3,e4_tile,128,False,1.2004167844101818,0.06304589697366692,3,2.189918005877328,88.05575954410766,e4m3,128,32,tile,fp32,0,,bf16,False,False,global,forward,True,0.08838834764831843
length,16384,128,True,outliers,1.0,8,128,1.0,3,e4_rotate,128,False,0.47997742862884546,0.03915170900246612,8195,0.8103878397134558,88.05575954410766,e4m3,128,32,tile,fp32,0,,bf16,True,False,global,forward,True,0.08838834764831843
length,16384,128,True,outliers,1.0,8,128,1.0,17,fp32,128,False,3.839213966697064e-05,1.2098708104100085e-06,4114,4.384791417900655e-05,91.18534575507465,fp32,128,32,tensor,fp32,0,,fp32,False,False,global,forward,True,0.08838834764831843
length,16384,128,True,outliers,1.0,8,128,1.0,17,bf16,128,False,0.1778142899977624,0.009833094982517337,16374,0.33110883067729696,91.18534575507465,bf16,128,32,tensor,fp32,0,,bf16,False,False,global,forward,True,0.08838834764831843
length,16384,128,True,outliers,1.0,8,128,1.0,17,e4_tensor,128,False,5.7482865806480605,0.21425339537207708,16381,11.01004690322956,91.18534575507465,e4m3,128,32,tensor,fp32,0,,bf16,False,False,global,forward,True,0.08838834764831843
length,16384,128,True,outliers,1.0,8,128,1.0,17,e5_tensor,128,False,13.05326322167663,0.4216272665171748,4120,16.92184916934885,91.18534575507465,e5m2,128,32,tensor,fp32,0,,bf16,False,False,global,forward,True,0.08838834764831843
length,16384,128,True,outliers,1.0,8,128,1.0,17,e4_tile,128,False,0.6712836519110077,0.04734852309284844,16353,0.9808068753462597,91.18534575507465,e4m3,128,32,tile,fp32,0,,bf16,False,False,global,forward,True,0.08838834764831843
length,16384,128,True,outliers,1.0,8,128,1.0,17,e4_rotate,128,False,0.9479052223085537,0.04470456428001092,4126,1.1625105809743834,91.18534575507465,e4m3,128,32,tile,fp32,0,,bf16,True,False,global,forward,True,0.08838834764831843
length,16384,128,True,outliers,1.0,8,128,1.0,29,fp32,128,False,4.506460296660464e-05,1.969679612875853e-06,8214,8.771882412483561e-05,85.76466683247558,fp32,128,32,tensor,fp32,0,,fp32,False,False,global,forward,True,0.08838834764831843
length,16384,128,True,outliers,1.0,8,128,1.0,29,bf16,128,False,0.31186699518096894,0.016716618885514452,8214,0.507752034083723,85.76466683247558,bf16,128,32,tensor,fp32,0,,bf16,False,False,global,forward,True,0.08838834764831843
length,16384,128,True,outliers,1.0,8,128,1.0,29,e4_tensor,128,False,5.341426793418421,0.2855124838169598,16362,8.38453520468541,85.76466683247558,e4m3,128,32,tensor,fp32,0,,bf16,False,False,global,forward,True,0.08838834764831843
length,16384,128,True,outliers,1.0,8,128,1.0,29,e5_tensor,128,False,10.78065410131863,0.32591685276242693,10,12.437857279960221,85.76466683247558,e5m2,128,32,tensor,fp32,0,,bf16,False,False,global,forward,True,0.08838834764831843
length,16384,128,True,outliers,1.0,8,128,1.0,29,e4_tile,128,False,4.90565410131863,0.10747176930971308,10,5.651349881997215,85.76466683247558,e4m3,128,32,tile,fp32,0,,bf16,False,False,global,forward,True,0.08838834764831843
length,16384,128,True,outliers,1.0,8,128,1.0,29,e4_rotate,128,False,0.6854443136715247,0.05163714331466236,4127,1.677292062998657,85.76466683247558,e4m3,128,32,tile,fp32,0,,bf16,True,False,global,forward,True,0.08838834764831843
length,65536,64,False,flat,0.25,1,128,1.0,3,fp32,128,False,6.636770948781345e-09,9.413943138933063e-07,32788,1.2393107197174533e-08,0.09099503377387558,fp32,128,32,tensor,fp32,0,,fp32,False,False,global,forward,False,0.125
length,65536,64,False,flat,0.25,1,128,1.0,3,bf16,128,False,1.285503280419988e-05,0.002646776410919224,32772,2.693918320825026e-05,0.09099503377387558,bf16,128,32,tensor,fp32,0,,bf16,False,False,global,forward,False,0.125
length,65536,64,False,flat,0.25,1,128,1.0,3,e4_tensor,128,False,0.00016164493656084023,0.03794390911771319,65525,0.0003669625288472348,0.09099503377387558,e4m3,128,32,tensor,fp32,0,,bf16,False,False,global,forward,False,0.125
length,65536,64,False,flat,0.25,1,128,1.0,3,e5_tensor,128,False,0.00026524490492709505,0.07098205904163098,29,0.0006679019024255805,0.09099503377387558,e5m2,128,32,tensor,fp32,0,,bf16,False,False,global,forward,False,0.125
length,65536,64,False,flat,0.25,1,128,1.0,3,e4_tile,128,False,0.00014684175525547306,0.03681637956631339,65535,0.0003503331414847348,0.09099503377387558,e4m3,128,32,tile,fp32,0,,bf16,False,False,global,forward,False,0.125
length,65536,64,False,flat,0.25,1,128,1.0,3,e4_rotate,128,False,0.00013162628865526368,0.03633470062383867,16406,0.00033967725504341475,0.09099503377387558,e4m3,128,32,tile,fp32,0,,bf16,True,False,global,forward,False,0.125
length,65536,64,False,flat,0.25,1,128,1.0,17,fp32,128,False,5.654108219815823e-09,8.635356774360619e-07,21,1.1145158342882675e-08,0.09448193151283767,fp32,128,32,tensor,fp32,0,,fp32,False,False,global,forward,False,0.125
length,65536,64,False,flat,0.25,1,128,1.0,17,bf16,128,False,1.2079500191766387e-05,0.002541088186380705,31,2.5850965185674892e-05,0.09448193151283767,bf16,128,32,tensor,fp32,0,,bf16,False,False,global,forward,False,0.125
length,65536,64,False,flat,0.25,1,128,1.0,17,e4_tensor,128,False,0.00013493708135776982,0.03340811397653871,18,0.0003532795749880611,0.09448193151283767,e4m3,128,32,tensor,fp32,0,,bf16,False,False,global,forward,False,0.125
length,65536,64,False,flat,0.25,1,128,1.0,17,e5_tensor,128,False,0.00029879728468109766,0.07330791560551687,16413,0.0007325641551726529,0.09448193151283767,e5m2,128,32,tensor,fp32,0,,bf16,False,False,global,forward,False,0.125
length,65536,64,False,flat,0.25,1,128,1.0,17,e4_tile,128,False,0.00012000506122158836,0.03357448518217761,65511,0.0003403861537612059,0.09448193151283767,e4m3,128,32,tile,fp32,0,,bf16,False,False,global,forward,False,0.125
length,65536,64,False,flat,0.25,1,128,1.0,17,e4_rotate,128,False,0.00012494243229273488,0.03347408925036502,16394,0.00032991904123272754,0.09448193151283767,e4m3,128,32,tile,fp32,0,,bf16,True,False,global,forward,False,0.125
length,65536,64,False,flat,0.25,1,128,1.0,29,fp32,128,False,6.105962521620739e-09,8.570746247950043e-07,15,1.2283156400297403e-08,0.10038147594497131,fp32,128,32,tensor,fp32,0,,fp32,False,False,global,forward,False,0.125
length,65536,64,False,flat,0.25,1,128,1.0,29,bf16,128,False,1.2337570899806447e-05,0.002517534773827514,32781,2.716199723587886e-05,0.10038147594497131,bf16,128,32,tensor,fp32,0,,bf16,False,False,global,forward,False,0.125
length,65536,64,False,flat,0.25,1,128,1.0,29,e4_tensor,128,False,0.00013846887897219482,0.03140893142431159,16407,0.0003455477951664553,0.10038147594497131,e4m3,128,32,tensor,fp32,0,,bf16,False,False,global,forward,False,0.125
length,65536,64,False,flat,0.25,1,128,1.0,29,e5_tensor,128,False,0.0002901765045671988,0.06912058426817697,65534,0.0007589266008939215,0.10038147594497131,e5m2,128,32,tensor,fp32,0,,bf16,False,False,global,forward,False,0.125
length,65536,64,False,flat,0.25,1,128,1.0,29,e4_tile,128,False,0.0001214401003950317,0.031327739216880764,16413,0.0003303110783588734,0.10038147594497131,e4m3,128,32,tile,fp32,0,,bf16,False,False,global,forward,False,0.125
length,65536,64,False,flat,0.25,1,128,1.0,29,e4_rotate,128,False,0.00013713023657897262,0.03135103517159753,16386,0.00032970750769064077,0.10038147594497131,e4m3,128,32,tile,fp32,0,,bf16,True,False,global,forward,False,0.125
length,65536,64,False,normal,1.0,1,128,1.0,3,fp32,128,False,3.954692435505225e-08,9.271352685807326e-07,65521,7.505555064518299e-08,0.5955300637824436,fp32,128,32,tensor,fp32,0,,fp32,False,False,global,forward,False,0.125
length,65536,64,False,normal,1.0,1,128,1.0,3,bf16,128,False,0.00012212961307801404,0.003789078252645248,22,0.00027373536110858644,0.5955300637824436,bf16,128,32,tensor,fp32,0,,bf16,False,False,global,forward,False,0.125
length,65536,64,False,normal,1.0,1,128,1.0,3,e4_tensor,128,False,0.0014455433373572468,0.05378234337001584,22,0.004150858899585499,0.5955300637824436,e4m3,128,32,tensor,fp32,0,,bf16,False,False,global,forward,False,0.125
length,65536,64,False,normal,1.0,1,128,1.0,3,e5_tensor,128,False,0.0028846873071333053,0.10482367504911688,16397,0.008045791123558745,0.5955300637824436,e5m2,128,32,tensor,fp32,0,,bf16,False,False,global,forward,False,0.125
length,65536,64,False,normal,1.0,1,128,1.0,3,e4_tile,128,False,0.0014734956797095244,0.05421962508548048,32787,0.003962864405376554,0.5955300637824436,e4m3,128,32,tile,fp32,0,,bf16,False,False,global,forward,False,0.125
length,65536,64,False,normal,1.0,1,128,1.0,3,e4_rotate,128,False,0.001547861171211683,0.05359311944273291,65509,0.004572326038359904,0.5955300637824436,e4m3,128,32,tile,fp32,0,,bf16,True,False,global,forward,False,0.125
length,65536,64,False,normal,1.0,1,128,1.0,17,fp32,128,False,5.4924357062446916e-08,9.019559728279228e-07,29,7.497594486612895e-08,0.5963826742845675,fp32,128,32,tensor,fp32,0,,fp32,False,False,global,forward,False,0.125
length,65536,64,False,normal,1.0,1,128,1.0,17,bf16,128,False,0.00010873714558325316,0.0038352715476211697,65522,0.00031875683292627587,0.5963826742845675,bf16,128,32,tensor,fp32,0,,bf16,False,False,global,forward,False,0.125
length,65536,64,False,normal,1.0,1,128,1.0,17,e4_tensor,128,False,0.0018795095820463223,0.05430318556834077,16384,0.004160390941748831,0.5963826742845675,e4m3,128,32,tensor,fp32,0,,bf16,False,False,global,forward,False,0.125
length,65536,64,False,normal,1.0,1,128,1.0,17,e5_tensor,128,False,0.0032067629935199965,0.10735887210689948,32784,0.010614769716093804,0.5963826742845675,e5m2,128,32,tensor,fp32,0,,bf16,False,False,global,forward,False,0.125
length,65536,64,False,normal,1.0,1,128,1.0,17,e4_tile,128,False,0.0015166916114961997,0.054716727385148885,24,0.004181676186765958,0.5963826742845675,e4m3,128,32,tile,fp32,0,,bf16,False,False,global,forward,False,0.125
length,65536,64,False,normal,1.0,1,128,1.0,17,e4_rotate,128,False,0.0016931266483121844,0.05424073751154199,65516,0.004563656511011689,0.5963826742845675,e4m3,128,32,tile,fp32,0,,bf16,True,False,global,forward,False,0.125
length,65536,64,False,normal,1.0,1,128,1.0,29,fp32,128,False,4.667118343876231e-08,8.844038801209724e-07,32793,8.02856463392021e-08,0.6251389864964274,fp32,128,32,tensor,fp32,0,,fp32,False,False,global,forward,False,0.125
length,65536,64,False,normal,1.0,1,128,1.0,29,bf16,128,False,0.00012407500733957032,0.0036188298852834343,32771,0.0003148381018110736,0.6251389864964274,bf16,128,32,tensor,fp32,0,,bf16,False,False,global,forward,False,0.125
length,65536,64,False,normal,1.0,1,128,1.0,29,e4_tensor,128,False,0.0015211796358594568,0.052183233089704247,32768,0.00395106465200845,0.6251389864964274,e4m3,128,32,tensor,fp32,0,,bf16,False,False,global,forward,False,0.125
length,65536,64,False,normal,1.0,1,128,1.0,29,e5_tensor,128,False,0.0035739480403346943,0.10425174804085545,32775,0.009378936151819284,0.6251389864964274,e5m2,128,32,tensor,fp32,0,,bf16,False,False,global,forward,False,0.125
length,65536,64,False,normal,1.0,1,128,1.0,29,e4_tile,128,False,0.0016628244889441428,0.05066061287237232,16406,0.003936074787300209,0.6251389864964274,e4m3,128,32,tile,fp32,0,,bf16,False,False,global,forward,False,0.125
length,65536,64,False,normal,1.0,1,128,1.0,29,e4_rotate,128,False,0.0017501673852180887,0.05170003978362224,16411,0.004415110067186987,0.6251389864964274,e4m3,128,32,tile,fp32,0,,bf16,True,False,global,forward,False,0.125
length,65536,64,False,sharp,2.0,1,128,1.0,3,fp32,128,False,1.2874031985354861e-05,1.1687208282384985e-06,32772,1.933570942549112e-05,63.71229638017829,fp32,128,32,tensor,fp32,0,,fp32,False,False,global,forward,False,0.125
length,65536,64,False,sharp,2.0,1,128,1.0,3,bf16,128,False,0.05281997213668488,0.007103623879481942,16397,0.15209065927947912,63.71229638017829,bf16,128,32,tensor,fp32,0,,bf16,False,False,global,forward,False,0.125
length,65536,64,False,sharp,2.0,1,128,1.0,3,e4_tensor,128,False,0.8196678330794489,0.11509888370702637,16408,1.7786235373909705,63.71229638017829,e4m3,128,32,tensor,fp32,0,,bf16,False,False,global,forward,False,0.125
length,65536,64,False,sharp,2.0,1,128,1.0,3,e5_tensor,128,False,1.1624157011249334,0.21737869214390299,65535,3.701304256381144,63.71229638017829,e5m2,128,32,tensor,fp32,0,,bf16,False,False,global,forward,False,0.125
length,65536,64,False,sharp,2.0,1,128,1.0,3,e4_tile,128,False,0.6065010012550351,0.11269368077945138,32794,1.844906665496796,63.71229638017829,e4m3,128,32,tile,fp32,0,,bf16,False,False,global,forward,False,0.125
length,65536,64,False,sharp,2.0,1,128,1.0,3,e4_rotate,128,False,0.9592907011249334,0.13065847015619725,16397,2.2764117595855033,63.71229638017829,e4m3,128,32,tile,fp32,0,,bf16,True,False,global,forward,False,0.125
length,65536,64,False,sharp,2.0,1,128,1.0,17,fp32,128,False,8.302045993779927e-06,1.3445593790674886e-06,12,2.1437779360266724e-05,57.5781160733362,fp32,128,32,tensor,fp32,0,,fp32,False,False,global,forward,False,0.125
length,65536,64,False,sharp,2.0,1,128,1.0,17,bf16,128,False,0.04344820946881667,0.00802969677483349,12,0.124413286910691,57.5781160733362,bf16,128,32,tensor,fp32,0,,bf16,False,False,global,forward,False,0.125
length,65536,64,False,sharp,2.0,1,128,1.0,17,e4_tensor,128,False,0.9086418223661976,0.13316211892871865,65522,2.818350313343035,57.5781160733362,e4m3,128,32,tensor,fp32,0,,bf16,False,False,global,forward,False,0.125
length,65536,64,False,sharp,2.0,1,128,1.0,17,e5_tensor,128,False,1.1753017905311833,0.2357988090320521,65526,3.6246232025457523,57.5781160733362,e5m2,128,32,tensor,fp32,0,,bf16,False,False,global,forward,False,0.125
length,65536,64,False,sharp,2.0,1,128,1.0,17,e4_tile,128,False,0.6338524960093435,0.12307350103325153,32799,1.6367856642183074,57.5781160733362,e4m3,128,32,tile,fp32,0,,bf16,False,False,global,forward,False,0.125
length,65536,64,False,sharp,2.0,1,128,1.0,17,e4_rotate,128,False,0.616026577323338,0.12431616704374798,65517,2.2932821711074594,57.5781160733362,e4m3,128,32,tile,fp32,0,,bf16,True,False,global,forward,False,0.125
length,65536,64,False,sharp,2.0,1,128,1.0,29,fp32,128,False,9.38629665370172e-06,1.3863263957025593e-06,16,2.433104094562484e-05,54.15379823671215,fp32,128,32,tensor,fp32,0,,fp32,False,False,global,forward,False,0.125
length,65536,64,False,sharp,2.0,1,128,1.0,29,bf16,128,False,0.04315267574167603,0.007901242708631212,32795,0.13417234585737275,54.15379823671215,bf16,128,32,tensor,fp32,0,,bf16,False,False,global,forward,False,0.125
length,65536,64,False,sharp,2.0,1,128,1.0,29,e4_tensor,128,False,0.5716396688174992,0.1265578803562769,65509,1.62537569174284,54.15379823671215,e4m3,128,32,tensor,fp32,0,,bf16,False,False,global,forward,False,0.125
length,65536,64,False,sharp,2.0,1,128,1.0,29,e5_tensor,128,False,1.6333744511611341,0.26117586784346686,65507,4.284268560302406,54.15379823671215,e5m2,128,32,tensor,fp32,0,,bf16,False,False,global,forward,False,0.125
length,65536,64,False,sharp,2.0,1,128,1.0,29,e4_tile,128,False,0.6683895844226218,0.11802055751148222,16390,2.0342493388059957,54.15379823671215,e4m3,128,32,tile,fp32,0,,bf16,False,False,global,forward,False,0.125
length,65536,64,False,sharp,2.0,1,128,1.0,29,e4_rotate,128,False,0.46322893158590683,0.13110760365519997,32788,1.592384070250514,54.15379823671215,e4m3,128,32,tile,fp32,0,,bf16,True,False,global,forward,False,0.125
length,65536,64,False,outliers,1.0,8,128,1.0,3,fp32,128,False,3.099321074628847e-05,2.0513031390943106e-06,0,0.00010161383569681698,98.31557176812336,fp32,128,32,tensor,fp32,0,,fp32,False,False,global,forward,False,0.125
length,65536,64,False,outliers,1.0,8,128,1.0,3,bf16,128,False,0.28165273438699145,0.012954459494124018,0,0.3248320203159316,98.31557176812336,bf16,128,32,tensor,fp32,0,,bf16,False,False,global,forward,False,0.125
length,65536,64,False,outliers,1.0,8,128,1.0,3,e4_tensor,128,False,1.0956421377014616,0.10970601046948206,0,3.558754195475177,98.31557176812336,e4m3,128,32,tensor,fp32,0,,bf16,False,False,global,forward,False,0.125
length,65536,64,False,outliers,1.0,8,128,1.0,3,e5_tensor,128,False,6.88697188986626,0.38709652435004815,22,10.466570029656452,98.31557176812336,e5m2,128,32,tensor,fp32,0,,bf16,False,False,global,forward,False,0.125
length,65536,64,False,outliers,1.0,8,128,1.0,3,e4_tile,128,False,0.65970657628141,0.032809898455532456,31,0.7847702290749566,98.31557176812336,e4m3,128,32,tile,fp32,0,,bf16,False,False,global,forward,False,0.125
length,65536,64,False,outliers,1.0,8,128,1.0,3,e4_rotate,128,False,1.5941527343869915,0.03851591878202843,16398,1.8219848080682668,98.31557176812336,e4m3,128,32,tile,fp32,0,,bf16,True,False,global,forward,False,0.125
length,65536,64,False,outliers,1.0,8,128,1.0,17,fp32,128,False,2.2537713061487885e-05,2.5004021266124473e-06,16412,3.972065270880938e-05,50.81709065744225,fp32,128,32,tensor,fp32,0,,fp32,False,False,global,forward,False,0.125
length,65536,64,False,outliers,1.0,8,128,1.0,17,bf16,128,False,0.1320981895406219,0.02501054248938911,32785,0.3366563618918655,50.81709065744225,bf16,128,32,tensor,fp32,0,,bf16,False,False,global,forward,False,0.125
length,65536,64,False,outliers,1.0,8,128,1.0,17,e4_tensor,128,False,2.9870343828353687,0.3632272196161206,29,5.120847686896291,50.81709065744225,e4m3,128,32,tensor,fp32,0,,bf16,False,False,global,forward,False,0.125
length,65536,64,False,outliers,1.0,8,128,1.0,17,e5_tensor,128,False,6.748863784961583,0.5786487071095051,29,9.12131936982836,50.81709065744225,e5m2,128,32,tensor,fp32,0,,bf16,False,False,global,forward,False,0.125
length,65536,64,False,outliers,1.0,8,128,1.0,17,e4_tile,128,False,0.4060584930796771,0.040235672823783764,2,0.46264132139564673,50.81709065744225,e4m3,128,32,tile,fp32,0,,bf16,False,False,global,forward,False,0.125
length,65536,64,False,outliers,1.0,8,128,1.0,17,e4_rotate,128,False,0.534121394782114,0.082472525927169,65504,1.469581500535644,50.81709065744225,e4m3,128,32,tile,fp32,0,,bf16,True,False,global,forward,False,0.125
length,65536,64,False,outliers,1.0,8,128,1.0,29,fp32,128,False,4.0832503726884184e-05,3.9067396523033586e-06,32768,7.236669996734894e-05,53.17237637697952,fp32,128,32,tensor,fp32,0,,fp32,False,False,global,forward,False,0.125
length,65536,64,False,outliers,1.0,8,128,1.0,29,bf16,128,False,0.3539376650042918,0.03682479439096806,10,0.6081207469191656,53.17237637697952,bf16,128,32,tensor,fp32,0,,bf16,False,False,global,forward,False,0.125
length,65536,64,False,outliers,1.0,8,128,1.0,29,e4_tensor,128,False,3.9933763998386187,0.4560333755735643,12,6.818053454221264,53.17237637697952,e4m3,128,32,tensor,fp32,0,,bf16,False,False,global,forward,False,0.125
length,65536,64,False,outliers,1.0,8,128,1.0,29,e5_tensor,128,False,6.859297498663586,0.6800361401379381,65523,8.38551539664642,53.17237637697952,e5m2,128,32,tensor,fp32,0,,bf16,False,False,global,forward,False,0.125
length,65536,64,False,outliers,1.0,8,128,1.0,29,e4_tile,128,False,0.3881703558265044,0.038476456621869326,65508,0.4801163784357014,53.17237637697952,e4m3,128,32,tile,fp32,0,,bf16,False,False,global,forward,False,0.125
length,65536,64,False,outliers,1.0,8,128,1.0,29,e4_rotate,128,False,0.6374643738587888,0.08632319366399453,20,1.1487249691610968,53.17237637697952,e4m3,128,32,tile,fp32,0,,bf16,True,False,global,forward,False,0.125
length,65536,64,True,flat,0.25,1,128,1.0,3,fp32,128,False,4.491696237174381e-08,7.095107245144752e-08,4,8.943611160867839e-08,4.1809532574568,fp32,128,32,tensor,fp32,0,,fp32,False,False,global,forward,True,0.125
length,65536,64,True,flat,0.25,1,128,1.0,3,bf16,128,False,0.0019214153289794922,0.0022662134777458915,0,0.0038869630697765745,4.1809532574568,bf16,128,32,tensor,fp32,0,,bf16,False,False,global,forward,True,0.125
length,65536,64,True,flat,0.25,1,128,1.0,3,e4_tensor,128,False,0.020781451137078688,0.03225412471260726,0,0.04574899264459598,4.1809532574568,e4m3,128,32,tensor,fp32,0,,bf16,False,False,global,forward,True,0.125
length,65536,64,True,flat,0.25,1,128,1.0,3,e5_tensor,128,False,0.07653963565826416,0.06595359009474681,0,0.1177867220787004,4.1809532574568,e5m2,128,32,tensor,fp32,0,,bf16,False,False,global,forward,True,0.125
length,65536,64,True,flat,0.25,1,128,1.0,3,e4_tile,128,False,0.02502286434173584,0.03256553975114497,0,0.0560441452697938,4.1809532574568,e4m3,128,32,tile,fp32,0,,bf16,False,False,global,forward,True,0.125
length,65536,64,True,flat,0.25,1,128,1.0,3,e4_rotate,128,False,0.02502286434173584,0.03252560657598944,0,0.0560441452697938,4.1809532574568,e4m3,128,32,tile,fp32,0,,bf16,True,False,global,forward,True,0.125
length,65536,64,True,flat,0.25,1,128,1.0,17,fp32,128,False,3.2510929587337145e-08,7.193595057210675e-08,20,6.483730815247797e-08,3.9479867662827015,fp32,128,32,tensor,fp32,0,,fp32,False,False,global,forward,True,0.125
length,65536,64,True,flat,0.25,1,128,1.0,17,bf16,128,False,0.0016117545404368827,0.0022507734376862733,1,0.0033587442586195146,3.9479867662827015,bf16,128,32,tensor,fp32,0,,bf16,False,False,global,forward,True,0.125
length,65536,64,True,flat,0.25,1,128,1.0,17,e4_tensor,128,False,0.02039337158203125,0.03196836484498201,0,0.05206713327511043,3.9479867662827015,e4m3,128,32,tensor,fp32,0,,bf16,False,False,global,forward,True,0.125
length,65536,64,True,flat,0.25,1,128,1.0,17,e5_tensor,128,False,0.04659557342529297,0.06711790836819809,0,0.11090331181927818,3.9479867662827015,e5m2,128,32,tensor,fp32,0,,bf16,False,False,global,forward,True,0.125
length,65536,64,True,flat,0.25,1,128,1.0,17,e4_tile,128,False,0.025378926120913053,0.03354209408870691,1,0.05823624670472173,3.9479867662827015,e4m3,128,32,tile,fp32,0,,bf16,False,False,global,forward,True,0.125
length,65536,64,True,flat,0.25,1,128,1.0,17,e4_rotate,128,False,0.025378926120913053,0.03348498581655666,1,0.05769221521804374,3.9479867662827015,e4m3,128,32,tile,fp32,0,,bf16,True,False,global,forward,True,0.125
length,65536,64,True,flat,0.25,1,128,1.0,29,fp32,128,False,3.4689661115860915e-08,6.914419386309869e-08,1,6.374182656080673e-08,3.957440854602593,fp32,128,32,tensor,fp32,0,,fp32,False,False,global,forward,True,0.125
length,65536,64,True,flat,0.25,1,128,1.0,29,bf16,128,False,0.001623971737047314,0.0023767536363733938,1,0.003382286968159579,3.957440854602593,bf16,128,32,tensor,fp32,0,,bf16,False,False,global,forward,True,0.125
length,65536,64,True,flat,0.25,1,128,1.0,29,e4_tensor,128,False,0.01869488995807911,0.03025084499991629,1,0.048540585144778436,3.957440854602593,e4m3,128,32,tensor,fp32,0,,bf16,False,False,global,forward,True,0.125
length,65536,64,True,flat,0.25,1,128,1.0,29,e5_tensor,128,False,0.048540472984313965,0.06301981941671733,0,0.1083086550472143,3.957440854602593,e5m2,128,32,tensor,fp32,0,,bf16,False,False,global,forward,True,0.125
length,65536,64,True,flat,0.25,1,128,1.0,29,e4_tile,128,False,0.0188779729804871,0.03209115469690267,0,0.05232669247435052,3.957440854602593,e4m3,128,32,tile,fp32,0,,bf16,False,False,global,forward,True,0.125
length,65536,64,True,flat,0.25,1,128,1.0,29,e4_rotate,128,False,0.0188779729804871,0.03248467959486336,0,0.05232669247435052,3.957440854602593,e4m3,128,32,tile,fp32,0,,bf16,True,False,global,forward,True,0.125
length,65536,64,True,normal,1.0,1,128,1.0,3,fp32,128,False,2.4109905516489505e-07,1.0423638879055225e-07,17,6.757073114711118e-07,21.68117946246374,fp32,128,32,tensor,fp32,0,,fp32,False,False,global,forward,True,0.125
length,65536,64,True,normal,1.0,1,128,1.0,3,bf16,128,False,0.008956858537449541,0.0026802300356193218,1,0.01658710433726804,21.68117946246374,bf16,128,32,tensor,fp32,0,,bf16,False,False,global,forward,True,0.125
length,65536,64,True,normal,1.0,1,128,1.0,3,e4_tensor,128,False,0.09169319200060078,0.0383819745422786,2,0.2719441858221848,21.68117946246374,e4m3,128,32,tensor,fp32,0,,bf16,False,False,global,forward,True,0.125
length,65536,64,True,normal,1.0,1,128,1.0,3,e5_tensor,128,False,0.30615854263305664,0.07544212137585395,3,0.47566977142622197,21.68117946246374,e5m2,128,32,tensor,fp32,0,,bf16,False,False,global,forward,True,0.125
length,65536,64,True,normal,1.0,1,128,1.0,3,e4_tile,128,False,0.12387412297069167,0.0374113166658217,3,0.2779639394799606,21.68117946246374,e4m3,128,32,tile,fp32,0,,bf16,False,False,global,forward,True,0.125
length,65536,64,True,normal,1.0,1,128,1.0,3,e4_rotate,128,False,0.10043662297069167,0.038541169564451666,0,0.2241765810791752,21.68117946246374,e4m3,128,32,tile,fp32,0,,bf16,True,False,global,forward,True,0.125
length,65536,64,True,normal,1.0,1,128,1.0,17,fp32,128,False,3.3079310768346915e-07,1.1929888814450017e-07,7,9.582287624302025e-07,19.949744977603395,fp32,128,32,tensor,fp32,0,,fp32,False,False,global,forward,True,0.125
length,65536,64,True,normal,1.0,1,128,1.0,17,bf16,128,False,0.008363476223893107,0.0032684799619273753,1,0.023746337541640117,19.949744977603395,bf16,128,32,tensor,fp32,0,,bf16,False,False,global,forward,True,0.125
length,65536,64,True,normal,1.0,1,128,1.0,17,e4_tensor,128,False,0.11492217858208287,0.04362646043406266,1,0.3273724416385446,19.949744977603395,e4m3,128,32,tensor,fp32,0,,bf16,False,False,global,forward,True,0.125
length,65536,64,True,normal,1.0,1,128,1.0,17,e5_tensor,128,False,0.2155222070484623,0.08186988927217467,3,0.4979135342114214,19.949744977603395,e5m2,128,32,tensor,fp32,0,,bf16,False,False,global,forward,True,0.125
length,65536,64,True,normal,1.0,1,128,1.0,17,e4_tile,128,False,0.10117536309023056,0.040932935281785085,2,0.2766910415012723,19.949744977603395,e4m3,128,32,tile,fp32,0,,bf16,False,False,global,forward,True,0.125
length,65536,64,True,normal,1.0,1,128,1.0,17,e4_rotate,128,False,0.10405122141503453,0.04253743411157799,4,0.33466100037742386,19.949744977603395,e4m3,128,32,tile,fp32,0,,bf16,True,False,global,forward,True,0.125
length,65536,64,True,normal,1.0,1,128,1.0,29,fp32,128,False,2.5454570629079853e-07,1.2066723415393318e-07,21,6.45381698529531e-07,18.924273629146647,fp32,128,32,tensor,fp32,0,,fp32,False,False,global,forward,True,0.125
length,65536,64,True,normal,1.0,1,128,1.0,29,bf16,128,False,0.006242388898880291,0.00296607387981431,2,0.01575027889373308,18.924273629146647,bf16,128,32,tensor,fp32,0,,bf16,False,False,global,forward,True,0.125
length,65536,64,True,normal,1.0,1,128,1.0,29,e4_tensor,128,False,0.10104365349591404,0.03833734838993619,21,0.21653799199480261,18.924273629146647,e4m3,128,32,tensor,fp32,0,,bf16,False,False,global,forward,True,0.125
length,65536,64,True,normal,1.0,1,128,1.0,29,e5_tensor,128,False,0.19416189193725586,0.08143046975410212,0,0.4332346201888572,18.924273629146647,e5m2,128,32,tensor,fp32,0,,bf16,False,False,global,forward,True,0.125
length,65536,64,True,normal,1.0,1,128,1.0,29,e4_tile,128,False,0.0953394324358845,0.041054704766630624,5,0.21510342402315788,18.924273629146647,e4m3,128,32,tile,fp32,0,,bf16,False,False,global,forward,True,0.125
length,65536,64,True,normal,1.0,1,128,1.0,29,e4_rotate,128,False,0.08715661644509565,0.04167077587990476,4,0.23350511495047566,18.924273629146647,e4m3,128,32,tile,fp32,0,,bf16,True,False,global,forward,True,0.125
length,65536,64,True,sharp,2.0,1,128,1.0,3,fp32,128,False,8.75248707110643e-06,5.99530048977854e-07,65508,1.5854326359975094e-05,92.80837550827255,fp32,128,32,tensor,fp32,0,,fp32,False,False,global,forward,True,0.125
length,65536,64,True,sharp,2.0,1,128,1.0,3,bf16,128,False,0.053813190258919175,0.005301589318550549,32797,0.17092281002665738,92.80837550827255,bf16,128,32,tensor,fp32,0,,bf16,False,False,global,forward,True,0.125
length,65536,64,True,sharp,2.0,1,128,1.0,3,e4_tensor,128,False,0.702349443898791,0.0915893232301742,32789,2.280651548442605,92.80837550827255,e4m3,128,32,tensor,fp32,0,,bf16,False,False,global,forward,True,0.125
length,65536,64,True,sharp,2.0,1,128,1.0,3,e5_tensor,128,False,1.4503022804325334,0.16429149886395014,65535,3.701304256381144,92.80837550827255,e5m2,128,32,tensor,fp32,0,,bf16,False,False,global,forward,True,0.125
length,65536,64,True,sharp,2.0,1,128,1.0,3,e4_tile,128,False,0.6098227598472818,0.08172268863781032,12,1.843818467425422,92.80837550827255,e4m3,128,32,tile,fp32,0,,bf16,False,False,global,forward,True,0.125
length,65536,64,True,sharp,2.0,1,128,1.0,3,e4_rotate,128,False,0.7640743092266649,0.09052902666114969,28,2.1677287700521957,92.80837550827255,e4m3,128,32,tile,fp32,0,,bf16,True,False,global,forward,True,0.125
length,65536,64,True,sharp,2.0,1,128,1.0,17,fp32,128,False,6.402596942844951e-06,6.783653914257501e-07,65522,1.5709947559573738e-05,86.8112483005532,fp32,128,32,tensor,fp32,0,,fp32,False,False,global,forward,True,0.125
length,65536,64,True,sharp,2.0,1,128,1.0,17,bf16,128,False,0.07381166852899224,0.0062695255720535,28,0.2238034550253277,86.8112483005532,bf16,128,32,tensor,fp32,0,,bf16,False,False,global,forward,True,0.125
length,65536,64,True,sharp,2.0,1,128,1.0,17,e4_tensor,128,False,0.8058527355945415,0.09157340075559767,65522,2.818357542439422,86.8112483005532,e4m3,128,32,tensor,fp32,0,,bf16,False,False,global,forward,True,0.125
length,65536,64,True,sharp,2.0,1,128,1.0,17,e5_tensor,128,False,1.2287875052604407,0.1803784092261644,65526,3.624625705378881,86.8112483005532,e5m2,128,32,tensor,fp32,0,,bf16,False,False,global,forward,True,0.125
length,65536,64,True,sharp,2.0,1,128,1.0,17,e4_tile,128,False,0.6603317816590897,0.08652403838456234,16410,2.0071719060325393,86.8112483005532,e4m3,128,32,tile,fp32,0,,bf16,False,False,global,forward,True,0.125
length,65536,64,True,sharp,2.0,1,128,1.0,17,e4_rotate,128,False,0.9159231494212215,0.09520223074765286,17,2.4071687903965318,86.8112483005532,e4m3,128,32,tile,fp32,0,,bf16,True,False,global,forward,True,0.125
length,65536,64,True,sharp,2.0,1,128,1.0,29,fp32,128,False,8.036674312705827e-06,7.016006556709523e-07,16411,1.5577103160369038e-05,84.14867222741516,fp32,128,32,tensor,fp32,0,,fp32,False,False,global,forward,True,0.125
length,65536,64,True,sharp,2.0,1,128,1.0,29,bf16,128,False,0.03971650167729024,0.005884770262291077,11,0.09413488382448874,84.14867222741516,bf16,128,32,tensor,fp32,0,,bf16,False,False,global,forward,True,0.125
length,65536,64,True,sharp,2.0,1,128,1.0,29,e4_tensor,128,False,0.70075287464253,0.10162579963994958,21,1.9849588361653565,84.14867222741516,e4m3,128,32,tensor,fp32,0,,bf16,False,False,global,forward,True,0.125
length,65536,64,True,sharp,2.0,1,128,1.0,29,e5_tensor,128,False,1.460679277457173,0.20315133842746697,32768,4.5104527642438415,84.14867222741516,e5m2,128,32,tensor,fp32,0,,bf16,False,False,global,forward,True,0.125
length,65536,64,True,sharp,2.0,1,128,1.0,29,e4_tile,128,False,0.80990545946484,0.0938161467468849,15,2.051966689280464,84.14867222741516,e4m3,128,32,tile,fp32,0,,bf16,False,False,global,forward,True,0.125
length,65536,64,True,sharp,2.0,1,128,1.0,29,e4_rotate,128,False,0.6409568312988283,0.10395891754528971,4,2.4798829526817237,84.14867222741516,e4m3,128,32,tile,fp32,0,,bf16,True,False,global,forward,True,0.125
length,65536,64,True,outliers,1.0,8,128,1.0,3,fp32,128,False,8.307032369359035e-05,1.813809492736175e-06,16392,9.712015786093098e-05,92.68192492442333,fp32,128,32,tensor,fp32,0,,fp32,False,False,global,forward,True,0.125
length,65536,64,True,outliers,1.0,8,128,1.0,3,bf16,128,False,0.20322108221319368,0.010395941366041562,16403,0.2893182295606818,92.68192492442333,bf16,128,32,tensor,fp32,0,,bf16,False,False,global,forward,True,0.125
length,65536,64,True,outliers,1.0,8,128,1.0,3,e4_tensor,128,False,4.379363852835553,0.17317144127009765,32795,6.741666124784554,92.68192492442333,e4m3,128,32,tensor,fp32,0,,bf16,False,False,global,forward,True,0.125
length,65536,64,True,outliers,1.0,8,128,1.0,3,e5_tensor,128,False,4.0774855417339495,0.29204234921350253,65508,8.69787285136132,92.68192492442333,e5m2,128,32,tensor,fp32,0,,bf16,False,False,global,forward,True,0.125
length,65536,64,True,outliers,1.0,8,128,1.0,3,e4_tile,128,False,1.1212916191174642,0.045676467029960886,7,1.36941478118226,92.68192492442333,e4m3,128,32,tile,fp32,0,,bf16,False,False,global,forward,True,0.125
length,65536,64,True,outliers,1.0,8,128,1.0,3,e4_rotate,128,False,2.4408179336049436,0.060774716284508076,16392,2.7417477316371173,92.68192492442333,e4m3,128,32,tile,fp32,0,,bf16,True,False,global,forward,True,0.125
length,65536,64,True,outliers,1.0,8,128,1.0,17,fp32,128,False,4.0545275088899047e-05,1.8003896269181594e-06,16399,5.5032765550987726e-05,61.55650725002875,fp32,128,32,tensor,fp32,0,,fp32,False,False,global,forward,True,0.125
length,65536,64,True,outliers,1.0,8,128,1.0,17,bf16,128,False,0.15708564045487128,0.014155505249271394,16412,0.262239053180924,61.55650725002875,bf16,128,32,tensor,fp32,0,,bf16,False,False,global,forward,True,0.125
length,65536,64,True,outliers,1.0,8,128,1.0,17,e4_tensor,128,False,2.854910315560557,0.22628274566543433,16412,5.431210851286892,61.55650725002875,e4m3,128,32,tensor,fp32,0,,bf16,False,False,global,forward,True,0.125
length,65536,64,True,outliers,1.0,8,128,1.0,17,e5_tensor,128,False,9.76347854033788,0.5645957150452282,16387,13.085157821414208,61.55650725002875,e5m2,128,32,tensor,fp32,0,,bf16,False,False,global,forward,True,0.125
length,65536,64,True,outliers,1.0,8,128,1.0,17,e4_tile,128,False,0.5904731750488281,0.042149002626004184,27,0.8137783728387056,61.55650725002875,e4m3,128,32,tile,fp32,0,,bf16,False,False,global,forward,True,0.125
length,65536,64,True,outliers,1.0,8,128,1.0,17,e4_rotate,128,False,1.29343986165431,0.0706441595894138,16413,1.6947711330934052,61.55650725002875,e4m3,128,32,tile,fp32,0,,bf16,True,False,global,forward,True,0.125
length,65536,64,True,outliers,1.0,8,128,1.0,29,fp32,128,False,3.87282698266489e-05,2.002663616208099e-06,65504,6.908769575048133e-05,71.60964512068233,fp32,128,32,tensor,fp32,0,,fp32,False,False,global,forward,True,0.125
length,65536,64,True,outliers,1.0,8,128,1.0,29,bf16,128,False,0.3455971626908667,0.015620276413054239,65504,0.5281955608413911,71.60964512068233,bf16,128,32,tensor,fp32,0,,bf16,False,False,global,forward,True,0.125
length,65536,64,True,outliers,1.0,8,128,1.0,29,e4_tensor,128,False,3.4634839443175673,0.2552973813749131,32795,8.146234851819328,71.60964512068233,e4m3,128,32,tensor,fp32,0,,bf16,False,False,global,forward,True,0.125
length,65536,64,True,outliers,1.0,8,128,1.0,29,e5_tensor,128,False,8.336169005678196,0.48446508145543077,16392,10.61774566602957,71.60964512068233,e5m2,128,32,tensor,fp32,0,,bf16,False,False,global,forward,True,0.125
length,65536,64,True,outliers,1.0,8,128,1.0,29,e4_tile,128,False,0.555437793491484,0.04166629610473282,1,1.084011916074944,71.60964512068233,e4m3,128,32,tile,fp32,0,,bf16,False,False,global,forward,True,0.125
length,65536,64,True,outliers,1.0,8,128,1.0,29,e4_rotate,128,False,0.8520676194026064,0.05068233738966117,16389,1.1024660909678135,71.60964512068233,e4m3,128,32,tile,fp32,0,,bf16,True,False,global,forward,True,0.125
length,65536,128,False,flat,0.25,1,128,1.0,3,fp32,128,False,6.3022266565560675e-09,8.863603149316932e-07,65526,1.4711024612937301e-08,0.12244496118599195,fp32,128,32,tensor,fp32,0,,fp32,False,False,global,forward,False,0.08838834764831843
length,65536,128,False,flat,0.25,1,128,1.0,3,bf16,128,False,1.144378688022838e-05,0.002831281412995462,65516,3.4720707803499425e-05,0.12244496118599195,bf16,128,32,tensor,fp32,0,,bf16,False,False,global,forward,False,0.08838834764831843
length,65536,128,False,flat,0.25,1,128,1.0,3,e4_tensor,128,False,0.00015411876331900893,0.037401471943664256,32781,0.00048053187245745976,0.12244496118599195,e4m3,128,32,tensor,fp32,0,,bf16,False,False,global,forward,False,0.08838834764831843
length,65536,128,False,flat,0.25,1,128,1.0,3,e5_tensor,128,False,0.00029196738531817945,0.07873220634621884,65534,0.000974212956879082,0.12244496118599195,e5m2,128,32,tensor,fp32,0,,bf16,False,False,global,forward,False,0.08838834764831843
length,65536,128,False,flat,0.25,1,128,1.0,3,e4_tile,128,False,0.00015191427869901087,0.03579588484303384,16396,0.0004397174943344011,0.12244496118599195,e4m3,128,32,tile,fp32,0,,bf16,False,False,global,forward,False,0.08838834764831843
length,65536,128,False,flat,0.25,1,128,1.0,3,e4_rotate,128,False,0.0001321927115352406,0.03576908389207888,65525,0.0004499007813701162,0.12244496118599195,e4m3,128,32,tile,fp32,0,,bf16,True,False,global,forward,False,0.08838834764831843
length,65536,128,False,flat,0.25,1,128,1.0,17,fp32,128,False,5.677988447038568e-09,8.945399814283207e-07,65509,1.4671080687254198e-08,0.12618358378271866,fp32,128,32,tensor,fp32,0,,fp32,False,False,global,forward,False,0.08838834764831843
length,65536,128,False,flat,0.25,1,128,1.0,17,bf16,128,False,1.0787361138225177e-05,0.002797136151321728,32771,3.588168255718938e-05,0.12618358378271866,bf16,128,32,tensor,fp32,0,,bf16,False,False,global,forward,False,0.08838834764831843
length,65536,128,False,flat,0.25,1,128,1.0,17,e4_tensor,128,False,0.00014557361983348594,0.03847788069881551,32770,0.00048505745657649623,0.12618358378271866,e4m3,128,32,tensor,fp32,0,,bf16,False,False,global,forward,False,0.08838834764831843
length,65536,128,False,flat,0.25,1,128,1.0,17,e5_tensor,128,False,0.00028257822253614675,0.07597544302315411,65533,0.0009609412627159873,0.12618358378271866,e5m2,128,32,tensor,fp32,0,,bf16,False,False,global,forward,False,0.08838834764831843
length,65536,128,False,flat,0.25,1,128,1.0,17,e4_tile,128,False,0.00015932940298889116,0.036049740699350775,28,0.00046673506388355374,0.12618358378271866,e4m3,128,32,tile,fp32,0,,bf16,False,False,global,forward,False,0.08838834764831843
length,65536,128,False,flat,0.25,1,128,1.0,17,e4_rotate,128,False,0.0001406733651699878,0.0358451443765488,10,0.00046235908976223933,0.12618358378271866,e4m3,128,32,tile,fp32,0,,bf16,True,False,global,forward,False,0.08838834764831843
length,65536,128,False,flat,0.25,1,128,1.0,29,fp32,128,False,6.848960520684094e-09,9.092377121312824e-07,16396,1.583463063975863e-08,0.12555678465919712,fp32,128,32,tensor,fp32,0,,fp32,False,False,global,forward,False,0.08838834764831843
length,65536,128,False,flat,0.25,1,128,1.0,29,bf16,128,False,1.1127795676767627e-05,0.0026537360998574178,16398,3.765919987142098e-05,0.12555678465919712,bf16,128,32,tensor,fp32,0,,bf16,False,False,global,forward,False,0.08838834764831843
length,65536,128,False,flat,0.25,1,128,1.0,29,e4_tensor,128,False,0.00013343253302992028,0.03596088210713546,65524,0.00046006865039448263,0.12555678465919712,e4m3,128,32,tensor,fp32,0,,bf16,False,False,global,forward,False,0.08838834764831843
length,65536,128,False,flat,0.25,1,128,1.0,29,e5_tensor,128,False,0.0003140687661421558,0.07518368410681685,16384,0.0009909395833382615,0.12555678465919712,e5m2,128,32,tensor,fp32,0,,bf16,False,False,global,forward,False,0.08838834764831843
length,65536,128,False,flat,0.25,1,128,1.0,29,e4_tile,128,False,0.00014305646685730815,0.03659858336444275,65528,0.0004631129652565779,0.12555678465919712,e4m3,128,32,tile,fp32,0,,bf16,False,False,global,forward,False,0.08838834764831843
length,65536,128,False,flat,0.25,1,128,1.0,29,e4_rotate,128,False,0.00013588063534156084,0.03665598995690986,32784,0.0004699861133458794,0.12555678465919712,e4m3,128,32,tile,fp32,0,,bf16,True,False,global,forward,False,0.08838834764831843
length,65536,128,False,normal,1.0,1,128,1.0,3,fp32,128,False,4.120041371957761e-08,9.072778460863616e-07,10,9.326444110284411e-08,0.8162916600756862,fp32,128,32,tensor,fp32,0,,fp32,False,False,global,forward,False,0.08838834764831843
length,65536,128,False,normal,1.0,1,128,1.0,3,bf16,128,False,0.00011542090575625968,0.003796595605047121,65531,0.00037577902362660514,0.8162916600756862,bf16,128,32,tensor,fp32,0,,bf16,False,False,global,forward,False,0.08838834764831843
length,65536,128,False,normal,1.0,1,128,1.0,3,e4_tensor,128,False,0.0014954658200681376,0.054058891906150125,11,0.005705844385959894,0.8162916600756862,e4m3,128,32,tensor,fp32,0,,bf16,False,False,global,forward,False,0.08838834764831843
length,65536,128,False,normal,1.0,1,128,1.0,3,e5_tensor,128,False,0.003391651975609318,0.10826598037153648,65513,0.01080946743361669,0.8162916600756862,e5m2,128,32,tensor,fp32,0,,bf16,False,False,global,forward,False,0.08838834764831843
length,65536,128,False,normal,1.0,1,128,1.0,3,e4_tile,128,False,0.0014811124763164868,0.05336754743237689,32779,0.004863644720935101,0.8162916600756862,e4m3,128,32,tile,fp32,0,,bf16,False,False,global,forward,False,0.08838834764831843
length,65536,128,False,normal,1.0,1,128,1.0,3,e4_rotate,128,False,0.0016122311836070605,0.05331843579479814,16384,0.005048920225769888,0.8162916600756862,e4m3,128,32,tile,fp32,0,,bf16,True,False,global,forward,False,0.08838834764831843
length,65536,128,False,normal,1.0,1,128,1.0,17,fp32,128,False,5.1870389592909016e-08,8.919556510473461e-07,8,9.514727375630117e-08,0.8294877266911594,fp32,128,32,tensor,fp32,0,,fp32,False,False,global,forward,False,0.08838834764831843
length,65536,128,False,normal,1.0,1,128,1.0,17,bf16,128,False,0.0001178533911745834,0.0037810676508579864,16396,0.0003549572125281341,0.8294877266911594,bf16,128,32,tensor,fp32,0,,bf16,False,False,global,forward,False,0.08838834764831843
length,65536,128,False,normal,1.0,1,128,1.0,17,e4_tensor,128,False,0.0014505316287876336,0.053978422839662,65511,0.005125650053141729,0.8294877266911594,e4m3,128,32,tensor,fp32,0,,bf16,False,False,global,forward,False,0.08838834764831843
length,65536,128,False,normal,1.0,1,128,1.0,17,e5_tensor,128,False,0.002879326945058231,0.10693796395420051,32786,0.010409935517966018,0.8294877266911594,e5m2,128,32,tensor,fp32,0,,bf16,False,False,global,forward,False,0.08838834764831843
length,65536,128,False,normal,1.0,1,128,1.0,17,e4_tile,128,False,0.0014741443028722114,0.05300415195477886,65533,0.0051908085439651575,0.8294877266911594,e4m3,128,32,tile,fp32,0,,bf16,False,False,global,forward,False,0.08838834764831843
length,65536,128,False,normal,1.0,1,128,1.0,17,e4_rotate,128,False,0.0013878598388831244,0.053490198273297915,16414,0.004975727816781877,0.8294877266911594,e4m3,128,32,tile,fp32,0,,bf16,True,False,global,forward,False,0.08838834764831843
length,65536,128,False,normal,1.0,1,128,1.0,29,fp32,128,False,5.1367797083631817e-08,9.05544660917352e-07,8,8.470824660977162e-08,0.8233027599411062,fp32,128,32,tensor,fp32,0,,fp32,False,False,global,forward,False,0.08838834764831843
length,65536,128,False,normal,1.0,1,128,1.0,29,bf16,128,False,0.0001134550221659758,0.0037718178464328255,16391,0.0003448993091683635,0.8233027599411062,bf16,128,32,tensor,fp32,0,,bf16,False,False,global,forward,False,0.08838834764831843
length,65536,128,False,normal,1.0,1,128,1.0,29,e4_tensor,128,False,0.001438613105549904,0.053567785594361705,65516,0.004995040431197087,0.8233027599411062,e4m3,128,32,tensor,fp32,0,,bf16,False,False,global,forward,False,0.08838834764831843
length,65536,128,False,normal,1.0,1,128,1.0,29,e5_tensor,128,False,0.0037884361217531675,0.10695436401639194,22,0.01089121498483554,0.8233027599411062,e5m2,128,32,tensor,fp32,0,,bf16,False,False,global,forward,False,0.08838834764831843
length,65536,128,False,normal,1.0,1,128,1.0,29,e4_tile,128,False,0.0014530001765525038,0.05457970554205371,32776,0.005195034301890277,0.8233027599411062,e4m3,128,32,tile,fp32,0,,bf16,False,False,global,forward,False,0.08838834764831843
length,65536,128,False,normal,1.0,1,128,1.0,29,e4_rotate,128,False,0.0015304608087139786,0.05455771305315736,32776,0.005563666695248047,0.8233027599411062,e4m3,128,32,tile,fp32,0,,bf16,True,False,global,forward,False,0.08838834764831843
length,65536,128,False,sharp,2.0,1,128,1.0,3,fp32,128,False,1.072919714895093e-05,1.2087988818971483e-06,65513,2.6994834085054516e-05,86.24277064424447,fp32,128,32,tensor,fp32,0,,fp32,False,False,global,forward,False,0.08838834764831843
length,65536,128,False,sharp,2.0,1,128,1.0,3,bf16,128,False,0.03812099561778792,0.006526150098398016,65504,0.12179905724212156,86.24277064424447,bf16,128,32,tensor,fp32,0,,bf16,False,False,global,forward,False,0.08838834764831843
length,65536,128,False,sharp,2.0,1,128,1.0,3,e4_tensor,128,False,0.5392936254160713,0.09663578438877612,32783,2.173868624360913,86.24277064424447,e4m3,128,32,tensor,fp32,0,,bf16,False,False,global,forward,False,0.08838834764831843
length,65536,128,False,sharp,2.0,1,128,1.0,3,e5_tensor,128,False,1.3650223082062338,0.20933828916977854,65508,5.054144526101706,86.24277064424447,e5m2,128,32,tensor,fp32,0,,bf16,False,False,global,forward,False,0.08838834764831843
length,65536,128,False,sharp,2.0,1,128,1.0,3,e4_tile,128,False,0.7921240351042016,0.10445914061148476,16390,2.507870202733689,86.24277064424447,e4m3,128,32,tile,fp32,0,,bf16,False,False,global,forward,False,0.08838834764831843
length,65536,128,False,sharp,2.0,1,128,1.0,3,e4_rotate,128,False,0.7563156223863006,0.108668007606921,65527,2.259692926332844,86.24277064424447,e4m3,128,32,tile,fp32,0,,bf16,True,False,global,forward,False,0.08838834764831843
length,65536,128,False,sharp,2.0,1,128,1.0,17,fp32,128,False,8.353484099998809e-06,1.1433800599548794e-06,7,1.9991251623933226e-05,85.50353027278825,fp32,128,32,tensor,fp32,0,,fp32,False,False,global,forward,False,0.08838834764831843
length,65536,128,False,sharp,2.0,1,128,1.0,17,bf16,128,False,0.04924458104176477,0.007638968955783373,32769,0.1578815073801014,85.50353027278825,bf16,128,32,tensor,fp32,0,,bf16,False,False,global,forward,False,0.08838834764831843
length,65536,128,False,sharp,2.0,1,128,1.0,17,e4_tensor,128,False,0.5087196392537554,0.11092053844330783,32780,2.030739188065061,85.50353027278825,e4m3,128,32,tensor,fp32,0,,bf16,False,False,global,forward,False,0.08838834764831843
length,65536,128,False,sharp,2.0,1,128,1.0,17,e5_tensor,128,False,1.1580203955667754,0.2051721028509985,30,3.815170689238702,85.50353027278825,e5m2,128,32,tensor,fp32,0,,bf16,False,False,global,forward,False,0.08838834764831843
length,65536,128,False,sharp,2.0,1,128,1.0,17,e4_tile,128,False,0.5870023126147739,0.10516663043542572,65528,2.0990740481503654,85.50353027278825,e4m3,128,32,tile,fp32,0,,bf16,False,False,global,forward,False,0.08838834764831843
length,65536,128,False,sharp,2.0,1,128,1.0,17,e4_rotate,128,False,0.6101927959740978,0.10775739913492277,7,2.333915493646786,85.50353027278825,e4m3,128,32,tile,fp32,0,,bf16,True,False,global,forward,False,0.08838834764831843
length,65536,128,False,sharp,2.0,1,128,1.0,29,fp32,128,False,9.10145587251776e-06,1.1800323311516907e-06,22,2.4779706297684277e-05,81.6094246778263,fp32,128,32,tensor,fp32,0,,fp32,False,False,global,forward,False,0.08838834764831843
length,65536,128,False,sharp,2.0,1,128,1.0,29,bf16,128,False,0.04742715589644786,0.007533902499582518,32789,0.17688136020041634,81.6094246778263,bf16,128,32,tensor,fp32,0,,bf16,False,False,global,forward,False,0.08838834764831843
length,65536,128,False,sharp,2.0,1,128,1.0,29,e4_tensor,128,False,0.47789862074006906,0.10489200516646355,16387,2.076220882727219,81.6094246778263,e4m3,128,32,tensor,fp32,0,,bf16,False,False,global,forward,False,0.08838834764831843
length,65536,128,False,sharp,2.0,1,128,1.0,29,e5_tensor,128,False,1.2258396907441655,0.2502690148581901,32768,4.98174971399037,81.6094246778263,e5m2,128,32,tensor,fp32,0,,bf16,False,False,global,forward,False,0.08838834764831843
length,65536,128,False,sharp,2.0,1,128,1.0,29,e4_tile,128,False,0.5632951852381669,0.11328963895766281,32798,2.372043497615249,81.6094246778263,e4m3,128,32,tile,fp32,0,,bf16,False,False,global,forward,False,0.08838834764831843
length,65536,128,False,sharp,2.0,1,128,1.0,29,e4_rotate,128,False,0.6453972236674987,0.11434817645041508,16396,2.413629086107759,81.6094246778263,e4m3,128,32,tile,fp32,0,,bf16,True,False,global,forward,False,0.08838834764831843
length,65536,128,False,outliers,1.0,8,128,1.0,3,fp32,128,False,6.789919479166517e-05,3.1248251610626184e-06,65507,0.0001242053126756981,64.00031094538025,fp32,128,32,tensor,fp32,0,,fp32,False,False,global,forward,False,0.08838834764831843
length,65536,128,False,outliers,1.0,8,128,1.0,3,bf16,128,False,0.10780319728884058,0.01424184325639239,25,0.34052299320164126,64.00031094538025,bf16,128,32,tensor,fp32,0,,bf16,False,False,global,forward,False,0.08838834764831843
length,65536,128,False,outliers,1.0,8,128,1.0,3,e4_tensor,128,False,2.922813167655743,0.19772712126670766,65507,4.16741932077179,64.00031094538025,e4m3,128,32,tensor,fp32,0,,bf16,False,False,global,forward,False,0.08838834764831843
length,65536,128,False,outliers,1.0,8,128,1.0,3,e5_tensor,128,False,5.720228562322691,0.4831897380296389,65507,10.217446002716972,64.00031094538025,e5m2,128,32,tensor,fp32,0,,bf16,False,False,global,forward,False,0.08838834764831843
length,65536,128,False,outliers,1.0,8,128,1.0,3,e4_tile,128,False,0.29776158408847,0.04159545785297892,65535,0.5836692411381058,64.00031094538025,e4m3,128,32,tile,fp32,0,,bf16,False,False,global,forward,False,0.08838834764831843
length,65536,128,False,outliers,1.0,8,128,1.0,3,e4_rotate,128,False,0.5559571401982202,0.05804807210850835,16399,1.2988234410214907,64.00031094538025,e4m3,128,32,tile,fp32,0,,bf16,True,False,global,forward,False,0.08838834764831843
length,65536,128,False,outliers,1.0,8,128,1.0,17,fp32,128,False,2.8979973266896053e-05,2.873232677702579e-06,5,5.419323148238033e-05,48.322535972575274,fp32,128,32,tensor,fp32,0,,fp32,False,False,global,forward,False,0.08838834764831843
length,65536,128,False,outliers,1.0,8,128,1.0,17,bf16,128,False,0.16324692602440205,0.01672324947697556,28,0.2800408655180265,48.322535972575274,bf16,128,32,tensor,fp32,0,,bf16,False,False,global,forward,False,0.08838834764831843
length,65536,128,False,outliers,1.0,8,128,1.0,17,e4_tensor,128,False,1.9624502579643006,0.33899878413819556,65524,4.239949077125994,48.322535972575274,e4m3,128,32,tensor,fp32,0,,bf16,False,False,global,forward,False,0.08838834764831843
length,65536,128,False,outliers,1.0,8,128,1.0,17,e5_tensor,128,False,3.8057609073035374,0.41425681166117445,65520,7.429294115464658,48.322535972575274,e5m2,128,32,tensor,fp32,0,,bf16,False,False,global,forward,False,0.08838834764831843
length,65536,128,False,outliers,1.0,8,128,1.0,17,e4_tile,128,False,0.28603866318402305,0.04983678266313183,29,0.6259093846149986,48.322535972575274,e4m3,128,32,tile,fp32,0,,bf16,False,False,global,forward,False,0.08838834764831843
length,65536,128,False,outliers,1.0,8,128,1.0,17,e4_rotate,128,False,0.6380131842316117,0.06761717431058319,16408,1.0057729374858564,48.322535972575274,e4m3,128,32,tile,fp32,0,,bf16,True,False,global,forward,False,0.08838834764831843
length,65536,128,False,outliers,1.0,8,128,1.0,29,fp32,128,False,4.642694586465268e-05,1.1120819721342252e-06,16409,6.382551849298401e-05,118.60874941270004,fp32,128,32,tensor,fp32,0,,fp32,False,False,global,forward,False,0.08838834764831843
length,65536,128,False,outliers,1.0,8,128,1.0,29,bf16,128,False,0.2453603556714814,0.011688386612113301,16384,0.46668483106772357,118.60874941270004,bf16,128,32,tensor,fp32,0,,bf16,False,False,global,forward,False,0.08838834764831843
length,65536,128,False,outliers,1.0,8,128,1.0,29,e4_tensor,128,False,5.153296644383609,0.20802767033886463,16384,7.956540739379974,118.60874941270004,e4m3,128,32,tensor,fp32,0,,bf16,False,False,global,forward,False,0.08838834764831843
length,65536,128,False,outliers,1.0,8,128,1.0,29,e5_tensor,128,False,7.188071305510432,0.28294886953780257,5,12.32123275008481,118.60874941270004,e5m2,128,32,tensor,fp32,0,,bf16,False,False,global,forward,False,0.08838834764831843
length,65536,128,False,outliers,1.0,8,128,1.0,29,e4_tile,128,False,1.4285320043616583,0.03417368058485496,29,1.7184238040785036,118.60874941270004,e4m3,128,32,tile,fp32,0,,bf16,False,False,global,forward,False,0.08838834764831843
length,65536,128,False,outliers,1.0,8,128,1.0,29,e4_rotate,128,False,1.1287608794555108,0.030151507467443737,28,1.371625001335581,118.60874941270004,e4m3,128,32,tile,fp32,0,,bf16,True,False,global,forward,False,0.08838834764831843
length,65536,128,True,flat,0.25,1,128,1.0,3,fp32,128,False,5.105990796838711e-08,7.072817828783816e-08,6,1.1877048776739826e-07,6.106044776259242,fp32,128,32,tensor,fp32,0,,fp32,False,False,global,forward,True,0.08838834764831843
length,65536,128,True,flat,0.25,1,128,1.0,3,bf16,128,False,0.0020664815283777394,0.002489418990403865,1,0.006214847414592157,6.106044776259242,bf16,128,32,tensor,fp32,0,,bf16,False,False,global,forward,True,0.08838834764831843
length,65536,128,True,flat,0.25,1,128,1.0,3,e4_tensor,128,False,0.02472710609436035,0.03156300624418754,0,0.08445034594404612,6.106044776259242,e4m3,128,32,tensor,fp32,0,,bf16,False,False,global,forward,True,0.08838834764831843
length,65536,128,True,flat,0.25,1,128,1.0,3,e5_tensor,128,False,0.04769894480705261,0.0594402408158877,0,0.16187682586973198,6.106044776259242,e5m2,128,32,tensor,fp32,0,,bf16,False,False,global,forward,True,0.08838834764831843
length,65536,128,True,flat,0.25,1,128,1.0,3,e4_tile,128,False,0.025551691841766713,0.030162326104748963,0,0.07525839305036428,6.106044776259242,e4m3,128,32,tile,fp32,0,,bf16,False,False,global,forward,True,0.08838834764831843
length,65536,128,True,flat,0.25,1,128,1.0,3,e4_rotate,128,False,0.025551691841766713,0.030245298121553386,1,0.07538074779705137,6.106044776259242,e4m3,128,32,tile,fp32,0,,bf16,True,False,global,forward,True,0.08838834764831843
length,65536,128,True,flat,0.25,1,128,1.0,17,fp32,128,False,4.0161741099442594e-08,7.104071833382313e-08,2,1.258520406047277e-07,5.580098832481099,fp32,128,32,tensor,fp32,0,,fp32,False,False,global,forward,True,0.08838834764831843
length,65536,128,True,flat,0.25,1,128,1.0,17,bf16,128,False,0.001847837239083383,0.0023228893596493744,0,0.005099849254381815,5.580098832481099,bf16,128,32,tensor,fp32,0,,bf16,False,False,global,forward,True,0.08838834764831843
length,65536,128,True,flat,0.25,1,128,1.0,17,e4_tensor,128,False,0.023828100887040488,0.033824170370344096,0,0.07495826309645647,5.580098832481099,e4m3,128,32,tensor,fp32,0,,bf16,False,False,global,forward,True,0.08838834764831843
length,65536,128,True,flat,0.25,1,128,1.0,17,e5_tensor,128,False,0.0601314500688192,0.06544596062453689,0,0.14539562068662754,5.580098832481099,e5m2,128,32,tensor,fp32,0,,bf16,False,False,global,forward,True,0.08838834764831843
length,65536,128,True,flat,0.25,1,128,1.0,17,e4_tile,128,False,0.03570556640625,0.03480832955142556,0,0.09120597293604542,5.580098832481099,e4m3,128,32,tile,fp32,0,,bf16,False,False,global,forward,True,0.08838834764831843
length,65536,128,True,flat,0.25,1,128,1.0,17,e4_rotate,128,False,0.03570556640625,0.03472764511766522,0,0.09120597293604542,5.580098832481099,e4m3,128,32,tile,fp32,0,,bf16,True,False,global,forward,True,0.08838834764831843
length,65536,128,True,flat,0.25,1,128,1.0,29,fp32,128,False,4.051353214018505e-08,7.378235411617702e-08,4,1.1914389303469708e-07,5.587174625582386,fp32,128,32,tensor,fp32,0,,fp32,False,False,global,forward,True,0.08838834764831843
length,65536,128,True,flat,0.25,1,128,1.0,29,bf16,128,False,0.0019140243530273438,0.0024577106022593874,1,0.0052804560812225645,5.587174625582386,bf16,128,32,tensor,fp32,0,,bf16,False,False,global,forward,True,0.08838834764831843
length,65536,128,True,flat,0.25,1,128,1.0,29,e4_tensor,128,False,0.023580450092448302,0.035960106098561526,0,0.0855588005942837,5.587174625582386,e4m3,128,32,tensor,fp32,0,,bf16,False,False,global,forward,True,0.08838834764831843
length,65536,128,True,flat,0.25,1,128,1.0,29,e5_tensor,128,False,0.048465192317962646,0.0678150553339509,0,0.15950016559493174,5.587174625582386,e5m2,128,32,tensor,fp32,0,,bf16,False,False,global,forward,True,0.08838834764831843
length,65536,128,True,flat,0.25,1,128,1.0,29,e4_tile,128,False,0.022029123010459256,0.03278572293829632,1,0.07551124439483782,5.587174625582386,e4m3,128,32,tile,fp32,0,,bf16,False,False,global,forward,True,0.08838834764831843
length,65536,128,True,flat,0.25,1,128,1.0,29,e4_rotate,128,False,0.019599318504333496,0.031908119986653743,1,0.06541711130777803,5.587174625582386,e4m3,128,32,tile,fp32,0,,bf16,True,False,global,forward,True,0.08838834764831843
length,65536,128,True,normal,1.0,1,128,1.0,3,fp32,128,False,2.996972883195781e-07,1.133575605105115e-07,15,1.187976275799846e-06,30.994024875818003,fp32,128,32,tensor,fp32,0,,fp32,False,False,global,forward,True,0.08838834764831843
length,65536,128,True,normal,1.0,1,128,1.0,3,bf16,128,False,0.009273937616382177,0.0029369428883399915,11,0.033029980422417435,30.994024875818003,bf16,128,32,tensor,fp32,0,,bf16,False,False,global,forward,True,0.08838834764831843
length,65536,128,True,normal,1.0,1,128,1.0,3,e4_tensor,128,False,0.11811783452565383,0.039174333026476015,3,0.363074721124652,30.994024875818003,e4m3,128,32,tensor,fp32,0,,bf16,False,False,global,forward,True,0.08838834764831843
length,65536,128,True,normal,1.0,1,128,1.0,3,e5_tensor,128,False,0.19677393761638218,0.07477119178518007,0,0.6475073034789279,30.994024875818003,e5m2,128,32,tensor,fp32,0,,bf16,False,False,global,forward,True,0.08838834764831843
length,65536,128,True,normal,1.0,1,128,1.0,3,e4_tile,128,False,0.20014908452565383,0.04282222236771806,3,0.6566898958158991,30.994024875818003,e4m3,128,32,tile,fp32,0,,bf16,False,False,global,forward,True,0.08838834764831843
length,65536,128,True,normal,1.0,1,128,1.0,3,e4_rotate,128,False,0.11421158452565383,0.035654543993759946,3,0.3418651667208652,30.994024875818003,e4m3,128,32,tile,fp32,0,,bf16,True,False,global,forward,True,0.08838834764831843
length,65536,128,True,normal,1.0,1,128,1.0,17,fp32,128,False,2.989084735283143e-07,1.1212483038114365e-07,1,9.19888653557566e-07,28.259740363272996,fp32,128,32,tensor,fp32,0,,fp32,False,False,global,forward,True,0.08838834764831843
length,65536,128,True,normal,1.0,1,128,1.0,17,bf16,128,False,0.008668554937162343,0.0030873302308823593,1,0.030006429217500272,28.259740363272996,bf16,128,32,tensor,fp32,0,,bf16,False,False,global,forward,True,0.08838834764831843
length,65536,128,True,normal,1.0,1,128,1.0,17,e4_tensor,128,False,0.1879557455451364,0.0416299536690118,10,0.4214283524237411,28.259740363272996,e4m3,128,32,tensor,fp32,0,,bf16,False,False,global,forward,True,0.08838834764831843
length,65536,128,True,normal,1.0,1,128,1.0,17,e5_tensor,128,False,0.2987566802116579,0.08199564839973551,3,0.6479943440184078,28.259740363272996,e5m2,128,32,tensor,fp32,0,,bf16,False,False,global,forward,True,0.08838834764831843
length,65536,128,True,normal,1.0,1,128,1.0,17,e4_tile,128,False,0.142822265625,0.04058733087871133,0,0.36482389174418167,28.259740363272996,e4m3,128,32,tile,fp32,0,,bf16,False,False,global,forward,True,0.08838834764831843
length,65536,128,True,normal,1.0,1,128,1.0,17,e4_rotate,128,False,0.142822265625,0.04295203213882468,2,0.4048320702433597,28.259740363272996,e4m3,128,32,tile,fp32,0,,bf16,True,False,global,forward,True,0.08838834764831843
length,65536,128,True,normal,1.0,1,128,1.0,29,fp32,128,False,3.5118429764224857e-07,1.2276057455794612e-07,28,1.1888200523769856e-06,28.82144293780266,fp32,128,32,tensor,fp32,0,,fp32,False,False,global,forward,True,0.08838834764831843
length,65536,128,True,normal,1.0,1,128,1.0,29,bf16,128,False,0.00865834727381376,0.0029805926725934087,4,0.023606286771648614,28.82144293780266,bf16,128,32,tensor,fp32,0,,bf16,False,False,global,forward,True,0.08838834764831843
length,65536,128,True,normal,1.0,1,128,1.0,29,e4_tensor,128,False,0.10963032074990298,0.042205515092545026,1,0.39964625338198084,28.82144293780266,e4m3,128,32,tensor,fp32,0,,bf16,False,False,global,forward,True,0.08838834764831843
length,65536,128,True,normal,1.0,1,128,1.0,29,e5_tensor,128,False,0.43834584727381376,0.08906912817902846,3,0.8597594820930281,28.82144293780266,e5m2,128,32,tensor,fp32,0,,bf16,False,False,global,forward,True,0.08838834764831843
length,65536,128,True,normal,1.0,1,128,1.0,29,e4_tile,128,False,0.19180171583346195,0.0453803482967541,1,0.6325225214255584,28.82144293780266,e4m3,128,32,tile,fp32,0,,bf16,False,False,global,forward,True,0.08838834764831843
length,65536,128,True,normal,1.0,1,128,1.0,29,e4_rotate,128,False,0.11147721638035257,0.04148380025905382,7,0.45294044220673874,28.82144293780266,e4m3,128,32,tile,fp32,0,,bf16,True,False,global,forward,True,0.08838834764831843
length,65536,128,True,sharp,2.0,1,128,1.0,3,fp32,128,False,1.0708456738228733e-05,6.414859303847433e-07,65513,2.6840558129367424e-05,127.61151980965548,fp32,128,32,tensor,fp32,0,,fp32,False,False,global,forward,True,0.08838834764831843
length,65536,128,True,sharp,2.0,1,128,1.0,3,bf16,128,False,0.06527925462753972,0.005496858922613031,11,0.2977319593292015,127.61151980965548,bf16,128,32,tensor,fp32,0,,bf16,False,False,global,forward,True,0.08838834764831843
length,65536,128,True,sharp,2.0,1,128,1.0,3,e4_tensor,128,False,0.7503304166928428,0.0812513277496941,8,3.3272136534274397,127.61151980965548,e4m3,128,32,tensor,fp32,0,,bf16,False,False,global,forward,True,0.08838834764831843
length,65536,128,True,sharp,2.0,1,128,1.0,3,e5_tensor,128,False,2.318028958307157,0.1843290772891009,8,8.644283284342904,127.61151980965548,e5m2,128,32,tensor,fp32,0,,bf16,False,False,global,forward,True,0.08838834764831843
length,65536,128,True,sharp,2.0,1,128,1.0,3,e4_tile,128,False,1.2956031924410851,0.08629035807060224,3,4.387528259621611,127.61151980965548,e4m3,128,32,tile,fp32,0,,bf16,False,False,global,forward,True,0.08838834764831843
length,65536,128,True,sharp,2.0,1,128,1.0,3,e4_rotate,128,False,0.9987675720086244,0.08970810343328948,32769,2.751837536395721,127.61151980965548,e4m3,128,32,tile,fp32,0,,bf16,True,False,global,forward,True,0.08838834764831843
length,65536,128,True,sharp,2.0,1,128,1.0,17,fp32,128,False,9.46670917478798e-06,6.37162808378685e-07,16398,1.9766207549775e-05,127.94732428588256,fp32,128,32,tensor,fp32,0,,fp32,False,False,global,forward,True,0.08838834764831843
length,65536,128,True,sharp,2.0,1,128,1.0,17,bf16,128,False,0.04482637365939368,0.005598628751938474,11,0.1398227016842934,127.94732428588256,bf16,128,32,tensor,fp32,0,,bf16,False,False,global,forward,True,0.08838834764831843
length,65536,128,True,sharp,2.0,1,128,1.0,17,e4_tensor,128,False,0.7251069485382375,0.08632122513912012,23,2.754232789168792,127.94732428588256,e4m3,128,32,tensor,fp32,0,,bf16,False,False,global,forward,True,0.08838834764831843
length,65536,128,True,sharp,2.0,1,128,1.0,17,e5_tensor,128,False,1.4990511492274046,0.16802990475070215,16408,5.294134156733039,127.94732428588256,e5m2,128,32,tensor,fp32,0,,bf16,False,False,global,forward,True,0.08838834764831843
length,65536,128,True,sharp,2.0,1,128,1.0,17,e4_tile,128,False,0.5869279251905186,0.08195347431987121,65528,2.099055831316467,127.94732428588256,e4m3,128,32,tile,fp32,0,,bf16,False,False,global,forward,True,0.08838834764831843
length,65536,128,True,sharp,2.0,1,128,1.0,17,e4_rotate,128,False,0.7313167177556927,0.07751873694660037,16386,2.6538954103621926,127.94732428588256,e4m3,128,32,tile,fp32,0,,bf16,True,False,global,forward,True,0.08838834764831843
length,65536,128,True,sharp,2.0,1,128,1.0,29,fp32,128,False,7.288990425458053e-06,5.913062197556493e-07,32768,2.0359576461002095e-05,128.3098861915788,fp32,128,32,tensor,fp32,0,,fp32,False,False,global,forward,True,0.08838834764831843
length,65536,128,True,sharp,2.0,1,128,1.0,29,bf16,128,False,0.05408751163873164,0.006345857124702213,10,0.20190386766587307,128.3098861915788,bf16,128,32,tensor,fp32,0,,bf16,False,False,global,forward,True,0.08838834764831843
length,65536,128,True,sharp,2.0,1,128,1.0,29,e4_tensor,128,False,0.6451897712563268,0.08119465098708566,13,2.593600667153868,128.3098861915788,e4m3,128,32,tensor,fp32,0,,bf16,False,False,global,forward,True,0.08838834764831843
length,65536,128,True,sharp,2.0,1,128,1.0,29,e5_tensor,128,False,2.004528190051064,0.1903339218561231,5,7.814423063948215,128.3098861915788,e5m2,128,32,tensor,fp32,0,,bf16,False,False,global,forward,True,0.08838834764831843
length,65536,128,True,sharp,2.0,1,128,1.0,29,e4_tile,128,False,0.6724042507722953,0.08708008938332783,16388,3.0708307894141496,128.3098861915788,e4m3,128,32,tile,fp32,0,,bf16,False,False,global,forward,True,0.08838834764831843
length,65536,128,True,sharp,2.0,1,128,1.0,29,e4_rotate,128,False,0.6643931766046397,0.08554488775183183,17,3.029595884835853,128.3098861915788,e4m3,128,32,tile,fp32,0,,bf16,True,False,global,forward,True,0.08838834764831843
length,65536,128,True,outliers,1.0,8,128,1.0,3,fp32,128,False,6.789919485528095e-05,1.7295320892941737e-06,65507,0.0001242053128504447,90.0720264326867,fp32,128,32,tensor,fp32,0,,fp32,False,False,global,forward,True,0.08838834764831843
length,65536,128,True,outliers,1.0,8,128,1.0,3,bf16,128,False,0.15692719005597322,0.00920506643057215,16392,0.25949851893573406,90.0720264326867,bf16,128,32,tensor,fp32,0,,bf16,False,False,global,forward,True,0.08838834764831843
length,65536,128,True,outliers,1.0,8,128,1.0,3,e4_tensor,128,False,3.2422298947061536,0.1343919557863362,16401,4.173744688528827,90.0720264326867,e4m3,128,32,tensor,fp32,0,,bf16,False,False,global,forward,True,0.08838834764831843
length,65536,128,True,outliers,1.0,8,128,1.0,3,e5_tensor,128,False,9.102829878133207,0.4081294784658502,16399,14.503152575427777,90.0720264326867,e5m2,128,32,tensor,fp32,0,,bf16,False,False,global,forward,True,0.08838834764831843
length,65536,128,True,outliers,1.0,8,128,1.0,3,e4_tile,128,False,0.9470871006464561,0.04612281966622107,23,1.453152679159409,90.0720264326867,e4m3,128,32,tile,fp32,0,,bf16,False,False,global,forward,True,0.08838834764831843
length,65536,128,True,outliers,1.0,8,128,1.0,3,e4_rotate,128,False,0.6022613924183222,0.038909057577553086,65505,1.07678551238409,90.0720264326867,e4m3,128,32,tile,fp32,0,,bf16,True,False,global,forward,True,0.08838834764831843
length,65536,128,True,outliers,1.0,8,128,1.0,17,fp32,128,False,2.2364623739168366e-05,1.6302915832219196e-06,65520,4.5915750708906114e-05,62.62103876864859,fp32,128,32,tensor,fp32,0,,fp32,False,False,global,forward,True,0.08838834764831843
length,65536,128,True,outliers,1.0,8,128,1.0,17,bf16,128,False,0.2651799918882307,0.017173037107326854,16385,0.4659641873376951,62.62103876864859,bf16,128,32,tensor,fp32,0,,bf16,False,False,global,forward,True,0.08838834764831843
length,65536,128,True,outliers,1.0,8,128,1.0,17,e4_tensor,128,False,3.3211793259646774,0.2386663575813218,32770,4.5534448581896045,62.62103876864859,e4m3,128,32,tensor,fp32,0,,bf16,False,False,global,forward,True,0.08838834764831843
length,65536,128,True,outliers,1.0,8,128,1.0,17,e5_tensor,128,False,4.602429325964677,0.38719280807535533,16385,7.950736915126788,62.62103876864859,e5m2,128,32,tensor,fp32,0,,bf16,False,False,global,forward,True,0.08838834764831843
length,65536,128,True,outliers,1.0,8,128,1.0,17,e4_tile,128,False,1.1371222045837897,0.11627309860339,16410,3.9468826431721395,62.62103876864859,e4m3,128,32,tile,fp32,0,,bf16,False,False,global,forward,True,0.08838834764831843
length,65536,128,True,outliers,1.0,8,128,1.0,17,e4_rotate,128,False,0.5499144240353226,0.048673230276895324,32770,0.743529342701262,62.62103876864859,e4m3,128,32,tile,fp32,0,,bf16,True,False,global,forward,True,0.08838834764831843
length,65536,128,True,outliers,1.0,8,128,1.0,29,fp32,128,False,2.4058795702330826e-05,9.822582530770912e-07,65527,4.474178271470958e-05,105.13523999062323,fp32,128,32,tensor,fp32,0,,fp32,False,False,global,forward,True,0.08838834764831843
length,65536,128,True,outliers,1.0,8,128,1.0,29,bf16,128,False,0.2705761559820221,0.012417109200802164,32777,0.4768987413049989,105.13523999062323,bf16,128,32,tensor,fp32,0,,bf16,False,False,global,forward,True,0.08838834764831843
length,65536,128,True,outliers,1.0,8,128,1.0,29,e4_tensor,128,False,4.149621260228003,0.20063807554801827,32777,7.6417812584315845,105.13523999062323,e4m3,128,32,tensor,fp32,0,,bf16,False,False,global,forward,True,0.08838834764831843
length,65536,128,True,outliers,1.0,8,128,1.0,29,e5_tensor,128,False,3.5850295974554305,0.3481055745409459,16414,11.16635172859483,105.13523999062323,e5m2,128,32,tensor,fp32,0,,bf16,False,False,global,forward,True,0.08838834764831843
length,65536,128,True,outliers,1.0,8,128,1.0,29,e4_tile,128,False,0.9740592759764866,0.046427727786673596,27,1.655556890816716,105.13523999062323,e4m3,128,32,tile,fp32,0,,bf16,False,False,global,forward,True,0.08838834764831843
length,65536,128,True,outliers,1.0,8,128,1.0,29,e4_rotate,128,False,0.618456883206564,0.034340554713670236,10,0.8555678239412898,105.13523999062323,e4m3,128,32,tile,fp32,0,,bf16,True,False,global,forward,True,0.08838834764831843
