backend,model,layer,head,selected_by,predicted_hurt_score,emulator_hurt_score,kernel_hurt_score,emulator_tile_log_error,emulator_rotate_log_error,emulator_smooth_k_log_error,emulator_rotate_smooth_k_log_error,hardware_tile_log_error,hardware_rotate_log_error,hardware_smooth_k_log_error,hardware_rotate_smooth_k_log_error
fa3,olmo1,0,5,random,-0.08057394950113599,-0.058151345403126484,-0.05611891857221714,0.1170145377959924,0.058863192392865915,0.06593563461999989,0.0451884383799713,0.11455037548495621,0.05843145691273907,0.06506695564710095,0.04419721486386155
fa3,olmo1,0,11,random,-0.01673220895855763,-0.007654780079751511,-0.009606529084934104,0.0484666488492723,0.04081186876952079,0.04288307739398814,0.03933283193167347,0.05101290374254216,0.041406374657608054,0.045096720903538445,0.039555149969215615
fa3,olmo1,1,3,top,-0.0017620894048654713,-0.004014746526185654,-0.005590440978605223,0.034962987490006404,0.03094824096382075,0.03469154993439192,0.031240286179298554,0.036655500449384135,0.03106505947077891,0.03529881561973642,0.030504878245980766
fa3,olmo1,1,9,top,-0.003107513471153738,-0.006375435119223387,-0.006493786983749215,0.023497154144516957,0.01712171902529357,0.0229341939378755,0.01653002172824533,0.024419757754837273,0.017925970771088057,0.02391591366656755,0.017668616890231997
fa3,olmo1,1,12,random,-0.0277968312940864,-0.01953069620243214,-0.0212399435152962,0.05770199745271156,0.03817130125027942,0.04357524206253175,0.03690194467816765,0.05918859490209227,0.037948651386796074,0.04534476844711346,0.036704667563612604
fa3,olmo1,1,13,random,-0.007774023790172197,-0.008127924199851136,-0.007483427995805054,0.022973668342714238,0.014845744142863103,0.018184400910923857,0.014098464550934275,0.024085739182622513,0.01660231118681746,0.019414937319191083,0.016091809797022166
fa3,olmo1,2,1,top,-0.006245900172754553,-0.006660560026472362,-0.007515424030876079,0.050538078739978065,0.0438775187135057,0.047141020409617936,0.04080898821505802,0.05146407845880203,0.04394865442792595,0.04652882333726107,0.04052694269574136
fa3,olmo1,2,9,random,-0.06505388440423387,-0.06744900912909481,-0.06329686492576653,0.11685241890879515,0.04940340977970034,0.0737011803928927,0.04430004195341684,0.11342963489475194,0.05013276996898541,0.07559239916133609,0.045629665591058466
fa3,olmo1,2,12,top,-0.004130349095969643,-0.0019748743378035505,-0.0022186266316919084,0.019037452941302647,0.017062578603499096,0.017471750525173007,0.015437688201428781,0.01940818565930372,0.017189559027611812,0.017167289542472628,0.016092817739183352
fa3,olmo1,3,0,random,-0.010706789226987182,-0.011518645903387387,-0.01304392549771502,0.053147130916636816,0.04162848501324943,0.04604757521421594,0.040251529671433285,0.05497271133147239,0.04192878583375737,0.047987122026920896,0.039555419908916416
fa3,olmo1,3,1,random,-0.0519771523537006,-0.04528903181331826,-0.05005708534213651,0.10332954662488597,0.05804051481156771,0.07271941975589782,0.04990987943590569,0.10748956409194964,0.05743247874981313,0.07521285228315559,0.05046644657508383
fa3,olmo1,3,4,random,-0.02155421532478857,-0.016344674506982754,-0.016984196118935622,0.0399883325504953,0.023643658043512542,0.034286635537570664,0.025121813043494184,0.04133133303634059,0.024347136917404966,0.0331924754288367,0.023872541512651408
fa3,olmo1,3,8,random,-0.028701507451707246,-0.02870372365030957,-0.02745461363017352,0.06520845456161448,0.036504730911304906,0.046861260051697634,0.03215599841740609,0.06456339611155426,0.03710878248138074,0.04668454823179358,0.032665996311588015
fa3,olmo1,3,9,top+random,-0.005947784652988761,-0.013621351123786103,-0.014470258315895199,0.04500042465865326,0.03137907353486716,0.040698298811138935,0.03073576419305452,0.0464238688084802,0.031953610492585,0.04235682149221112,0.030865530205520287
fa3,olmo1,4,1,top,-0.00225793182840996,-0.0038717346919090456,-0.006066254352495727,0.04705975849183446,0.04318802379992542,0.046875031528628396,0.0427719784971096,0.04704126787529287,0.040975013522797143,0.05367560283028894,0.04277113871584234
fa3,olmo1,4,3,random,-0.024737656792451695,-0.02147695992513956,-0.020435022578000936,0.07411882076464178,0.05264186083950222,0.05915999280825842,0.04855295257275272,0.07124406292919179,0.050809040351190854,0.058089879329047016,0.04814611426484483
fa3,olmo1,4,6,top,-0.005305270917182389,-0.006952306724520321,-0.01314647889628499,0.030423734102940247,0.023471427378419927,0.03412427911599017,0.023321122511440317,0.03675267480848917,0.02360619591220418,0.034056754931643375,0.020871563293546377
fa3,olmo1,4,9,random,-0.028980018464173442,-0.017146457414517945,-0.019253684831035935,0.06864586632174442,0.05149940890722648,0.0626235925980499,0.04369480248818649,0.0700691514376188,0.050815466606582864,0.05944332141596572,0.04314409188845897
fa3,olmo1,4,10,random,-0.011040100905084718,-0.012697393130790498,-0.01014753137736512,0.05486285595299307,0.04216546282220257,0.04724397212164134,0.040526094419069854,0.05159139855915299,0.04144386718178787,0.04798899424099318,0.039447420015570056
fa3,olmo1,4,14,top,-0.0013418984110848999,-0.005460369844574216,-0.0035386247932729445,0.03738548806163852,0.031925118217064306,0.035099530377275374,0.031676789684826276,0.03696782818961773,0.03342920339634479,0.034740293603904154,0.032699884841147775
fa3,olmo1,5,0,top,-0.003915126380092289,-0.004624608305783717,-0.005514951441692666,0.029196987235700658,0.02457237892991694,0.027054142375466703,0.026535942090009843,0.02918751735846178,0.023672565916769115,0.026642872463792766,0.025843429027874034
fa3,olmo1,5,7,random,-0.015213096786633145,-0.015241465544485307,-0.016798071092414026,0.06607219749834521,0.050830731953859905,0.06947066510087191,0.051184176242786227,0.06782711336261324,0.051029042270199214,0.06445606769169472,0.05055407556862406
fa3,olmo1,5,10,random,-0.06616191713321422,-0.0609216073432899,-0.06015754957801473,0.11483584980664092,0.053914242463351025,0.08194646713870145,0.04749568393754458,0.11210831386854231,0.05195076429052758,0.08387016525590692,0.04814314493400079
fa3,olmo1,5,11,top,-0.006470957835034625,-0.006615625540463351,-0.0059059859625904924,0.030208066565934246,0.023592441025470895,0.02720148943635205,0.023617927255545342,0.030371560842461103,0.02446557487987061,0.027506061759437886,0.02421450217611799
fa3,olmo1,6,6,top,-0.0014135724852501624,-0.007147477339186123,-0.006632839757819364,0.049514684893711934,0.04236720755452581,0.04771941323600662,0.04293702511275125,0.04777719174977633,0.041144351991956964,0.04761482983465091,0.04458828881346136
fa3,olmo1,6,9,top,-0.003722770414957317,-0.012222446191298347,-0.008395651517932371,0.03493759896333667,0.02271515277203832,0.030125090543858712,0.023843135224794604,0.031226388854753363,0.02283073733682099,0.031732843177432,0.022205192445297037
fa3,olmo1,6,12,top,-0.005380044157656433,-0.008054196885593931,-0.010793438199191041,0.04267775959727712,0.03462356271168319,0.0367468232756839,0.03438195864064957,0.04543504806018622,0.03464160986099518,0.042339079614696885,0.03352186243042676
fa3,olmo1,6,15,top+random,0.0002683594897128748,-0.005178161585979883,-0.0037140531668624147,0.051896353732076315,0.04671819214609643,0.04833418575166217,0.04471936032576732,0.051136692208576945,0.04742263904171453,0.054068935863829416,0.04417168553893939
fa3,olmo1,7,6,top,-0.002204177464795631,-0.0032523468949478135,-0.0039453176740287185,0.020373728678373768,0.017121381783425954,0.022089547157020255,0.017454026375432172,0.021380704520727847,0.017435386846699128,0.023721593894302145,0.01816908677789913
fa3,olmo1,7,14,random,-0.016316983343453762,-0.020361856619900767,-0.014219886441169942,0.059147443547253716,0.03878558692735295,0.04771098755772854,0.03931440472138386,0.05309270921390307,0.03887282277273313,0.053079224517440494,0.03927519845616761
fa3,olmo1,8,3,top+random,-0.005490018542971264,-0.021348584801768933,-0.022118103060892277,0.06073108972453381,0.03938250492276488,0.05473832309875903,0.03846844803918056,0.06037206456368454,0.03825396150279226,0.05733025289452336,0.037754728479050835
fa3,olmo1,8,5,random,-0.01804576147666014,-0.012209695526404243,-0.014455742798503313,0.04235868484554916,0.030148989319144916,0.03481698689270884,0.028684326213848015,0.043759397419665585,0.029303654621162273,0.035988630049563396,0.02856823137371776
fa3,olmo1,8,8,top,-0.005148796971473929,-0.006985324895368773,-0.013372711808623837,0.038458694078712725,0.03147336918334395,0.033751904182178195,0.0292143530604662,0.0436129810974172,0.030240269288793364,0.03667423320055908,0.029660649146651535
fa3,olmo1,8,11,top,-0.00512024791673744,-0.014669958432895317,-0.015223502448615592,0.040834785507484046,0.02616482707458873,0.03484912312879792,0.026090482863742572,0.04176154857793631,0.02653804612932072,0.03490099466506149,0.026069784448380106
fa3,olmo1,8,12,top,-0.004749796095498498,-0.0034414407641307557,-0.007663932354512223,0.0426364350101112,0.03919499424598044,0.04004259547966319,0.03438299548452334,0.04205963098083539,0.03439569862632317,0.03884604768149623,0.034422447972959326
fa3,olmo1,8,13,top,-0.0028461965152742318,-0.01644540901398571,-0.011160192684693038,0.05789015757329145,0.04144474855930574,0.05528162897384409,0.042774587580618,0.05565179867713573,0.044491605992442694,0.05506231875156658,0.04316553835397622
fa3,olmo1,9,4,top,-0.0029029887499911096,-0.009023721153320667,-0.007040710118158246,0.04699548158988531,0.037971760436564646,0.04266166826147839,0.035302151205894326,0.04283232631540939,0.035791616197251144,0.04143510642462544,0.03428148895876166
fa3,olmo1,9,6,random,-0.05067610951018552,-0.03695408412143124,-0.03836372892933323,0.08308340674165969,0.04612932262022845,0.06559648082969405,0.046187258173189,0.08132550884474733,0.042961779915414104,0.07383385122885826,0.04421424122170014
fa3,olmo1,9,9,top,-0.005143216005897562,-0.008769260756147902,-0.006143648524414798,0.040973326505699244,0.03220406574955134,0.038337529817952715,0.03119019898879821,0.038473541838716485,0.03232989331430169,0.036977895435545076,0.03084340891163811
fa3,olmo1,9,11,top,-0.004781730703137811,-0.009770406112988829,-0.008192202373665698,0.04244906163426252,0.03267865552127369,0.03706297047655573,0.031740022597103144,0.041126487308738156,0.03293428493507246,0.036623672498845544,0.0318148068182263
fa3,olmo1,9,12,top,-0.0058867096353057355,-0.008066865572200824,-0.007779902905126052,0.03483800250646423,0.026771136934263407,0.0360087541586691,0.024878466082533968,0.03387363404750843,0.026093731142382375,0.03702861361362305,0.026376682735750324
fa3,olmo1,9,13,top,-0.004034251401799766,-0.011526310463371513,-0.009976609289035362,0.048513425967788265,0.03698711550441675,0.04774417377016033,0.03594922046343984,0.046021317648422634,0.03604470835938727,0.04715787036839825,0.03752127156072293
fa3,olmo1,10,2,top,-0.00415130269348155,-0.0065178906809769885,-0.004729836809569905,0.040455213078345084,0.033937322397368096,0.036093769589885964,0.03249816280354681,0.038607544950856394,0.03387770814128649,0.03626245696211964,0.032022965014548814
fa3,olmo1,10,4,random,-0.006853529788206493,-0.009623810343386378,-0.007586929334509156,0.04435755318001528,0.0347337428366289,0.03926929463024251,0.03322168962378667,0.04226136046170107,0.034674431127191915,0.040126425068365855,0.03367226583132998
fa3,olmo1,10,8,random,-0.02233593186638522,-0.018318362080619863,-0.00957439235161188,0.05162358349734849,0.03330522141672863,0.04727298472183208,0.03313615223768764,0.043101973684907834,0.033527581333295954,0.042868336790354594,0.034253037311175204
fa3,olmo1,10,11,random,-0.009761598752702206,-0.014526513772930513,-0.014384548827427922,0.04537122713795586,0.03084471336502535,0.03326784127735808,0.029945882884241434,0.04373934422846539,0.02935479540103747,0.03844830347491515,0.028777252612007184
fa3,olmo1,11,0,random,-0.010367581266768374,-0.01735810897793454,-0.020756836083908808,0.045049345273298014,0.027691236295363474,0.03861072800534697,0.02830110435076653,0.048269732391434846,0.027512896307526038,0.04470207349843871,0.028005557205250067
fa3,olmo1,11,1,top,-0.006448688400484969,-0.02398009157410179,-0.01714985354598802,0.0635929554576815,0.03961286388357971,0.05634606068486775,0.0512493243107931,0.0566492959502646,0.03949944240427658,0.056540410471856956,0.04900480998445148
fa3,olmo1,11,5,top,-0.005921156134438165,-0.011337262693765178,-0.013976478983632717,0.050900644525070406,0.03956338183130523,0.05641202223733385,0.038236653677218686,0.05248177606850877,0.03850529708487605,0.06138861584276057,0.03722174807387772
fa3,olmo1,11,7,random,-0.009023468981832697,-0.008378804395635937,-0.009915874630064679,0.04452370146381515,0.036144897068179214,0.04541671740007405,0.034128307981334205,0.04479720325432554,0.03488132862426086,0.04564910523707424,0.03254117660931819
fa3,olmo1,11,14,top,-0.004197820883601313,-0.00696151462685389,-0.009095406605755908,0.021914936871483076,0.014953422244629186,0.019794054806810003,0.017146210045230936,0.0226832924698394,0.013587885864083493,0.019295969966742595,0.014827354547508421
fa3,olmo1,12,4,random,-0.007381695762546974,-0.00992623613392788,-0.010543726803561658,0.046035019912184005,0.036108783778256125,0.04857057822063383,0.03941831957292591,0.046307845355852854,0.035764118552291196,0.04794624771947583,0.03555223469349612
fa3,olmo1,12,13,top,-0.00451231956785494,-0.007714639761593603,-0.012174213383081167,0.04504369185823238,0.037329052096638775,0.04591837175784797,0.03750915054172713,0.04896811894040733,0.036793905557326166,0.04658714121570868,0.036824907449157104
fa3,olmo1,12,14,random,-0.016200118183080984,-0.02452470849707946,-0.034855925449524934,0.06498417925027698,0.04045947075319752,0.052020173342670506,0.03778056639595351,0.0730006461982443,0.038144720748719364,0.058969592945324945,0.03738390795026727
fa3,olmo1,13,8,random,-0.017105803867213616,-0.019084763878421833,-0.019588148712571682,0.07027335167464362,0.051188587796221784,0.06155432585190924,0.05159375738347364,0.07071385048499988,0.0511257017724282,0.06321687996305246,0.0499677327025049
fa3,olmo1,13,12,random,-0.011555021258390358,-0.020206045600401935,-0.026576341175228328,0.07142993446874397,0.05122388886834204,0.07035658287287005,0.050106315456121105,0.07355378797541696,0.04697744680018864,0.0739051742978924,0.04879882699429929
fa3,olmo1,13,13,random,-0.01432860223004167,-0.038006356621809456,-0.03220088243087905,0.08817016144369594,0.05016380482188648,0.08465006167479178,0.046949234971876426,0.08197917307489537,0.04977829064401632,0.07999197430791966,0.04699259052848733
fa3,olmo1,14,7,random,-0.011919232434275983,-0.031207002745228647,-0.0386337562071205,0.06998665502306493,0.038779652277836286,0.05711590007173014,0.043337406513595335,0.07599738666663612,0.03736363045951562,0.10169004001418606,0.039855910558483365
fa3,olmo1,14,8,random,-0.01625020278950026,-0.017097754962942954,-0.023142018907430395,0.0623824909269324,0.04528473596398944,0.09564003368665928,0.044650178111978266,0.06630032419824014,0.043158305290809745,0.07937040043474596,0.045137354895053945
fa3,olmo1,15,3,top,-0.006220437036569723,-0.0049402237064882434,-0.003772882293026275,0.03919569833708507,0.034255474630596826,0.039146373103011556,0.035271435228978194,0.04055974370944609,0.03678686141641981,0.03897984383075006,0.03341974089970988
fa3,olmo1,15,4,top,-0.005952481857381966,-0.02592645428722308,-0.009663020600038777,0.060823772605205405,0.034897318317982325,0.04477488928335144,0.03399924285466912,0.04458008994373185,0.034917069343693076,0.04570224715912863,0.03350273467389794
fa3,qwen05,0,0,all,1.1945318319160376,0.5607707290852616,0.5616320310302195,0.2185783954922531,0.7793491245775147,0.05552240952909617,0.37819658169009013,0.21737816027454626,0.7790101913047658,0.05307109740473629,0.37612230911469674
fa3,qwen05,0,1,all,0.009751062923166505,0.3926611400832172,0.3597615208808118,0.20066048838981454,0.5933216284730317,0.024695122409136894,0.0363522493553031,0.21420471069123392,0.5739662315720457,0.02468149103471508,0.03251901943238344
fa3,qwen05,0,2,all,0.5431074251223686,0.4063025833557853,0.4312086214280213,0.2450804933991891,0.6513830767549744,0.028781294715688636,0.19328825889949194,0.2449877808537413,0.6761964022817626,0.03366671745414552,0.18080506175497382
fa3,qwen05,0,3,all,0.576868116274406,0.5702840198849681,0.5313320513993125,0.25292286338442654,0.8232068832693947,0.02139821107389742,0.22757652992538957,0.25351473229191307,0.7848467836912256,0.022642891572560067,0.2287016238467839
fa3,qwen05,0,4,all,0.6543822264999043,0.47086763090231365,0.4695437397975717,0.1791720485853415,0.6500396794876552,0.14440223673760197,0.20712006011934672,0.1788069407336025,0.6483506805311742,0.1421941200517404,0.2122389440255995
fa3,qwen05,0,5,all,0.5301891930809745,0.3700434952337497,0.36212777774641447,0.21750682172700267,0.5875503169607523,0.16663096334844887,0.18604149025438324,0.21774290795764936,0.5798706857040639,0.15770018804077698,0.19044960995237406
fa3,qwen05,0,6,all,0.818481287401377,0.5450762116077116,0.5366799885382288,0.23394282150504764,0.7790190331127592,0.026614963724548413,0.25808133003221145,0.2330625185441357,0.7697425070823646,0.02782926775151173,0.2549894619270803
fa3,qwen05,0,7,all,0.45520751417575966,0.365031835987778,0.36484044485938105,0.19833309008132885,0.5633649260691068,0.10468443902233004,0.24855933994237764,0.19941483695063156,0.5642552818100126,0.11154868266786568,0.2415689891399366
fa3,qwen05,0,8,all,1.008508166784982,0.6265704172796465,0.7121981957942733,0.6122656243317022,1.2388360416113486,0.05783083702239691,0.8994835612048707,0.5850966529734096,1.297294848767683,0.06023546734945338,0.8458089479165799
fa3,qwen05,0,9,all,1.251034420080547,0.6546053708738087,0.645492169761338,0.26471481353832776,0.9193201844121365,0.086018290688109,0.6703146024110657,0.2661160079828629,0.9116081777442009,0.08564503403786206,0.6593346534465614
fa3,qwen05,0,10,all,0.7727329335374349,0.748213581680351,0.7156234732111417,0.4390134758605784,1.1872270575409294,0.036723084834275055,0.7162182286918396,0.4281594541110369,1.1437829273221787,0.04016783404662338,0.7720859358463622
fa3,qwen05,0,11,all,0.8960186198719745,0.5486213458825241,0.536412482367362,0.24539553285889207,0.7940168787414161,0.05239855351156866,0.465440602390685,0.25256654640227283,0.7889790287696349,0.05211950382704086,0.45827693380252743
fa3,qwen05,0,12,all,1.0850125845770564,0.6977079930500336,0.6951314725700779,0.3179024767300804,1.015610469780114,0.033506252395271385,0.6325609158330016,0.31833506364926706,1.013466536219345,0.032824679659432164,0.5984059721016168
fa3,qwen05,0,13,all,0.7643180317351653,0.4772550817460786,0.4805106936853206,0.2940891821554718,0.7713442639015504,0.058414071150524806,0.4922309917871541,0.2926514532343697,0.7731621469196903,0.05688564987640001,0.4876349772388718
fa3,qwen05,1,0,all,0.008626101064753288,0.007567296806293686,0.007026689362216065,0.07379164400804034,0.08135894081433402,0.06412220822896643,0.05854921481197153,0.07545291993679105,0.08247960929900712,0.06368906952885749,0.0588950543099565
fa3,qwen05,1,1,all,0.011559406795988643,0.00668610606343769,0.0069973398636230255,0.0590482026061487,0.06573430866958639,0.0513001499082217,0.04678210622093304,0.060563935744461256,0.06756127560808428,0.051546524281995736,0.04668015264690369
fa3,qwen05,1,2,all,0.012054675639630833,0.014924586736512702,0.01390060970764953,0.06763446315326925,0.08255904988978195,0.05445079516796867,0.05682630133509901,0.06758957786561229,0.08149018757326182,0.054188486351399286,0.058235427961686737
fa3,qwen05,1,3,all,0.0004030029416492789,-0.01107151827774494,-0.00799409951513802,0.05996970718026793,0.04889818890252299,0.043969713230228746,0.037869472380062254,0.055223835160529304,0.047229735645391284,0.04532276254699442,0.03746680064825394
fa3,qwen05,1,4,all,0.01606422115272561,0.013896566225783391,0.01309657787751891,0.05702905991066004,0.07092562613644343,0.048497009711414046,0.0508375827901161,0.05925697661815434,0.07235355449567325,0.049640129354153524,0.05149179564724437
fa3,qwen05,1,5,all,0.007217706847321541,0.00756996822715094,0.00760566915167122,0.04386171651008803,0.05143168473723897,0.03543719590971561,0.03910618876703294,0.04599161917043859,0.05359728832210981,0.0364537563019613,0.03802862147929615
fa3,qwen05,1,6,all,0.013776568256872951,0.010115428094843656,0.013098862813856318,0.06278733292927709,0.07290276102412074,0.05376936379736577,0.053206875767067154,0.06408780961154231,0.07718667242539863,0.05203737764017082,0.0540115111562813
fa3,qwen05,1,7,all,-0.0547666417934016,-0.12501907397184236,-0.1035934395375295,0.27204037990568963,0.14702130593384727,0.012504487191460448,0.012597569255665464,0.26207309890915215,0.15847965937162264,0.018165500833158595,0.01820402513482625
fa3,qwen05,1,8,all,0.17031117831364773,0.14056404625173324,0.144011494357415,0.09485775211306247,0.2354217983647957,0.03639608944765906,0.03208101023825525,0.0908279155868178,0.2348394099442328,0.03670719217600312,0.03222111744570427
fa3,qwen05,1,9,all,0.12245758411436845,0.11525173019822711,0.12301784800184702,0.11809319089921434,0.23334492109744145,0.03693140749236227,0.0319718278660804,0.11086427283823062,0.23388212084007765,0.037185325787000095,0.03195645250096305
fa3,qwen05,1,10,all,0.018134941804860593,0.016608696276418478,0.01964910286489735,0.1446632509086286,0.1612719471850471,0.020807981546095707,0.019354648077624992,0.14239719203124776,0.1620462948961451,0.02328158009792577,0.0209772802441876
fa3,qwen05,1,11,all,0.023151097276725385,0.02103171526935818,0.03296892014040548,0.14447129682815044,0.16550301209750862,0.017902613849905435,0.019407959567346277,0.13451691788137002,0.1674858380217755,0.02146059506863887,0.022073722035334448
fa3,qwen05,1,12,all,-0.07357223784205526,-0.1716026956454161,-0.16709758420503723,0.3382785806364143,0.1666758849909982,0.01987290776634656,0.015104509618747916,0.3384977015422151,0.17140011733717786,0.02322399935112529,0.019659824741980168
fa3,qwen05,1,13,all,-0.06718051267328379,-0.20459907671388164,-0.1551176432419565,0.35422583369725363,0.149626756983372,0.010852805307087487,0.012049289885238299,0.33607915978694414,0.18096151654498763,0.017420443872548198,0.017560370017676463
fa3,qwen05,2,0,all,0.033507559540527095,0.03359380274282785,0.028012721396561233,0.10805465347567071,0.14164845621849856,0.0531385804996368,0.05022220267464764,0.11443196241933777,0.142444683815899,0.053305248690890344,0.05036605103807962
fa3,qwen05,2,1,all,0.04606373195478733,0.04904944472671391,0.05327428796847866,0.15812876078391455,0.20717820551062846,0.09502073214309605,0.07058895067827213,0.15578643478758916,0.20906072275606782,0.08802865678256423,0.0719035235928298
fa3,qwen05,2,2,all,-0.011225291795389078,-0.02404546121880985,-0.027125651965517583,0.18764657448820796,0.1636011132693981,0.06687881683969307,0.05387205068882381,0.19372351374563404,0.16659786178011646,0.06501807104860503,0.055264288254817794
fa3,qwen05,2,3,all,0.03429166426579794,0.03913370674238352,0.028631752124635812,0.11777308235707444,0.15690678909945796,0.056539793521914065,0.05490854707084366,0.12610934575423896,0.15474109787887477,0.05690995984774241,0.05479818581047208
fa3,qwen05,2,4,all,0.0032429088819320717,0.0118718518247036,-0.001261930395474009,0.1785199536763357,0.1903918055010393,0.06789434584298208,0.06401807959602589,0.1928731939021728,0.1916112635066988,0.06716469315390085,0.0635719095707209
fa3,qwen05,2,5,all,-0.0566103411203309,-0.07212071770755221,-0.12646511022812348,0.14593203097337085,0.07381131326581863,0.04946173262104054,0.028541210414722473,0.20111010222254264,0.07464499199441915,0.050831119612959025,0.029248561553307264
fa3,qwen05,2,6,all,0.043354446227116226,0.04895527645537143,0.04446465207276143,0.12624522585371223,0.17520050230908366,0.06621867750769132,0.0605711222785848,0.1306639948165883,0.17512864688934973,0.06641528857534228,0.06246166075712415
fa3,qwen05,2,7,all,0.004043757777169911,0.0009885575933783752,-0.008374463380572628,0.17331697684033864,0.17430553443371702,0.04888967174006839,0.045975208550848363,0.17811098266058098,0.16973651928000835,0.0479125661499615,0.043955660099607836
fa3,qwen05,2,8,all,0.010753684513813977,0.011723842338509871,0.010252816886169691,0.1614117749061801,0.17313561724468998,0.04692282188985462,0.045293688699546364,0.15736178609618548,0.16761460298235517,0.04755188257634102,0.04504514591535628
fa3,qwen05,2,9,all,-0.04564340623659987,-0.025129651335453307,-0.047247047879917736,0.22407207359101725,0.19894242225556394,0.05393234211223241,0.047372725953217454,0.2398529953885938,0.19260594750867607,0.05377964188021247,0.046892232728150816
fa3,qwen05,2,10,all,0.006730617655331487,0.015122749446070227,0.008454234796325955,0.2563291409642903,0.27145189041036055,0.06534943424786054,0.06363262087718032,0.26403293392605315,0.2724871687223791,0.06530588757812512,0.06323932932863865
fa3,qwen05,2,11,all,-0.05221555344979536,-0.03873223060803527,-0.05269494212687251,0.30078586312326755,0.2620536325152323,0.08023899338776656,0.0635496075853626,0.29900859323080653,0.24631365110393402,0.07500189840852972,0.062178466346466114
fa3,qwen05,2,12,all,0.009608171981024724,0.002754852038561517,-0.019337907707911384,0.2614536087361529,0.26420846077471444,0.07750367988899244,0.06603551923352717,0.27565864009934526,0.2563207323914339,0.07711230920543105,0.06730490842283889
fa3,qwen05,2,13,all,-0.07326599952859261,-0.0915928786934892,-0.10102068964338703,0.26882450337581765,0.17723162468232845,0.043529339846700876,0.03991895856447114,0.28037761929850147,0.17935692965511443,0.04326056837163356,0.03950224187090746
fa3,qwen05,3,0,all,-0.11628293682350073,-0.12716454484895842,-0.1298277683880379,0.2086165131325022,0.08145196828354379,0.21785838904445395,0.10451383790995768,0.20963751663411134,0.07980974824607347,0.22015371497027514,0.08931888763480118
fa3,qwen05,3,1,all,-0.054294750175079974,-0.054005279429440355,-0.05162424259079289,0.10680197887299538,0.05279669944355502,0.05504987569663272,0.05068684592270629,0.10382827393765819,0.0522040313468653,0.05788198435106744,0.04851343288997684
fa3,qwen05,3,2,all,-0.07619096744067262,-0.06218868727004477,-0.06693236042723318,0.12612081757801996,0.06393213030797519,0.10596959156338111,0.07113334527411404,0.12990050213270268,0.06296814170546951,0.1070830367929418,0.06462987110622566
fa3,qwen05,3,3,all,-0.049716032700892525,-0.046977152207659086,-0.04605281855304902,0.07927951134373466,0.03230235913607558,0.09744924556886154,0.048077323251144666,0.08032896046622143,0.03427614191317241,0.0981236461221448,0.0375046584309746
fa3,qwen05,3,4,all,-0.1591514833403603,-0.15719308008593896,-0.17307822176390336,0.2826135189038593,0.1254204388179203,0.30144082993046706,0.16304111159438095,0.29557607770597016,0.1224978559420668,0.3162979310680177,0.14583442730183827
fa3,qwen05,3,5,all,-0.140045547831804,-0.17881399010099053,-0.19359282478465017,0.2765129750449039,0.09769898494391338,0.28576652122398494,0.126505309388525,0.2930700744195995,0.09947724963494932,0.298816328785288,0.11306304102894056
fa3,qwen05,3,6,all,-0.06046299483108707,-0.04181613577084794,-0.04826165421446997,0.09692276360874257,0.05510662783789463,0.0618767181970078,0.0504706362726407,0.10158813276604532,0.05332647855157535,0.06394652699770417,0.04645061217372078
fa3,qwen05,3,7,all,-0.058773135719348925,-0.0685009246647531,-0.051558034629652444,0.2303150349258448,0.1618141102610917,0.1437173859590082,0.08747712545363169,0.22793427742503256,0.1763762427953801,0.1504340922847817,0.0902470134337387
fa3,qwen05,3,8,all,-0.05188745613039134,-0.06170935647378868,-0.04157544154750846,0.1566219943615811,0.09491263788779243,0.08341774495586655,0.055887560918923794,0.14152461541516426,0.0999491738676558,0.08530088188132112,0.05517220258103126
fa3,qwen05,3,9,all,-0.10447362709002754,-0.19620679993089551,-0.03395563066701607,0.30808627364945235,0.11187947371855685,0.13977685325376288,0.06050577806952656,0.1888780627486932,0.15492243208167714,0.15150391668174326,0.062378979698526384
fa3,qwen05,3,10,all,-0.04920353427490351,-0.08397341449473002,-0.05454784322329946,0.18237673886337738,0.09840332436864736,0.09264165961982805,0.054916681590183945,0.16829617412104783,0.11374833089774837,0.13473847391105231,0.055667427730364864
fa3,qwen05,3,11,all,-0.0509097638239874,-0.057983158253170686,-0.04013442983696365,0.1688701950395689,0.11088703678639822,0.09200883146282497,0.05955186523914532,0.15782266276523718,0.11768823292827353,0.09638625022355778,0.060929040161919766
fa3,qwen05,3,12,all,-0.05612317702315336,-0.057528657858816515,-0.04431953723922133,0.17035140261169768,0.11282274475288116,0.0837319465133871,0.05956905324390876,0.1596850121209452,0.11536547488172388,0.08614868410832262,0.06109360072739035
fa3,qwen05,3,13,all,-0.05895192623010981,-0.0678512665851744,-0.04669351361098628,0.17235805438450655,0.10450678779933215,0.08587321454664619,0.059272980764207395,0.15544421087383775,0.10875069726285147,0.08979291801011124,0.06139204401296595
fa3,qwen05,4,0,all,-0.01554376648404443,-0.033271081150908585,-0.03706877214564122,0.15540628461238543,0.12213520346147684,0.1304879296135915,0.11012340114571295,0.1600479332408353,0.12297916109519408,0.13469649610576784,0.10522009555920087
fa3,qwen05,4,1,all,-0.0032926971159738853,-0.020429695681874555,-0.02744505018618487,0.13631717087035314,0.11588747518847858,0.11554339549665564,0.10356901944007435,0.14373719008133168,0.1162921398951468,0.12438901718124705,0.09903768828111485
fa3,qwen05,4,2,all,-0.0062827623323446725,-0.019150539725266466,-0.022855208947952288,0.09307612239093666,0.07392558266567019,0.07789425076382069,0.06764670469165159,0.09640279475901194,0.07354758581105965,0.07649426453107,0.06750302952828693
fa3,qwen05,4,3,all,0.0022062819830362956,-0.014525270819240946,-0.02110362186115121,0.12824329747780822,0.11371802665856727,0.11562933900290064,0.10831829673320365,0.13438451869636406,0.11328089683521285,0.12274890922733783,0.09766969739719877
fa3,qwen05,4,4,all,-0.006587958239873866,-0.010304735346996871,-0.02245419825248686,0.13025212036376096,0.1199473850167641,0.09440711824626731,0.09969921907842964,0.13866853873054916,0.1162143404780623,0.10147976069062059,0.09764822513372566
fa3,qwen05,4,5,all,-0.008979753796184634,-0.022515186745242263,-0.027514703723432482,0.14175655330222273,0.11924136655698046,0.12345334249399287,0.1063040227791613,0.14523723399251035,0.11772253026907786,0.12119305491691995,0.10208638724442513
fa3,qwen05,4,6,all,-0.009664058142470936,-0.03204067040648642,-0.0385999525612328,0.1650413144835386,0.13300064407705217,0.14148262763031855,0.12366402979503595,0.16799956690335635,0.12939961434212355,0.14860275298752568,0.11704514267970172
fa3,qwen05,4,7,all,0.008880991353380016,-0.011599780746249642,-0.022631665763453733,0.06810445560169419,0.056504674855444546,0.09042202146867902,0.032958496343609346,0.06822492512634608,0.045593259362892345,0.06735040222306511,0.036687332619153405
fa3,qwen05,4,8,all,-0.012901033153013405,-0.024006557742999778,-0.021696400428011957,0.06780932242724158,0.0438027646842418,0.050852441539892095,0.025687962900002834,0.06614676548521697,0.04445036505720502,0.04240169359590019,0.02517020308136513
fa3,qwen05,4,9,all,0.007593240190721287,-0.011239344219956884,-0.02239202346077506,0.08115803499947302,0.06991869077951614,0.08871704112587396,0.03457862649678514,0.0769206056575577,0.054528582196782645,0.06840980080747218,0.041754272333692215
fa3,qwen05,4,10,all,0.022745779656215093,0.01415172836807041,0.01158349869924917,0.10065208555517437,0.11480381392324478,0.09444617957947975,0.06149489213652393,0.10119657989188309,0.11278007859113226,0.07217213918366058,0.06057119283154106
fa3,qwen05,4,11,all,0.027809017452421023,0.021222955585362593,0.019397417489090296,0.06934305114716374,0.09056600673252634,0.06540437156146166,0.04613442035269388,0.07125989931428288,0.09065731680337318,0.051048353861665924,0.04517997159391246
fa3,qwen05,4,12,all,0.008535763889111717,0.004033852705245346,-0.018223753981536174,0.06235174904200006,0.0663856017472454,0.08186651751134744,0.03933873335391418,0.0772419128664118,0.059018158884875625,0.05570479432450497,0.04185332593234281
fa3,qwen05,4,13,all,-0.0058592808357183475,-0.008520494341392473,-0.010691501934691233,0.058040933937140195,0.04952043959574772,0.04729791422036659,0.03159987907903706,0.060136952021166694,0.04944545008647546,0.039973449862144135,0.03149716453083327
fa3,qwen05,5,0,all,-0.031982367322276425,-0.03238450576802534,-0.0368116719966695,0.09309344780073052,0.06070894203270518,0.07706171115084741,0.06078694065075935,0.09681556895205627,0.06000389695538677,0.07992906264090498,0.0582136094615732
fa3,qwen05,5,1,all,-0.03265802571963982,-0.0346329770839124,-0.03778586784944635,0.12319686450446161,0.08856388742054921,0.08303417574410728,0.08002914864883774,0.12437460206699764,0.0865887342175513,0.08610069629472829,0.07656490701894467
fa3,qwen05,5,2,all,-0.03356101493256282,-0.03348756976411045,-0.039608710783176765,0.09696691711837924,0.06347934735426879,0.08269530968378368,0.06440559941577853,0.10119052335462886,0.061581812571452094,0.08712806339072661,0.06035624869675693
fa3,qwen05,5,3,all,-0.031304859487476765,-0.03008391515614641,-0.035148128249462444,0.0895868248005222,0.05950290964437579,0.0753041102083406,0.05995736755760772,0.0931254267549156,0.057977298505453155,0.07705302456336222,0.057591461571732776
fa3,qwen05,5,4,all,-0.029831679285059018,-0.03423149079825463,-0.036098770565923005,0.10876033419832516,0.07452884340007053,0.07733266481958913,0.07196303823862192,0.11059902461457934,0.07450025404865633,0.08208431250825536,0.06755775450398088
fa3,qwen05,5,5,all,-0.03226257283557849,-0.034476524761792984,-0.030688876388678482,0.11593456987108497,0.08145804510929198,0.0810421218534729,0.07652084038493721,0.1118827193153528,0.08119384292667432,0.08402039264578959,0.07282795492448273
fa3,qwen05,5,6,all,-0.02732683722104223,-0.030320855731778742,-0.032121265596344026,0.09922865066817732,0.06890779493639858,0.07195331917727243,0.06710195546444118,0.10201055826070615,0.06988929266436213,0.07318873724796839,0.06388786591751072
fa3,qwen05,5,7,all,-0.03924591722019291,-0.04201549687953398,-0.042808004944955035,0.08555711585620751,0.04354161897667353,0.08329396395479415,0.06094077714118806,0.08747589279531019,0.04466788785035516,0.08634115463403062,0.053171945334589917
fa3,qwen05,5,8,all,-0.019019858644018683,-0.005484611609210162,-0.007136963682100671,0.0443401464485609,0.03885553483935074,0.036412078543859354,0.03762430656849922,0.04727343001047623,0.04013646632837556,0.03936636029905327,0.039631125575364086
fa3,qwen05,5,9,all,-0.027953213536496536,-0.03068787296455292,-0.02788569444746397,0.0847291177423516,0.05404124477779868,0.06808466204670155,0.0627745522754632,0.08316952303679792,0.05528382858933395,0.06931957766745656,0.05928247568051909
fa3,qwen05,5,10,all,-0.039875983692832,-0.04153172688897325,-0.045272730767968616,0.10420323560223986,0.06267150871326661,0.10996562729649283,0.09390872024810992,0.10642223676785872,0.06114950599989011,0.11149738938317065,0.07594858979573875
fa3,qwen05,5,11,all,-0.045703653633312115,-0.045040549450949305,-0.049477376304317464,0.12544384481420953,0.08040329536326023,0.09480337007071428,0.0958475884085669,0.13023378617460957,0.0807564098702921,0.0993134988697821,0.08562712525745568
fa3,qwen05,5,12,all,-0.04195508200710115,-0.03986177810679814,-0.04132969451999624,0.11781311373779484,0.0779513356309967,0.08490010678751103,0.08517220497562926,0.11860395799056396,0.07727426347056772,0.08895956263716731,0.07971791820052225
fa3,qwen05,5,13,all,-0.014766332299148548,-0.007124215738334959,-0.009674865286451971,0.03543554225762136,0.028311326519286403,0.03098369274993946,0.03122341411682311,0.04177182834985943,0.03209696306340746,0.03312587713823394,0.03145876237568195
fa3,qwen05,6,0,all,0.012160810400834327,-0.03363686508054746,-0.0473257754582222,0.07934716005487526,0.0457102949743278,0.0783741958891947,0.03627658563942048,0.09061595233574038,0.04329017687751818,0.08526346795001694,0.037993044781266576
fa3,qwen05,6,1,all,0.013112216396002878,-0.011950095969542149,-0.017802487163848177,0.08638734543967702,0.07443724947013487,0.07867298642493092,0.0629531994139317,0.09199314579422835,0.07419065863038017,0.08038415589766822,0.06806806932598612
fa3,qwen05,6,2,all,0.010953695855385475,-0.025407755854287846,-0.03359780369456745,0.06951740313883893,0.044109647284551086,0.06682323374077302,0.03663384063176093,0.0769639373421566,0.04336613364758916,0.07061435604292697,0.03989559180558168
fa3,qwen05,6,3,all,0.010637950831269486,-0.03583526141543667,-0.0464466366641632,0.07486138642566134,0.03902612501022467,0.07429462074557726,0.031656106471721124,0.0838521277703345,0.0374054911061713,0.07846778402783615,0.03262507389359774
fa3,qwen05,6,4,all,0.008684322356885802,-0.012484165830226282,-0.01360235817050763,0.08614236635390721,0.07365820052368093,0.08201303814892914,0.06559141734873357,0.08917987758969714,0.07557751941918951,0.08141597585429466,0.06932271311571568
fa3,qwen05,6,5,all,0.009746009555887681,-0.02507085275975257,-0.036297051845152646,0.0894079831725804,0.06433713041282783,0.0823889606112383,0.05387460788231532,0.09833201505334742,0.06203496320819477,0.08668635233220125,0.05808207348197438
fa3,qwen05,6,6,all,0.012673661344144585,-0.024077599090920165,-0.02999880094751048,0.10503616918190069,0.08095857009098052,0.09885675843712353,0.06936124525469384,0.11106975607266718,0.0810709551251567,0.09880047693307926,0.07665031838783133
fa3,qwen05,6,7,all,-0.010642106248720454,-0.018460007714585225,-0.025803961662966793,0.11526576039785814,0.09680575268327292,0.1023181106303153,0.09128767175173126,0.11875289226367625,0.09294893060070945,0.10778414691583947,0.09360227487141315
fa3,qwen05,6,8,all,-0.030002929002763093,-0.04336922991457568,-0.04830498208758118,0.10438102792861202,0.06101179801403634,0.09467780431441507,0.057620293260698514,0.11045428074462882,0.06214929865704764,0.10070109510653104,0.0625319791811646
fa3,qwen05,6,9,all,-0.018139081585505364,-0.023119219451759404,-0.02520153211803744,0.10735226002937477,0.08423304057761537,0.08385112784132477,0.07887060007260001,0.11031550375788261,0.08511397163984517,0.08501270281087137,0.08339853301136912
fa3,qwen05,6,10,all,-0.03541855432916559,-0.05582360264439626,-0.0624190653039958,0.14996522086008016,0.0941416182156839,0.1250533991026975,0.08616834855393395,0.1560645838244855,0.09364551852048969,0.13295150772303096,0.08919147613693078
fa3,qwen05,6,11,all,-0.00778534937646153,-0.031742527411328436,-0.03817657352731095,0.10998092114539172,0.07823839373406329,0.1088327710932057,0.07948952920367842,0.11570730913000786,0.07753073560269691,0.11494816853487509,0.0849226187072849
fa3,qwen05,6,12,all,-0.03435801961672561,-0.06031342094335555,-0.06577943895132139,0.1657815265249298,0.10546810558157425,0.13821238440291425,0.09899316086311678,0.1728832791058275,0.1071038401545061,0.13882944283793638,0.10028258534276309
fa3,qwen05,6,13,all,-0.029577245459215407,-0.032140065742742786,-0.034587765918129086,0.07981160257130691,0.04767153682856413,0.06277174069826437,0.04414997469206225,0.08473651116689888,0.0501487452487698,0.06683013503744077,0.04638307175694705
fa3,qwen05,7,0,all,-0.027064662393871185,-0.03820948009983395,-0.03865042460728635,0.1291551097459993,0.09094562964616536,0.09955108642099542,0.08365440455540163,0.12447552665675736,0.08582510204947101,0.09857939131775366,0.0817710839606654
fa3,qwen05,7,1,all,-0.03078763882311648,-0.05091190159581439,-0.048431692864502954,0.16116689870814743,0.11025499711233304,0.13534866553218897,0.10381893892103222,0.15450326057801606,0.1060715677135131,0.13688323005538663,0.1042990236009179
fa3,qwen05,7,2,all,-0.03666537760633965,-0.04791675483136071,-0.057449597549597844,0.18031498762556786,0.13239823279420715,0.18220674260220615,0.12915146279908388,0.1811834020674147,0.12373380451781686,0.18922638968222358,0.12228064627606643
fa3,qwen05,7,3,all,-0.0399774397814558,-0.06253918235314426,-0.06307613560896966,0.19321577403247273,0.13067659167932846,0.16356349056298533,0.12728826332437146,0.18905187371125742,0.12597573810228777,0.16682068186160162,0.12401464227665904
fa3,qwen05,7,4,all,-0.027847356371542547,-0.0444419766512774,-0.04136927345796089,0.1312657867319409,0.08682381008066349,0.11750403798100507,0.08731651338282527,0.12689939797238617,0.08553012451442528,0.11169666476752947,0.08597436297876404
fa3,qwen05,7,5,all,-0.0313532550287135,-0.043697801573543193,-0.05209440027373077,0.164904834625209,0.1212070330516658,0.16508849116285543,0.11639504668209448,0.16685874882260207,0.1147643485488713,0.17084289975221467,0.11555444299516288
fa3,qwen05,7,6,all,-0.03326130796115939,-0.04750740774188722,-0.047101527245258956,0.16141029333923623,0.11390288559734901,0.1570709507937363,0.10974469779961009,0.1557886603396052,0.10868713309434624,0.153544953149377,0.1039974476203079
fa3,qwen05,7,7,all,-0.053528111604470685,-0.07922147401829736,-0.08419160933723253,0.18298596801795733,0.10376449399965997,0.20259271044233543,0.10871318247605176,0.18788486551393388,0.10369325617670135,0.2163659276126874,0.11410640197473777
fa3,qwen05,7,8,all,-0.04096816505927738,-0.064870694797468,-0.06825249675651558,0.1401347562195582,0.0752640614220902,0.15325061146991928,0.08372621769602819,0.14384556679045668,0.0755930700339411,0.17531175327906504,0.08123518141984414
fa3,qwen05,7,9,all,-0.04963749415655885,-0.0777276931346301,-0.05808267630258032,0.18141543015365227,0.10368773701902217,0.17961849284030673,0.1083551977886324,0.1603091689804885,0.10222649267790818,0.1806343859220071,0.10808641633156385
fa3,qwen05,7,10,all,-0.04759499052015698,-0.06156019089581104,-0.06180531923940069,0.16150721024152234,0.0999470193457113,0.16333445066107052,0.10069399959011711,0.15902711716990825,0.09722179793050756,0.17198778863321698,0.10037072207307607
fa3,qwen05,7,11,all,-0.0671597460850163,-0.10798611150038234,-0.09172130090505143,0.2489038403028511,0.14091772880246875,0.25440431895226984,0.154438045242216,0.23353685071550292,0.1418155498104515,0.2882763702014453,0.1501041873778873
fa3,qwen05,7,12,all,-0.04375431149448831,-0.053284888322476284,-0.050499221796374075,0.14250020639386884,0.08921531807139256,0.14189375798426604,0.09028302257863363,0.14117491594366485,0.09067569414729078,0.13654286872506555,0.08872286196631245
fa3,qwen05,7,13,all,-0.042640350437247336,-0.0657201992056214,-0.06965391571934942,0.13804922094969582,0.07232902174407442,0.1800050554226338,0.07426221416043273,0.14070727833049762,0.0710533626111482,0.1742399231750287,0.07800925001601068
fa3,qwen05,8,0,all,0.21891493658434233,0.28677254653630746,0.2916907018255188,0.15202194284590595,0.4387944893822134,0.041760981973919586,0.03922048639967728,0.16147745075995798,0.45316815258547677,0.042982025451523374,0.039185026924902194
fa3,qwen05,8,1,all,0.26383299352248235,0.2939628138817652,0.3022599929734164,0.10436143439581146,0.3983242482775767,0.036675481411926746,0.036120600996878464,0.10731662320482048,0.4095766161782369,0.039922846241014075,0.03658786732081911
fa3,qwen05,8,2,all,0.33640255462578295,0.34483215501442016,0.3369000261913198,0.14345835975026222,0.4882905147646824,0.05318619329591041,0.04935349396710569,0.14784003536425827,0.4847400615555781,0.05429537140869258,0.04875102480227398
fa3,qwen05,8,3,all,5.2768213768590706e-05,-0.179706570075269,-0.1879766267997273,0.4231103182357576,0.24340374816048863,0.02633253572954057,0.026287517787677257,0.4333261930521281,0.2453495662524008,0.02614892628802956,0.026133254759115866
fa3,qwen05,8,4,all,0.38617958714329137,0.35344571771185884,0.35050211794566255,0.1507648821410382,0.5042105998528971,0.06916620186740166,0.0561272024136773,0.1524549313774731,0.5029570493231357,0.06698026965253104,0.05631930468385487
fa3,qwen05,8,5,all,0.34850244089720217,0.2999064237353848,0.29575339935973666,0.136682192745218,0.43658861648060276,0.06075609493810682,0.05370574159733288,0.13791098596969198,0.43366438532942864,0.06116104102540423,0.05302515369895386
fa3,qwen05,8,6,all,0.31664552111014727,0.3058669258833173,0.2923996934722917,0.13268246739521292,0.4385493932785302,0.05090668320416519,0.050416298595126224,0.13977811069386226,0.432177804166154,0.05170511327297184,0.04880472613489953
fa3,qwen05,8,7,all,0.0031758450493809937,-0.0018302539826487649,-0.0024907315972317115,0.04977755892033566,0.047947304937686896,0.04821655983446483,0.046993698013653336,0.05079847344489156,0.048307741847659846,0.04655968900865228,0.047279928926893595
fa3,qwen05,8,8,all,0.036171875330036095,-0.0064725519101224704,-0.017131058488172396,0.10429903455563455,0.09782648264551208,0.13049331710404188,0.09799147327307862,0.11808191294772112,0.10095085445954873,0.13296327644915198,0.09850592998075747
fa3,qwen05,8,9,all,0.05249264338887268,-0.007293571626307907,-0.014574732674564647,0.11570724571534836,0.10841367408904046,0.14846945862789193,0.1063617183164333,0.12510810260231645,0.1105333699277518,0.15151046203785698,0.10840846458775716
fa3,qwen05,8,10,all,0.03806169435985585,0.0007307749377166162,-0.010293251169471732,0.09012064388022291,0.09085141881793952,0.11006566773320499,0.08731141191774444,0.10359557784246899,0.09330232667299726,0.11387023368926008,0.09019629438883366
fa3,qwen05,8,11,all,0.04917237296977939,-0.011899524699891487,-0.01656220459946349,0.13081454782083024,0.11891502312093875,0.16859983483366167,0.11585233048563452,0.1388162082565265,0.122254003657063,0.15835897648316105,0.11766091584761008
fa3,qwen05,8,12,all,0.035852757156897265,0.003671811315652418,-0.0022762795873782216,0.09469068833277304,0.09836249964842546,0.11300465045732348,0.09636933608416215,0.10306585841694214,0.10078957882956392,0.11108386322335666,0.10157435850300517
fa3,qwen05,8,13,all,0.04193212371010496,0.0057098663240703895,0.002069006593352768,0.09131279642932462,0.09702266275339501,0.11255426038401561,0.09378772178706629,0.09487650940377253,0.0969455159971253,0.11344733747219793,0.0938108707479937
fa3,qwen05,9,0,all,0.018555688201677748,0.009595090606403262,0.006389373798914744,0.08624230190976066,0.09583739251616392,0.07189660944477476,0.08308121218818683,0.08833955116705232,0.09472892496596706,0.07661925662961928,0.08732473125528424
fa3,qwen05,9,1,all,0.021657649931445925,0.005342327422582352,-0.0016094137340271486,0.08572255131997251,0.09106487874255487,0.07920586104131165,0.08631417214757568,0.090983639081972,0.08937422534794486,0.0843763391293949,0.09586860260225084
fa3,qwen05,9,2,all,0.03047239590837644,0.006079415999413765,0.00031406094685727803,0.10603903277161125,0.11211844877102502,0.09620568783601546,0.10226529390018917,0.10861394553761344,0.10892800648447072,0.10037416472132155,0.12151823979931836
fa3,qwen05,9,3,all,0.037510811837299006,0.008205990477759495,0.012859588105122124,0.10615988081197188,0.11436587128973137,0.09983667491211516,0.1096397777721072,0.10119893625450248,0.1140585243596246,0.09988476158437505,0.12558971774572406
fa3,qwen05,9,4,all,0.02202710881080828,0.002632405949676883,-0.005107321109624918,0.09434181522587605,0.09697422117555293,0.08663487217877482,0.09105319312556658,0.09905342248576297,0.09394610137613806,0.09506348157617911,0.0973730538436725
fa3,qwen05,9,5,all,0.021728514000778062,0.006607116747996411,0.0023956147462770028,0.10271516175283213,0.10932227850082854,0.09188393570574728,0.09910591744699104,0.10889696772994283,0.11129258247621983,0.09853810463456765,0.11185978603726898
fa3,qwen05,9,6,all,0.022392741269508104,0.004297771122388036,-0.0021350677272543583,0.09490553829349387,0.0992033094158819,0.08583371293104441,0.09492812633396282,0.10050740539297669,0.09837233766572233,0.09408825551763511,0.10471491032776205
fa3,qwen05,9,7,all,-0.0037321753214668587,-0.004054429508726365,-0.015605146288498833,0.0356803954289025,0.031625965920176136,0.04851885799137795,0.031396328280094206,0.03320939466839981,0.017604248379900978,0.027333303099252276,0.017767235260650088
fa3,qwen05,9,8,all,-0.08031263230817155,-0.12982147097636973,-0.14908110921911744,0.2760100128446863,0.14618854186831656,0.36454823405852127,0.1466496615482846,0.2948622990010532,0.14578118978193577,0.2811581681153864,0.16634288711558953
fa3,qwen05,9,9,all,-0.05311774371614166,-0.1164323563174278,-0.10640981014202008,0.22645928576296806,0.11002692944554027,0.2975023596348028,0.12295936292509646,0.21095155288155207,0.10454174273953198,0.2096769126206418,0.11900584196019824
fa3,qwen05,9,10,all,-0.06791919234680932,-0.1107166405682683,-0.13676032983819644,0.24419918121196918,0.13348254064370088,0.34264714287310144,0.1394297294911021,0.2665828289250049,0.12982249908680846,0.2515085044223181,0.14597500318375703
fa3,qwen05,9,11,all,-0.04229446728880388,-0.10972979935253638,-0.09905451592757823,0.2253980634123056,0.11566826405976921,0.31025733624984436,0.12615619619909027,0.21596300052286974,0.1169084845952915,0.22410366662789016,0.1302251523820054
fa3,qwen05,9,12,all,-0.029411393904442317,-0.08658681596085661,-0.08018065758846095,0.1555076896801265,0.06892087371926987,0.2427226355355625,0.07879335284885043,0.14726545770253074,0.0670848001140698,0.16449361774213156,0.0788528147037314
fa3,qwen05,9,13,all,-0.030029646301444002,-0.04807557423619567,-0.050736504701244356,0.1107044739993881,0.06262889976319243,0.13854061140234972,0.06518468844015896,0.11439939266685761,0.06366288796561326,0.10105522177230321,0.06680308920322077
fa3,qwen05,10,0,all,-0.04467986656863702,-0.05159498119268072,-0.057899150429405355,0.11577917353468313,0.06418419234200241,0.1443367202679087,0.0644577912737118,0.12176206724682004,0.06386291681741468,0.15180100978611735,0.06745104203465642
fa3,qwen05,10,1,all,-0.03251949476535616,-0.04349574783074435,-0.04740951172549492,0.10729085002114425,0.0637951021903999,0.14221584292057388,0.06674864544382746,0.10757384427730199,0.060164332551807066,0.14790970468344913,0.07008433811903277
fa3,qwen05,10,2,all,-0.05134838165173069,-0.06680361946280002,-0.064153630680265,0.16288746637439835,0.09608384691159834,0.16658305430699935,0.09958702953705485,0.16015022753644007,0.09599659685617506,0.15732071986599114,0.10031057667914763
fa3,qwen05,10,3,all,-0.04239887862767918,-0.05308853481463109,-0.055191929362025216,0.12764216916391444,0.07455363434928335,0.1113434537402735,0.07130499076568675,0.12851995370940547,0.07332802434738026,0.11413789707819426,0.07247365489209291
fa3,qwen05,10,4,all,-0.046492879535532626,-0.06331120626889085,-0.06452051375000502,0.14101434523034015,0.0777031389614493,0.16277825014477115,0.07721823839410763,0.14041198042213576,0.07589146667213074,0.16060598561093772,0.07687934543183655
fa3,qwen05,10,5,all,-0.033078001700669206,-0.034400559288552776,-0.035189465322176386,0.08838940734237817,0.053988848053825395,0.07230589431231142,0.05049117513318637,0.09266269408966989,0.0574732287674935,0.07393811907936093,0.052359679669524206
fa3,qwen05,10,6,all,-0.01819256768567763,-0.02630698889596437,-0.01757207223199416,0.06739618300507971,0.041089194109115344,0.0695553130376716,0.043584292753777676,0.05894390694756766,0.0413718347155735,0.05886646517813441,0.043932216278757964
fa3,qwen05,10,7,all,0.00385335191131377,0.00036446337204543156,-0.0015319189970215141,0.08257768721029833,0.08294215058234376,0.07564406714490324,0.06959925643140398,0.08371937092210872,0.08218745192508721,0.076150693785679,0.07019948259001281
fa3,qwen05,10,8,all,-0.003610322050920022,-0.0003981068579841096,7.631408545420715e-05,0.07072245021495722,0.07032434335697312,0.07330293968389923,0.061736549749165835,0.07184231523660524,0.07191862932205945,0.07222448641138492,0.05933926477957276
fa3,qwen05,10,9,all,-0.0023908978843931727,0.0012765165694212932,0.00020116190879289342,0.06362900169937778,0.06490551826879908,0.04438438000255359,0.049482037460606025,0.063110804551231,0.06331196646002389,0.04511988966848888,0.049488045256263984
fa3,qwen05,10,10,all,-0.008641748464976673,-0.006081288253133366,-0.0077099903220735205,0.07620915802131999,0.07012786976818662,0.058836285787028125,0.05570572879754204,0.07671769280910218,0.06900770248702866,0.0603246650928236,0.055432168694072144
fa3,qwen05,10,11,all,-0.001284489752561092,-0.0007011357095345339,-0.002590464325643499,0.09210386104145042,0.09140272533191589,0.07011060155871497,0.07259434580229492,0.09258154361959255,0.08999107929394905,0.0699153061192171,0.07171536311577355
fa3,qwen05,10,12,all,-0.0076946698100918,-0.006851051389035884,-0.007679304148915572,0.08516654848904041,0.07831549710000453,0.06964109816289955,0.06453872753195929,0.0848166385699466,0.07713733442103103,0.07204423760853025,0.06648388909024172
fa3,qwen05,10,13,all,-0.004337000242511653,-0.0019752719478968034,-0.0054111874403491855,0.07387991190959092,0.07190463996169412,0.07092670476912817,0.061981413105647365,0.07455696345526301,0.06914577601491383,0.07555563582406773,0.06255549961208694
fa3,qwen05,11,0,all,-0.04112677366307987,-0.043188324890974836,-0.05039693934106314,0.12038714221691804,0.0771988173259432,0.093930084552017,0.07342168821193053,0.1267928668964444,0.07639592755538126,0.11244416656863136,0.07571292287488768
fa3,qwen05,11,1,all,-0.061576825563439186,-0.08271205760173424,-0.08912364637264543,0.14536709891296873,0.06265504131123449,0.14098024333155043,0.0642213894847067,0.15198971376049755,0.06286606738785212,0.16318786656743114,0.07134139185447345
fa3,qwen05,11,2,all,-0.04831675282512837,-0.058944765397307475,-0.055405691426623466,0.12611219356298564,0.06716742816567817,0.10856682315709648,0.06362134224700754,0.12166535102426639,0.06625965959764292,0.12300730072057843,0.06917494302305921
fa3,qwen05,11,3,all,-0.03210849280012296,-0.041075896380734285,-0.048352168118002116,0.0964258738273651,0.05534997744663082,0.10190084732933351,0.05487768828627398,0.10460205561550558,0.05624988749750346,0.11753822127551834,0.06398756228029055
fa3,qwen05,11,4,all,-0.03720729046595822,-0.04156928721718041,-0.04837888217089016,0.10481440089993277,0.06324511368275236,0.0932912223361088,0.06217686056667019,0.1116270816662433,0.06324819949535314,0.11020517201088272,0.06614730075555121
fa3,qwen05,11,5,all,-0.029087080174847176,-0.03577861992459877,-0.0435477394664814,0.10603488629648987,0.0702562663718911,0.09171417489995065,0.06711080779037087,0.11364697671565022,0.07009923724916882,0.10568922664738485,0.0696269737240796
fa3,qwen05,11,6,all,-0.026312287934877093,-0.028482911753597163,-0.03408521870761928,0.0831046925148455,0.05462178076124833,0.07109056716296484,0.05221755948718166,0.08913811813639837,0.055052899428779084,0.08609914454616353,0.056089906635028434
fa3,qwen05,11,7,all,-0.0030985651368899375,-0.0011608364476014474,-0.008779160279459113,0.03440398445883693,0.033243148011235485,0.03368762191098266,0.033881391926693885,0.036958214712501845,0.028179054433042732,0.031151608511326145,0.028358095764875343
fa3,qwen05,11,8,all,-0.04573707482419814,-0.10940988577062896,-0.11542371450977804,0.16950001843295834,0.060090132662329376,0.18716058744038602,0.06780959653217168,0.1738770466078119,0.05845333209803386,0.18401683804186983,0.06221810595655148
fa3,qwen05,11,9,all,-0.10628234509785746,-0.22365827330822577,-0.21430780299468627,0.36103632338109587,0.1373780500728701,0.2966532691652169,0.1611514968845838,0.358465690469388,0.1441578874747017,0.31496426117221027,0.14922960444398684
fa3,qwen05,11,10,all,-0.06454141264374437,-0.12763725770685708,-0.13594780275877422,0.25023714172138156,0.1225998840145245,0.23189077114683684,0.14318517035736197,0.24986917941126618,0.11392137665249198,0.22158863452376734,0.12329203126593553
fa3,qwen05,11,11,all,-0.020465682781549917,-0.039982350209487316,-0.07880106789365175,0.083480578695453,0.043498228485965684,0.05652176776304558,0.04489120278106923,0.11626293645096579,0.03746186855731404,0.08630443035793027,0.04159604387141463
fa3,qwen05,11,12,all,-0.08067132108782134,-0.1470928262751312,-0.1544481313755547,0.249408877547761,0.10231605127262978,0.23426046059000707,0.11476373004597158,0.2588780466685127,0.10442991529295804,0.23419812227982975,0.11139707166804791
fa3,qwen05,11,13,all,-0.000903577949349102,-0.00033804237396733994,-0.00017147054525458102,0.03291365731012141,0.03257561493615407,0.03278030184784985,0.032581331993672275,0.027946099427378607,0.027774628882124026,0.027828621341091552,0.027777018555464942
fa3,qwen05,12,0,all,-0.000307001815004683,-0.01230128080585493,-0.031239247425456466,0.05256077849595208,0.04025949769009715,0.056948731683394836,0.04088084446456227,0.0733958152280788,0.04215656780262233,0.06521534774418154,0.04052024470347381
fa3,qwen05,12,1,all,0.001308492744420212,-0.00035281821219098133,-0.004010120931170518,0.025486526644616148,0.025133708432425166,0.02359908324551271,0.021496946999024408,0.028012958873252957,0.02400283794208244,0.02527190030469761,0.022109916007283497
fa3,qwen05,12,2,all,0.0017848591614371319,-0.02210365302317309,-0.029375225908330332,0.0908485074840164,0.06874485446084332,0.08507635980681248,0.062299467786453344,0.09918350548796355,0.06980827957963322,0.08672677358254344,0.061267290163758
fa3,qwen05,12,3,all,-0.00243823170561637,-0.03395768826963378,-0.04357382140858026,0.06954087507888171,0.03558318680924793,0.06362826894693548,0.03542054891819132,0.07843795988166215,0.03486413847308189,0.06856142179897994,0.03504528848281802
fa3,qwen05,12,4,all,-0.0010244645470761395,-0.04694524577359903,-0.05654229835261305,0.0930215716375457,0.046076325863946666,0.08793135931078717,0.04909300595070811,0.10143386832135677,0.04489156996874372,0.09167389988038865,0.04719070960418962
fa3,qwen05,12,5,all,-8.460242470296105e-05,-0.009068320228448598,-0.01577102797500917,0.045638853661568494,0.036570533433119896,0.04190377532775166,0.03337357543755765,0.052775144039751365,0.037004116064742194,0.04511661110562748,0.03294089687856899
fa3,qwen05,12,6,all,-0.002410371700675961,-0.00841931421355925,-0.01107979575999389,0.07501786478551802,0.06659855057195876,0.05864154241973529,0.052161481746274545,0.0780879211618207,0.06700812540182681,0.06030730796750892,0.05107579417966488
fa3,qwen05,12,7,all,-0.01142860629325248,-0.01775650984913106,-0.024272048560207246,0.09710087133002843,0.07934436148089737,0.07561809297082477,0.0680277089412559,0.10266182056255307,0.07838977200234583,0.07692785990118645,0.07951420915019392
fa3,qwen05,12,8,all,-0.008896785631434936,-0.022971550295166482,-0.025401150977529804,0.11078782885425169,0.0878162785590852,0.08676467272816323,0.07730513920469392,0.11247468152047452,0.08707353054294471,0.08675821147793378,0.093508456705185
fa3,qwen05,12,9,all,-0.013783891853545819,-0.017557223325895557,-0.019881802696729303,0.09367628039648257,0.07611905707058701,0.06401396908164765,0.06368571978599762,0.0953607937793904,0.0754789910826611,0.0652015366829819,0.07156966975726843
fa3,qwen05,12,10,all,-0.015667691899800416,-0.03189699425823943,-0.03511074758849772,0.11170902013181144,0.07981202587357202,0.09378450497409803,0.07359372228708826,0.11572592183540471,0.08061517424690699,0.09598986734602004,0.08747186214534898
fa3,qwen05,12,11,all,-0.01515773243621781,-0.029725877451509217,-0.036137889961515554,0.10837943024574104,0.07865355279423182,0.09773886961226479,0.07245025042601816,0.11406755235252362,0.07792966239100807,0.1006568039926427,0.08515919116012538
fa3,qwen05,12,12,all,-0.013659329560979414,-0.022728652359728985,-0.02823514979590172,0.10825739286752252,0.08552874050779354,0.07064321108049003,0.06879760656670646,0.10919671469808946,0.08096156490218774,0.07299215909591394,0.07441072115369218
fa3,qwen05,12,13,all,-0.016601320362991615,-0.028314406200074624,-0.03446939648304892,0.09794791209740139,0.06963350589732677,0.08201090780052783,0.06507813903561294,0.10435533557180965,0.06988593908876073,0.08509367495653238,0.07363637720734335
fa3,qwen05,13,0,all,-0.021878697942591684,-0.05453546052739004,-0.06902671165280731,0.12190520818672546,0.06736974765933541,0.11540157397936257,0.06298113557698745,0.13606221270181237,0.06703550104900506,0.11844843688668312,0.06451493845946243
fa3,qwen05,13,1,all,-0.012702695457690788,-0.033041223502004086,-0.045409776725776105,0.103991762759067,0.07095053925706292,0.09482954162082073,0.06810520170630209,0.11602441997447381,0.0706146432486977,0.09778807221207153,0.06762506213006697
fa3,qwen05,13,2,all,-0.019480800827839952,-0.07737621670020331,-0.08010302649773192,0.14620507239581224,0.06882885569560893,0.15579101642635793,0.06902944062234788,0.14338875608242588,0.06328572958469396,0.17356941384216792,0.06479678420446826
fa3,qwen05,13,3,all,-0.00649979601440033,-0.016184233188063925,-0.02790863363577787,0.057642076731594265,0.04145784354353034,0.05562405242276086,0.03979368886363792,0.06938901742319396,0.04148038378741609,0.054348373202396855,0.03976828245743364
fa3,qwen05,13,4,all,-0.015278546777273269,-0.022404294332158195,-0.029094762847433453,0.08836430827985986,0.06596001394770167,0.06511366086441268,0.05870126532414338,0.09557008789924103,0.06647532505180757,0.06575403913883374,0.0584961244513583
fa3,qwen05,13,5,all,-0.018677972238950246,-0.038931009770233525,-0.052435279489193624,0.0984745443665519,0.05954353459631837,0.09808357655555168,0.05838827616470771,0.11226917507583152,0.059833895586637896,0.10002401407655233,0.05878419630306405
fa3,qwen05,13,6,all,-0.021307365247628204,-0.08208746384490316,-0.10337748182620857,0.1470267628612236,0.06493929901632044,0.1708819003564205,0.07153619830661322,0.16206342138234006,0.0586859395561315,0.17918296500152167,0.06826379542791987
fa3,qwen05,13,7,all,-0.027925498987000568,-0.057294950380234064,-0.06443939238338,0.11785192175647179,0.06055697137623772,0.136143788963454,0.07614540831470508,0.12693716348957193,0.062497771106191924,0.16999188789548825,0.07237243610754743
fa3,qwen05,13,8,all,-0.03869919830287009,-0.08902461606103797,-0.1076262631155125,0.163180861572968,0.07415624551193002,0.19341198054019007,0.09800098363472816,0.1811817474552334,0.07355548433972091,0.20491697266493283,0.08668167632440388
fa3,qwen05,13,9,all,-0.03691550915899239,-0.07358176088062908,-0.0851545382837056,0.152039929877161,0.07845816899653192,0.15809836095425986,0.09150998650825641,0.1648104045465362,0.0796558662628306,0.19378002645592907,0.0844090315550245
fa3,qwen05,13,10,all,-0.026006104174691874,-0.045924898611690676,-0.05248727736006448,0.13759576411371913,0.09167086550202845,0.13223138554875905,0.09382716407320707,0.14342793272511334,0.09094065536504886,0.16816939371212059,0.09061562781121586
fa3,qwen05,13,11,all,-0.026604335081714007,-0.04623105849181594,-0.0538662141011393,0.1112962141451126,0.06506515565329667,0.1138136386904522,0.0688174317287652,0.12019468518129306,0.06632847108015376,0.15100114355781316,0.0671125512749043
fa3,qwen05,13,12,all,-0.032101776737538015,-0.058933455715502236,-0.0674213469763678,0.12746313664350886,0.06852968092800663,0.137679389032858,0.07797294775543327,0.1371329065147043,0.0697115595383365,0.16525507254745292,0.07621742100117772
fa3,qwen05,13,13,all,-0.035698542515616806,-0.06731576895308647,-0.08036112404331067,0.14628546405792756,0.07896969510484109,0.15785267386592985,0.0909133984050342,0.1585162327733757,0.07815510873006504,0.17492839349109443,0.08567031128316667
fa3,qwen05,14,0,all,-0.06077845999812213,-0.06691031792816168,-0.06511870742608539,0.1458926171688991,0.07898229924073741,0.11130712231381396,0.08528498629744473,0.14383475548475522,0.07871604805866983,0.11138795284007831,0.07165835224195771
fa3,qwen05,14,1,all,-0.01531095701796842,-0.019917166924564578,-0.02186210698048171,0.0622121677116956,0.04229500078713102,0.0521772755905538,0.04224873799323223,0.06528751631921292,0.043425409338731215,0.05555129022183978,0.04039371660264234
fa3,qwen05,14,2,all,-0.052359467136063896,-0.058559594785288646,-0.06045660307542884,0.13198102633155243,0.07342143154626378,0.09161231347226927,0.07235405956586936,0.1339567571426656,0.07350015406723677,0.09563797229619371,0.06605709334307612
fa3,qwen05,14,3,all,-0.05275789909435232,-0.06022714331879986,-0.05514354896099599,0.1283820134675315,0.06815487014873164,0.09301687357752508,0.06969537609785631,0.12435838806960932,0.06921483910861333,0.1001806938488166,0.06253437104846156
fa3,qwen05,14,4,all,-0.04918238188495253,-0.04743670983433007,-0.05001259754082593,0.1152906366357389,0.06785392680140882,0.07048255782845815,0.0592179144710577,0.11782708922394179,0.06781449168311586,0.07389111931150412,0.05639249135515941
fa3,qwen05,14,5,all,-0.04227985017518182,-0.04260431989379066,-0.04366882805950232,0.10426052940963092,0.061656209515840256,0.073120975010147,0.05796134635116198,0.10581803230621563,0.06214920424671331,0.07633870101787686,0.0542928572102628
fa3,qwen05,14,6,all,-0.06152679497511082,-0.07073504569722368,-0.07187359580542042,0.15206634163976554,0.08133129594254186,0.11009902353597867,0.08245961086299722,0.15140354234211387,0.07952994653669344,0.1136023396837363,0.07309576242141896
fa3,qwen05,14,7,all,-0.021410039496437213,-0.02326114480664379,-0.022460113584569563,0.0924705494909641,0.06920940468432031,0.07320663869002964,0.06314940954057334,0.09192020034427582,0.06946008675970626,0.07332080331814113,0.06560639398823963
fa3,qwen05,14,8,all,-0.015488546476942465,-0.019260326098093312,-0.02463277016490014,0.07035233934166417,0.05109201324357086,0.06855501054337317,0.055011361288109295,0.07473544014266012,0.05010266997775998,0.07051915608682109,0.05420478837280377
fa3,qwen05,14,9,all,-0.02130552888129389,-0.026212546673368996,-0.03338563270972163,0.08017068776133933,0.053958141087970334,0.07951464360922032,0.05266911731829499,0.08625294707643423,0.0528673143667126,0.08556863448241248,0.05875281477822278
fa3,qwen05,14,10,all,-0.004304194322194056,-0.010088100195859095,-0.01529597599534726,0.0588581846537077,0.048770084457848605,0.04956285636531251,0.04768152915324168,0.06413943861792833,0.04884346262258107,0.051335437842572294,0.04498414125020888
fa3,qwen05,14,11,all,-0.025897110859480127,-0.034221551653605645,-0.03894145824792025,0.09760009367602825,0.0633785420224226,0.08552926157152502,0.06153984736988242,0.10146588902759444,0.06252443077967419,0.0898037911411429,0.06635084241632978
fa3,qwen05,14,12,all,-0.018257145894826774,-0.018498814971161848,-0.02050224565837517,0.05975732885906979,0.041258513887907945,0.05957146406977792,0.042835225161982037,0.06299868266292448,0.04249643700454931,0.06256389808537177,0.043618180772627406
fa3,qwen05,14,13,all,-0.0218645620442971,-0.020547667139987152,-0.022929120216868056,0.07512233017856768,0.05457466303858052,0.07165163992281498,0.0518150565896754,0.07753946430512774,0.05461034408825969,0.0763503771542592,0.05283802048193855
fa3,qwen05,15,0,all,-0.026684078889132806,-0.018545554851476895,-0.016179347519331783,0.07805988113837146,0.05951432628689457,0.08219663549800331,0.05527297037268924,0.07658792919921117,0.06040858167987939,0.0849813802716124,0.05620514381020181
fa3,qwen05,15,1,all,-0.018740791000201564,-0.023796972693142668,-0.025940488053667395,0.0709663343828645,0.04716936168972183,0.07058968267759083,0.04538676909404757,0.07346305701012062,0.04752256895645323,0.07306605543203855,0.04461566725250773
fa3,qwen05,15,2,all,-0.02973674657123675,-0.037488470901049134,-0.03905432551535515,0.10437261537535915,0.06688414447431001,0.11221142551494706,0.0625664825955942,0.10457944974029453,0.06552512422493938,0.11125149881469827,0.060934697531069025
fa3,qwen05,15,3,all,-0.03574962149792082,-0.04114881114914368,-0.03921248947400359,0.11564987573529932,0.07450106458615564,0.10039674724592289,0.06710446557176246,0.11361203450834156,0.07439954503433797,0.1007414466186382,0.06515035806325019
fa3,qwen05,15,4,all,-0.04272667451962831,-0.04627114134974877,-0.04858026582176618,0.13028603654578483,0.08401489519603605,0.14440494096881387,0.07907790587742063,0.13207862154595737,0.08349835572419119,0.14416409279842324,0.07869671981229465
fa3,qwen05,15,5,all,-0.04340962093224867,-0.05349152119742796,-0.05386725615445245,0.14027259433044278,0.08678107313301482,0.1541684900481515,0.08522887245733053,0.13970720552445934,0.08583994937000688,0.15978645714107775,0.08134073155878166
fa3,qwen05,15,6,all,-0.030998217956493702,-0.028211902851170943,-0.035732786734740216,0.08275372258250262,0.054541819731331674,0.12387859178002221,0.057340304690279564,0.08835699169637808,0.05262420496163786,0.12592849747833398,0.05703302833488478
fa3,qwen05,15,7,all,-0.025517162521574946,-0.02105046025902415,-0.026294516735445743,0.07460539600470133,0.05355493574567718,0.07094956672925948,0.050260506687834605,0.07871368942814168,0.052419172692695935,0.07594521878881026,0.05154772324988072
fa3,qwen05,15,8,all,-0.03056360601341555,-0.03374798737861212,-0.041291760549883635,0.09836025113407942,0.0646122637554673,0.09252383175226507,0.060890956749215235,0.10447472990890831,0.06318296935902468,0.1069939854757906,0.06490023614255798
fa3,qwen05,15,9,all,-0.02953849420751892,-0.03188600304763693,-0.0387008076216595,0.08984960904618854,0.057963605998551604,0.07742572517792598,0.05429558654406979,0.0960891700134807,0.057388362391821206,0.08629252526342512,0.05759990369841015
fa3,qwen05,15,10,all,-0.03580340486988521,-0.0472747255478843,-0.05605036273242721,0.1209257284255894,0.0736510028777051,0.12335876354463592,0.07209496724521185,0.1295791399620664,0.0735287772296392,0.15050321131673663,0.07820448320085494
fa3,qwen05,15,11,all,-0.025669207799029054,-0.023464546821511938,-0.028629649379544063,0.07874205133394134,0.0552775045124294,0.06618188721366389,0.05003271745731288,0.08254884543673789,0.05391919605719383,0.0723711506133164,0.05114543016466864
fa3,qwen05,15,12,all,-0.039177426954897114,-0.05615839655093096,-0.06353185531315453,0.11648018921636666,0.0603217926654357,0.12974067304055825,0.06610684833338708,0.12511804056630127,0.06158618525314675,0.1768449122395166,0.07433995173192638
fa3,qwen05,15,13,all,-0.030062563331895303,-0.032395600098515845,-0.03841684338099475,0.09122021217170377,0.058824612073187926,0.08246065017216513,0.05568361180925547,0.09593504162484214,0.057518198243847386,0.0911084271652498,0.056937742945100615
fa3,qwen05,16,0,all,-0.032493405193031656,-0.0920703766012199,-0.09418384971982867,0.19637460206098986,0.10430422545976996,0.17865114799196827,0.10459452331362314,0.20228343670046178,0.10809958698063311,0.20532090691964275,0.09199313145142977
fa3,qwen05,16,1,all,-0.047255796210376254,-0.18081458921711663,-0.1675491414022382,0.27871274452037753,0.0978981553032609,0.2684844281103367,0.11621128848379254,0.2750901754920643,0.10754103408982611,0.27175818288111153,0.09565060920758321
fa3,qwen05,16,2,all,-0.035568672530346276,-0.09238843271691068,-0.09467206138920366,0.1928959001071453,0.10050746739023463,0.165833985548383,0.10057569853598151,0.19617087991740956,0.1014988185282059,0.2100698867343255,0.09121193997289993
fa3,qwen05,16,3,all,-0.042559649750118035,-0.11631224081293655,-0.11603396531273484,0.22408694504049942,0.10777470422756287,0.21607993949967463,0.11607831028798317,0.22821861035374214,0.1121846450410073,0.25011756562238824,0.10460963976208644
fa3,qwen05,16,4,all,-0.0283585076506046,-0.07338192727705957,-0.07720694571091409,0.15177233517753863,0.07839040790047906,0.1359756055374925,0.0858520697885103,0.1528969191828325,0.0756899734719184,0.18292238370537517,0.07266209663846107
fa3,qwen05,16,5,all,-0.027145541886684933,-0.07047574849720807,-0.07747115832523291,0.1890775817236724,0.11860183322646432,0.17279022923131637,0.11152832499655137,0.19563819736639113,0.11816703904115822,0.17805426602687116,0.1055133699624307
fa3,qwen05,16,6,all,-0.04616828640308851,-0.14723973953615105,-0.15090232208319293,0.25900007545727544,0.11176033592112439,0.25003342868934936,0.12158846948048015,0.27039292782290564,0.11949060573971271,0.2775216252819063,0.10770767655952092
fa3,qwen05,16,7,all,-0.08640349524633777,-0.1067670453364926,-0.10223183225643549,0.1900372219618185,0.08327017662532589,0.13285907606941225,0.0877416524376018,0.18097463369265485,0.07874280143621935,0.1719898817836226,0.07589093865312319
fa3,qwen05,16,8,all,-0.08938014995163662,-0.12067820267290262,-0.10874831057440272,0.2137570318404629,0.09307882916756029,0.1703746417356954,0.10339893435160201,0.19350796427773465,0.08475965370333192,0.22231674365668416,0.07707794800506657
fa3,qwen05,16,9,all,-0.09237012259553302,-0.1328844438918892,-0.10334311699102079,0.20923963251584063,0.07635518862395142,0.18022016171787017,0.09489936926847703,0.1854298757696724,0.08208675877865161,0.25437456325461333,0.08304251892280781
fa3,qwen05,16,10,all,-0.07025189879817807,-0.08823820098834266,-0.08827385560817143,0.1763740637328827,0.08813586274454004,0.13656191340363913,0.09517088841162845,0.17485488948535854,0.08658103387718712,0.16068183740863015,0.08384821151831329
fa3,qwen05,16,11,all,-0.09531818561656609,-0.11754379071437364,-0.11423978974799524,0.2240365721918595,0.10649278147748585,0.14510629532607186,0.11006074592357169,0.2199559325456548,0.10571614279765955,0.18714768594348632,0.10308059916827052
fa3,qwen05,16,12,all,-0.09228438029313209,-0.11278329122708007,-0.11598361196110236,0.2011723385039342,0.08838904727685414,0.14021196965186392,0.08770231307697667,0.20400233503492007,0.08801872307381771,0.17836906179016057,0.08077916285402002
fa3,qwen05,16,13,all,-0.09550976564234827,-0.12631482621889686,-0.11727515486281694,0.22034953244757113,0.09403470622867427,0.16466256546758037,0.10641215616318893,0.20756436619670202,0.09028921133388508,0.21692167150409744,0.0893709920362651
fa3,qwen05,17,0,all,-0.013606191256619665,-0.011970412226651916,-0.014584874193617335,0.04091968456296012,0.028949272336308205,0.024155587084156393,0.023562888022630398,0.04480305100223891,0.030218176808621572,0.032314828358850294,0.02648833361044421
fa3,qwen05,17,1,all,-0.014586219058177176,-0.014729961583685551,-0.01603250813678449,0.039370822700227896,0.024640861116542345,0.03714392872503322,0.026690587593182703,0.04179597730104768,0.025763469164263187,0.049535050807372354,0.02922651879951617
fa3,qwen05,17,2,all,-0.010932504681948745,-0.009793377892839922,-0.010240197493560681,0.03270014568338073,0.022906767790540804,0.02956447752855616,0.020797061103998038,0.03477235834265343,0.02453216084909275,0.03722097877473778,0.02405047455289934
fa3,qwen05,17,3,all,-0.009682711316356323,-0.008584392622312517,-0.008994703812757167,0.02934950680753386,0.020765114185221343,0.02355445089763114,0.019883908273413988,0.033936391788162136,0.02494168797540497,0.03474583186339533,0.022625201854352118
fa3,qwen05,17,4,all,-0.019788957911251816,-0.016987373541076885,-0.014127493911020503,0.04166177473781852,0.024674401196741635,0.040034073034054506,0.027346394841117557,0.04156901459798091,0.027441520686960406,0.0520339943969124,0.029758987517949618
fa3,qwen05,17,5,all,-0.017479307958813514,-0.017529729835905835,-0.018144366013703093,0.036736466855433365,0.01920673701952753,0.0375130766713009,0.024104826969651983,0.03977092919941883,0.02162656318571574,0.0533292919478657,0.02548755755351037
fa3,qwen05,17,6,all,-0.017901220412143995,-0.020132211683540024,-0.020109608310715378,0.043519115764303236,0.023386904080763212,0.04347714074330822,0.028863734575893404,0.04641625646788002,0.026306648157164644,0.05333006934424756,0.0283587714337299
fa3,qwen05,17,7,all,-0.04284081496488459,-0.05253820282528571,-0.05521473459877213,0.11955565917382009,0.06701745634853438,0.09039115423742188,0.06460084246831305,0.12012536240229582,0.06491062780352369,0.09605134654189607,0.061709553782157735
fa3,qwen05,17,8,all,-0.04498679620733572,-0.057493673771767534,-0.054830019771389335,0.15004708743376052,0.09255341366199299,0.11466455568144801,0.09222247187529098,0.1449981701813177,0.09016815040992836,0.12211743141260069,0.0876371013129947
fa3,qwen05,17,9,all,-0.056696442482143145,-0.06993138920263788,-0.06576876512740407,0.17449353346840213,0.10456214426576425,0.1203857748735324,0.11356420234655219,0.17012660538003646,0.1043578402526324,0.12448468248520565,0.0976820464229909
fa3,qwen05,17,10,all,-0.04435407304213806,-0.05545647821630699,-0.056262386621686034,0.14162017149903772,0.08616369328273073,0.09477694865061388,0.08839758577698593,0.14187578799527917,0.08561340137359313,0.09593713241610034,0.07817541560873938
fa3,qwen05,17,11,all,-0.04967209060790325,-0.05832672900794543,-0.06269586299151024,0.15041781370368978,0.09209108469574435,0.10584185248135485,0.093942047977432,0.15293585703008783,0.09023999403857759,0.10661662485821317,0.08593155835591167
fa3,qwen05,17,12,all,-0.04625456649751556,-0.052360531920695064,-0.04838795879830021,0.1253464012867735,0.07298586936607843,0.09622290605154411,0.07538832466029467,0.12007754050977267,0.07168958171147245,0.09929693316877453,0.07107327386320046
fa3,qwen05,17,13,all,-0.053835405853468916,-0.06716808589198205,-0.06761091978872767,0.16656202092173136,0.09939393502974932,0.11499453290777924,0.10896603757251765,0.1660834693822069,0.09847254959347922,0.11490258922615305,0.09495450179800329
fa3,qwen05,18,0,all,-0.03496545282467371,-0.05659850581584856,-0.06168011715660486,0.13562756498799103,0.07902905917214247,0.15294887553274958,0.08251170481145201,0.138226183695583,0.07654606653897815,0.14067342178884062,0.08146152103762548
fa3,qwen05,18,1,all,-0.030743642279875638,-0.052093173330860526,-0.0620278237746731,0.12031291665568296,0.06821974332482243,0.14080312295250716,0.0774682698959528,0.12671039796236463,0.06468257418769154,0.12883771564081906,0.07744053813128667
fa3,qwen05,18,2,all,-0.028829960628485637,-0.04582516952650094,-0.05539864426735802,0.1384540493794862,0.09262887985298525,0.12649334030792964,0.09238024877515076,0.1474047424406439,0.09200609817328587,0.11416041733099647,0.08760799148509857
fa3,qwen05,18,3,all,-0.03898636560507055,-0.06501065918391248,-0.07274122546889751,0.18546604175027523,0.12045538256636275,0.19160977392845827,0.126524137933984,0.1925798589637364,0.11983863349483888,0.17454461111143385,0.12290409591184137
fa3,qwen05,18,4,all,-0.02711779034984846,-0.04091813542773494,-0.050435213708743806,0.12865220142689232,0.08773406599915738,0.13778820408690684,0.09013736174014282,0.1366604272114398,0.086225213502696,0.12026572725613165,0.0906769829287009
fa3,qwen05,18,5,all,-0.032616323347386074,-0.04881830525257842,-0.06063764377610788,0.14694206124826947,0.09812375599569105,0.18624457361715985,0.1064477307990257,0.1544476585035208,0.09381001472741292,0.15436728022851712,0.10272471677376054
fa3,qwen05,18,6,all,-0.027999965199953486,-0.04441647467821887,-0.04847845556247507,0.1391248691325758,0.09470839445435693,0.1516771348313404,0.09738015578005275,0.1436196905217246,0.09514123495924953,0.12904333365450382,0.0940192532480158
fa3,qwen05,18,7,all,-0.026741180480888787,-0.039207791748629664,-0.04458178234596631,0.14256765611791736,0.1033598643692877,0.1488325216238286,0.10557209361787241,0.14825533808119373,0.10367355573522742,0.14947623180357006,0.09528386754801449
fa3,qwen05,18,8,all,-0.02991164526126396,-0.042475347344471476,-0.04705886619961472,0.13843157838856315,0.09595623104409168,0.13763870166767797,0.09691885065791715,0.14149038077075635,0.09443151457114163,0.13892107971689474,0.08684117057728698
fa3,qwen05,18,9,all,-0.007963194803181708,-0.02054301826948765,-0.02226837812780419,0.09185086501040256,0.0713078467409149,0.0829878872819053,0.07410787784382847,0.09443573171550823,0.07216735358770404,0.08399607883713868,0.06334796752952675
fa3,qwen05,18,10,all,-0.02465692722398548,-0.031876713066171444,-0.033704060434726124,0.1130691219683904,0.08119240890221896,0.11376331779966566,0.08536890539786164,0.11498969922061043,0.08128563878588431,0.11815625760028892,0.07725772423562059
fa3,qwen05,18,11,all,-0.02310886194022317,-0.03210219126018052,-0.03767935043142581,0.10784250589256685,0.07574031463238633,0.10622289005007757,0.07566828822495325,0.11105696907403383,0.07337761864260801,0.11178598639960191,0.07048450915405509
fa3,qwen05,18,12,all,-0.02612540282366613,-0.037422746614459115,-0.03736897368838625,0.1237881331891882,0.08636538657472909,0.11922843679043942,0.08698147859173078,0.12409494403236747,0.08672597034398122,0.12371065236625987,0.08102390306810962
fa3,qwen05,18,13,all,-0.033206477728700744,-0.035465375897491394,-0.037980683423640624,0.11614512726680838,0.08067975136931699,0.1328674428062588,0.08272394613411081,0.11830222033480105,0.08032153691116042,0.13949217472807698,0.07591472068870009
fa3,qwen05,19,0,all,-0.040112272048018476,-0.039148513880286506,-0.044582957481839255,0.13620882749702118,0.09706031361673467,0.12230091607227005,0.09694801533856784,0.14113220940902374,0.09654925192718448,0.12518089619981745,0.09292770647617338
fa3,qwen05,19,1,all,-0.04339112079786589,-0.0541893800767754,-0.04892075489593331,0.15750841733850554,0.10331903726173014,0.1393656756230586,0.1029575209295377,0.15321286991270752,0.10429211501677421,0.14124635133552652,0.0992845233814698
fa3,qwen05,19,2,all,-0.031154334202931084,-0.037253248679015125,-0.044107038539189514,0.11567949043124158,0.07842624175222646,0.1299415331385903,0.08235669139688612,0.11843631490545337,0.07432927636626385,0.13187749306394672,0.07892564058610843
fa3,qwen05,19,3,all,-0.04220926075058216,-0.05051314155554114,-0.04998341295338861,0.1635394411353374,0.11302629957979625,0.14552843565216492,0.10912381131282271,0.1603158020231481,0.11033238906975949,0.1515219292225319,0.10788629206103072
fa3,qwen05,19,4,all,-0.03264635447027707,-0.028731510624341455,-0.030937775368009207,0.11473333064114534,0.08600182001680388,0.08731617837837592,0.07766316213154577,0.11662938604540825,0.08569161067739904,0.08979164634202137,0.0764058424913844
fa3,qwen05,19,5,all,-0.03568638424350975,-0.04301180734379988,-0.04072599901323666,0.12716734958739567,0.0841555422435958,0.10363349024875577,0.08012083883177236,0.12560206317690156,0.0848760641636649,0.10722599793164167,0.07683632111423003
fa3,qwen05,19,6,all,-0.0331290796945398,-0.03416849955312015,-0.04062673778590063,0.10425902315901246,0.07009052360589231,0.10865391574423773,0.07352154916879562,0.10731872501607824,0.06669198723017761,0.1124588355235673,0.06652700076011059
fa3,qwen05,19,7,all,-0.02041355113036871,-0.03132897378494027,-0.03499938516215982,0.07815785525659204,0.04682888147165177,0.0826275143502828,0.05056246250769978,0.08250026778893803,0.04750088262677821,0.09217483634724062,0.07059864799366512
fa3,qwen05,19,8,all,-0.02546784879408212,-0.02876336318699655,-0.029985645366263844,0.083108815486717,0.05434545229972045,0.07236679494468183,0.051638083415784304,0.08424082980305451,0.05425518443679067,0.07464222516688328,0.05772797565215273
fa3,qwen05,19,9,all,-0.031692929847803884,-0.03639617595574079,-0.03704714972345451,0.09821187877861588,0.061815702822875095,0.078142664010737,0.056018400922474974,0.09776697312297972,0.060719823399525204,0.08065911765217393,0.06345012099542402
fa3,qwen05,19,10,all,-0.031544072413316256,-0.03740278116722926,-0.039562208995119974,0.09741859891541184,0.06001581774818258,0.08918566868280163,0.0574260984160286,0.10027317655846496,0.060710967563344986,0.09839910260991214,0.068525719366399
fa3,qwen05,19,11,all,-0.02534932218416976,-0.029495277835353773,-0.02804229736999845,0.08705143667292492,0.05755615883757115,0.061253512385242466,0.050204815783439216,0.08441118112911483,0.05636888375911638,0.0647497206917994,0.05252586916307043
fa3,qwen05,19,12,all,-0.021515167550777318,-0.017364158938605226,-0.017656853484481476,0.062324670883104456,0.04496051194449923,0.04273666265117999,0.03836245295141632,0.06158448731411184,0.043927633829630365,0.04603565301554702,0.04208981982834938
fa3,qwen05,19,13,all,-0.04278830837162118,-0.05787850227773167,-0.05141856645105812,0.1414388697753159,0.08356036749758422,0.11866970184108383,0.08292023215346805,0.13660174065804184,0.08518317420698372,0.12228302790974017,0.09979868379827977
fa3,qwen05,20,0,all,0.0022941551241802923,0.010348394903454364,0.014966184585155806,0.08063994416916942,0.09098833907262378,0.0811092823057176,0.07465466155459642,0.08293566111271783,0.09790184569787364,0.08011705986437952,0.08082759300230963
fa3,qwen05,20,1,all,-0.011033226395622098,0.0023231168313017636,-0.0014814144414004304,0.07842882884911863,0.08075194568042039,0.09681520949573745,0.06879670625690718,0.07893442198685875,0.07745300754545832,0.09404229532513664,0.07343013700031277
fa3,qwen05,20,2,all,-0.00471607891843881,0.0041708649635792405,-0.0009140535756167328,0.08762726784444104,0.09179813280802028,0.07929828892801842,0.07288221488955698,0.08769438216007323,0.0867803285844565,0.08080468890097307,0.07445622276489262
fa3,qwen05,20,3,all,-0.024136740780346083,-0.007058289707482512,-0.001586832373177055,0.0507925885592436,0.04373429885176109,0.05604996696724649,0.03420941768286797,0.042772964189617034,0.04118613181643998,0.057080295228173296,0.03701432653083538
fa3,qwen05,20,4,all,-0.009505167978718037,0.0024746016956753505,1.6369970881190132e-05,0.0515060588773531,0.05398066057302845,0.049586650397390374,0.04476716122726274,0.054749360576355134,0.054765730547236324,0.047659541489144995,0.04707792785058462
fa3,qwen05,20,5,all,-0.014460716160384185,-0.0028567208533702843,-0.006415021349944636,0.06732185426152179,0.0644651334081515,0.07136401556278277,0.05738677417338902,0.07022682090414363,0.063811799554199,0.07338853606473116,0.061994171114772935
fa3,qwen05,20,6,all,-0.012781733102603866,0.0050916029402728324,0.001674806958444408,0.050213400618848825,0.05530500355912166,0.0664804452364315,0.048172518305948174,0.05090898435565589,0.0525837913141003,0.06539260947749569,0.0494617448597143
fa3,qwen05,20,7,all,-0.04076755128679304,-0.04002737249643111,-0.04143088594069644,0.07222861030329485,0.032201237806863736,0.04971354001014455,0.03146130626524766,0.07086846711202434,0.029437581171327897,0.05174326450728234,0.028070760468063005
fa3,qwen05,20,8,all,-0.036984688222924514,-0.028003440938648098,-0.029408303946035396,0.05617389552692015,0.02817045458827205,0.04388652499177423,0.026631890732013757,0.05124184276330032,0.021833538817264925,0.04532045646731084,0.02185476448469389
fa3,qwen05,20,9,all,-0.036966843165091086,-0.03507894135801827,-0.03814727272440491,0.06569371916172397,0.030614777803705695,0.049547984566820524,0.029621923316231046,0.06319154790456917,0.02504427518016426,0.04984386822412928,0.0245609744559426
fa3,qwen05,20,10,all,-0.029014431673140707,-0.027591033844813873,-0.031234150255151666,0.05295784503347184,0.025366811188657967,0.04345643115946124,0.024913863866213776,0.05234393837996204,0.021109788124810375,0.04272354469596146,0.01993858209807862
fa3,qwen05,20,11,all,-0.028993627466003268,-0.026567316924492535,-0.03219032659023097,0.05233367720287582,0.025766360278383287,0.04376626545874209,0.026226212797388303,0.05146206544459533,0.019271738854364357,0.044351669939933336,0.019541362541270854
fa3,qwen05,20,12,all,-0.042739922876603616,-0.03029179117421681,-0.03044558651337668,0.060795720063134,0.030503928888917193,0.0480522052759537,0.029672515352814788,0.05796730561203925,0.027521719098662568,0.047396577430204874,0.02538136955686726
fa3,qwen05,20,13,all,-0.0396635516185447,-0.04091050374572318,-0.03886502988148847,0.08057104856098302,0.03966054481525984,0.0473735295340998,0.0362360592622421,0.07810617138093895,0.03924114149945048,0.04773273516120982,0.034115361414116384
fa3,qwen05,21,0,all,-0.013278459747550835,-0.00757792415101052,-0.011295069350992153,0.03627084087071627,0.02869291671970575,0.037821748370231265,0.028750002352843543,0.03161004229206497,0.020314972941072814,0.03889543701006585,0.024750492235807196
fa3,qwen05,21,1,all,-0.02695845049905297,-0.009929770742657738,-0.015639845731672982,0.04565389176099601,0.03572412101833827,0.048806700124425166,0.033683778074521574,0.045467062778105215,0.029827217046432233,0.05199665170830525,0.030651761154296436
fa3,qwen05,21,2,all,-0.022038194475429845,-0.01469390921463145,-0.020683938015180644,0.04643192003600743,0.03173801082137598,0.04719704015133052,0.029960920587108794,0.04597434506773735,0.025290407052556706,0.052282790783368394,0.02717722549000438
fa3,qwen05,21,3,all,-0.01280157664074103,-0.008900815288579184,-0.012564533672875983,0.036850604784821196,0.027949789496242012,0.03923649066849277,0.027076267687290562,0.03299416627093631,0.02042963259806033,0.03669052543723127,0.024527350822603464
fa3,qwen05,21,4,all,-0.012371580373150268,-0.013577903584949192,-0.01605664125561036,0.04265368510939471,0.02907578152444552,0.04493520924153372,0.027441761100899423,0.039149994341392456,0.023093353085782097,0.04487330030948437,0.025815869113452784
fa3,qwen05,21,5,all,-0.013579918146860631,-0.014572344751071793,-0.01552802908883702,0.04207313258315007,0.027500787832078277,0.04597881839007404,0.027880255488787493,0.03711723098714277,0.02158920189830575,0.044811353959038146,0.02600934884565852
fa3,qwen05,21,6,all,-0.024628762400792564,-0.011819605189683387,-0.014562975754935571,0.04155766393117217,0.02973805874148878,0.046698716586300794,0.030624826209224753,0.04015457474603914,0.025591598991103567,0.05335209496118776,0.02922069865032281
fa3,qwen05,21,7,all,-0.056560055743786475,-0.0772647228769378,-0.06962267625541854,0.15609968398966967,0.07883496111273187,0.10745529199556031,0.07146819833477808,0.14567672759150438,0.07605405133608584,0.11253569605966002,0.07213020673455273
fa3,qwen05,21,8,all,-0.08128272348971363,-0.0737900553682958,-0.078207696681017,0.13978064931247267,0.06599059394417686,0.12494530314458215,0.07414911536998166,0.1443300411257355,0.0661223444447185,0.1373137089907664,0.07732498113382223
fa3,qwen05,21,9,all,-0.014631051183827034,-0.01410767914805626,-0.01597651413852051,0.0510925246924114,0.03698484554435514,0.04078359262750239,0.03569072819510874,0.05268934838071574,0.03671283424219523,0.042654815132779154,0.03506288858689714
fa3,qwen05,21,10,all,-0.07307643286220272,-0.07349574819981014,-0.07661670201548286,0.1627751444770294,0.08927939627721926,0.14065012484231482,0.08967977020103611,0.1665280639785327,0.08991136196304984,0.1502354029164809,0.10283380883477766
fa3,qwen05,21,11,all,-0.10122700722788257,-0.061135995847384786,-0.07350054776685734,0.13574114529622502,0.07460514944884024,0.1214422980285798,0.07710594529478289,0.14704098928468443,0.07354044151782708,0.1288306906371204,0.07198642332697579
fa3,qwen05,21,12,all,-0.09265071506804479,-0.10309393547011765,-0.1017789898055743,0.21667861454809226,0.1135846790779746,0.18776287836069006,0.12316169302229345,0.21746668118143805,0.11568769137586375,0.19291893395453072,0.12509785680953878
fa3,qwen05,21,13,all,-0.08073969761832499,-0.09180757756568846,-0.09171548561249075,0.16704878048783964,0.07524120292215118,0.1400278116207367,0.08057959438991352,0.16943338569707955,0.0777179000845888,0.1517580716743705,0.07498526137531149
fa3,qwen05,22,0,all,-0.015440373562928442,-0.019606154453543148,-0.01130247803941252,0.08452074161564571,0.06491458716210256,0.05897573013949916,0.05392602555612048,0.0778031523963626,0.06650067435695008,0.06240407254384816,0.05323519604477021
fa3,qwen05,22,1,all,-0.012560138347810841,-0.014226064359361225,-0.019655519228851136,0.0712427421643982,0.057016677805036976,0.05909596258125293,0.04281218076024638,0.07545133910910645,0.055795819880255317,0.0580700864522617,0.04247800202521088
fa3,qwen05,22,2,all,-0.016587006724251407,-0.021649926130807295,-0.014748986837072646,0.07207569717256676,0.050425771041759465,0.05985135553802904,0.04167254253957051,0.0668835338162219,0.05213454697914926,0.06386017132657991,0.04112476735691984
fa3,qwen05,22,3,all,-0.014569605253816823,-0.01681876691450867,-0.010637799303155691,0.07175054806368551,0.05493178114917684,0.059033825543602814,0.04493932084345054,0.06883831584127077,0.05820051653811508,0.06049129426754874,0.044127914755431256
fa3,qwen05,22,4,all,-0.017086207925708086,-0.023005841039132002,-0.010373596611644942,0.09710109272444929,0.07409525168531729,0.06303663721539478,0.05794021625524906,0.08735195042715688,0.07697835381551194,0.06123473243318566,0.0565040901450845
fa3,qwen05,22,5,all,-0.02272414596025571,-0.01942334278414782,-0.025012604381129927,0.07699226658258478,0.057568923798436956,0.05654856819905313,0.04247701720272451,0.0810082735187792,0.05599566913764928,0.056017764675690446,0.04202264322999355
fa3,qwen05,22,6,all,-0.012478409535617907,-0.018076837120208952,-0.010314375446184888,0.06966225491417873,0.05158541779396977,0.05055377981888664,0.04194892208221753,0.06400739032572296,0.05369301487953807,0.053418814786686496,0.04273845882287769
fa3,qwen05,22,7,all,-0.010721400713010728,-0.009522505832477358,-0.024131117186566665,0.0634105689700943,0.05388806313761694,0.0657796750968785,0.04517310514434273,0.07166213360340394,0.047531016416837275,0.06074896553159428,0.04247576486820063
fa3,qwen05,22,8,all,-0.009407545037517033,-0.005017455796202677,-0.009668823571540516,0.06784060952473149,0.06282315372852881,0.05836403033177404,0.0475406230871839,0.07052241552081133,0.06085359194927081,0.055968435078267216,0.050259990918639995
fa3,qwen05,22,9,all,-0.011257739448376212,-0.01789619214470526,-0.010401881723055763,0.07037308802918313,0.05247689588447787,0.061155816664344165,0.045477860325902564,0.06424748431368865,0.05384560259063289,0.06519775385583018,0.04498472729100411
fa3,qwen05,22,10,all,-0.010900121867203738,-0.013234264398745879,-0.025128466311814424,0.06730075378972465,0.05406648939097877,0.061799606267472385,0.04137757907989673,0.07369896442488882,0.0485704981130744,0.059184228103360666,0.04307519632752369
fa3,qwen05,22,11,all,-0.010751967890421543,-0.013490907267307332,-0.014267790645452992,0.06672791261514315,0.05323700534783581,0.06787672205843447,0.04537906369885125,0.06599050428392517,0.051722713638472174,0.06608286393328243,0.046341274672912235
fa3,qwen05,22,12,all,-0.009839247839948837,-0.05782071374895946,-0.04629448559309722,0.10209422133148309,0.04427350758252363,0.0903343892919818,0.042018797727687664,0.09104929662071128,0.044754811027614055,0.09529788065967586,0.04294145010028458
fa3,qwen05,22,13,all,-0.0076169267701507,-0.025166576843362758,-0.025014117296926854,0.06861967441818465,0.04345309757482189,0.0653217104578366,0.03841441620632628,0.06599473262123069,0.04098061532430384,0.07327213419256363,0.0364990689481936
fa3,qwen05,23,0,all,0.0003094139613961551,-0.004058058803079065,-0.002413152144680894,0.037542694027899705,0.03348463522482064,0.03255984522250131,0.025852990538211714,0.03741259473431697,0.034999442589636075,0.03310429050750031,0.026117550470162884
fa3,qwen05,23,1,all,0.0012422006098819951,0.00017963471216880453,0.00014308577187424967,0.02626050937616689,0.026440144088335695,0.02618685818444266,0.02622070597843364,0.026345005455816417,0.026488091227690667,0.026325353848047198,0.026343961221339918
fa3,qwen05,23,2,all,0.007053724775171977,0.005938011376813435,0.003642815753959354,0.04210321798984698,0.048041229366660415,0.037024078582164645,0.03227764435907229,0.04455923192002309,0.048202047673982444,0.03606532025928714,0.032360913471268675
fa3,qwen05,23,3,all,0.00042578414228773565,-0.013142934935169381,-0.012004478830756338,0.053986061934369646,0.040843126999200265,0.0354691669409393,0.029575613993698614,0.04704243273685857,0.03503795390610223,0.04141402028069167,0.02622816249109707
fa3,qwen05,23,4,all,0.008690559463814076,0.0058048543068606046,0.005519867374430325,0.036958288285458114,0.04276314259231872,0.03312175233041551,0.03224659328172485,0.03754522979464029,0.043065097169070615,0.033966025709954044,0.03254857615830237
fa3,qwen05,23,5,all,-0.021764225743831734,-0.01761365063092792,-0.015289883999845922,0.047150474719625836,0.029536824088697917,0.03841684233692715,0.027020107104070813,0.04584120772395269,0.03055132372410677,0.03779731704234712,0.026959719983777258
fa3,qwen05,23,6,all,0.012123756591644712,0.010197333735008397,0.00865038527063397,0.04174273760334026,0.05194007133834866,0.035430160932808354,0.03338934632514215,0.042973792966995376,0.051624178237629346,0.03654651939188628,0.0342207373711077
fa3,qwen05,23,7,all,-0.019038089681599465,-0.01612343950477145,-0.017712343820067776,0.06124175432845678,0.04511831482368533,0.04702354291867936,0.04096270604172114,0.059992944370961754,0.04228060055089398,0.04942252373504721,0.03599871350569777
fa3,qwen05,23,8,all,-0.019002441339126524,-0.017741360546025806,-0.021314320160258554,0.05900933938773601,0.041267978841710205,0.062125036261141166,0.03769840994621024,0.05997143291602597,0.038657112755767414,0.05148279230769964,0.03660023682555403
fa3,qwen05,23,9,all,-0.012759428207303405,-0.01940542484623977,-0.019449523962576334,0.060743773393619326,0.041338348547379555,0.05959328991304568,0.03783373293451154,0.060746716083483664,0.04129719212090733,0.0571546743729354,0.04036685730592856
fa3,qwen05,23,10,all,-0.012368017406896718,-0.02162391680449257,-0.020360093446767015,0.0653307681371657,0.04370685133267314,0.050903483853682686,0.04292674142153478,0.06414446543586834,0.043784371989101324,0.05205994925528639,0.0412751640774049
fa3,qwen05,23,11,all,-0.015410049514326882,-0.021542847778231504,-0.018785236687809993,0.06988353293314127,0.04834068515490977,0.05344358264929843,0.0373527200563153,0.06570155440283608,0.046916317715026086,0.050941545388886615,0.04075964768922515
fa3,qwen05,23,12,all,-0.0154211196199936,-0.017826353418450278,-0.020013707185795454,0.06823862437628915,0.05041227095783887,0.055299722454235645,0.04054376125627953,0.06878094811586527,0.048767240930069816,0.048330405612752175,0.040065522244651396
fa3,qwen05,23,13,all,-0.0159751181564047,-0.019228462609474896,-0.018254084629400896,0.056965180103737835,0.03773671749426294,0.05175673375507409,0.03814918256790817,0.056786542159145505,0.03853245752974461,0.048530774003083664,0.038861077278059805
fa3,qwen15,0,0,all,0.030351902331903397,0.18568252002710015,0.11246575927739733,0.24414467358608236,0.4298271936131825,0.017472214123478238,0.015417397603226022,0.2579671142042082,0.37043287348160553,0.019687240906036407,0.017457214359643414
fa3,qwen15,0,1,all,-0.22245052927202838,0.0828904630816889,0.05151483512220412,0.37859351532720487,0.46148397840889377,0.027338762818266235,0.027004546869014674,0.3917880586370199,0.443302893759224,0.02754148902491374,0.026773952484052926
fa3,qwen15,0,2,all,0.2623583534100944,0.2405992851692986,0.24637914840908295,0.12578927298444983,0.36638855815374843,0.028690912898508242,0.02572687951879667,0.1277924751865315,0.37417162359561446,0.030042660093439356,0.027143414100355107
fa3,qwen15,0,3,all,-0.05878482026960766,0.09551362499561727,0.03145745948112039,0.4252709014958212,0.5207845264914385,0.025624789825552413,0.025771847510899715,0.4601900201519666,0.49164747963308697,0.02595009955237783,0.02604551332929274
fa3,qwen15,0,4,all,0.13401864660014978,0.17550366453167118,0.18350332622919813,0.14267546181231258,0.31817912634398376,0.015548872795171328,0.014957648018359646,0.1443227860568218,0.32782611228601993,0.018000992267972374,0.017893351037268027
fa3,qwen15,0,5,all,0.22654856534392387,0.221726669539802,0.21872739142912656,0.14842419842229196,0.37015086796209395,0.031848486179201434,0.028210237650026834,0.15778081339755118,0.37650820482667774,0.03236369567926312,0.028978878623017405
fa3,qwen15,0,6,all,-0.006404281967562014,0.002193568607048557,0.05089997270382285,0.49317036188861024,0.4953639304956588,0.026079383380565615,0.025843140380892467,0.4479882321212614,0.4988882048250842,0.026265606850624217,0.025893498476270833
fa3,qwen15,0,7,all,0.027204584210985705,0.01719513752581392,0.013019583195300555,0.4449789198984642,0.46217405742427814,0.03205635844747708,0.030379028659441167,0.45913520220088255,0.4721547853961831,0.03151253442330916,0.030772154434045924
fa3,qwen15,0,8,all,0.22486290768910988,0.13777701877251786,0.16152773957145122,0.3519010627930654,0.48967808156558323,0.05486292431134623,0.036819487187926735,0.3375760585719487,0.49910379814339995,0.0535580054257786,0.03679784909686352
fa3,qwen15,0,9,all,0.29122105398331255,0.23701314582627114,0.24414639545772726,0.2905423346588966,0.5275554804851678,0.03873891693209718,0.03800581837116802,0.28985188578395565,0.5339982812416829,0.0392784595984308,0.03861934526346919
fa3,qwen15,0,10,all,0.02853919246623589,0.05260805750305686,0.038334829552159055,0.5048258515058891,0.557433909008946,0.026739320152218696,0.02638637077574137,0.5223475474577323,0.5606823770098913,0.02666786347364206,0.02655318178714414
fa3,qwen15,0,11,all,0.48966048798707323,0.3364453292292212,0.3776739681387482,0.24017384185272683,0.576619171081948,0.0491602436769073,0.0460019191261841,0.21643707145489732,0.5941110395936455,0.04920077296815325,0.046128429560685524
fa3,qwen15,1,0,all,0.050416317163118375,0.05447685232227577,0.057142497514703225,0.08217681884412924,0.136653671166405,0.04375824454339225,0.028263124050789557,0.08053015883146915,0.13767265634617237,0.04594452364059623,0.028147972681341168
fa3,qwen15,1,1,all,0.09025163153870468,0.08881307878072857,0.09377153007870906,0.08683825965618512,0.1756513384369137,0.054511223266041076,0.03723227112611785,0.08672536224803218,0.18049689232674124,0.05592914321037292,0.03642388462044557
fa3,qwen15,1,2,all,-0.0017406008348593432,0.0014183162592040222,-0.0030273339305842834,0.09952668669244098,0.100945002951645,0.015246348138668068,0.015682523790289185,0.09710633326662732,0.09407899933604304,0.020204919897780282,0.019128233884923723
fa3,qwen15,1,3,all,0.021744266443883272,0.026113059373731186,0.02496357486075671,0.05871227826199029,0.08482533763572148,0.025679339104533603,0.017472862768182097,0.058675698646952455,0.08363927350770917,0.027885421626311274,0.0183028030417022
fa3,qwen15,1,4,all,0.06874406359789191,0.0681257768536341,0.06968597229157977,0.08914570052055981,0.15727147737419392,0.050022839939362546,0.034220276128985073,0.08801651688649137,0.15770248917807114,0.05234792577454672,0.034554459922432966
fa3,qwen15,1,5,all,0.0022048872615166673,-0.021198646172769287,-0.027055078602083907,0.1023983300656381,0.08119968389286882,0.010304388703507064,0.013130698327186462,0.10486409040238127,0.07780901180029737,0.014751310225218065,0.015998355089177786
fa3,qwen15,1,6,all,0.00020839065206787466,0.0013659538155577633,-0.008043712223285093,0.04032407090198379,0.04169002471754155,0.027486782497214823,0.03240947007907214,0.04812280858524151,0.04007909636195642,0.027874271862547952,0.03251385403206559
fa3,qwen15,1,7,all,-0.0031500627628799163,-0.003709040559540251,-0.005714054729942297,0.04141635946666114,0.03770731890712089,0.026085323242191993,0.026980808176672578,0.042732291892646546,0.03701823716270425,0.026509826383719143,0.027765693647615542
fa3,qwen15,1,8,all,-0.008381909954244418,-0.012882898042494227,-0.014272628259990185,0.06375090722593724,0.05086800918344301,0.03288890002889663,0.03694908987253549,0.06518078034181905,0.05090815208182887,0.031624471553309406,0.03667247845700194
fa3,qwen15,1,9,all,-0.017158459133907802,-0.011200057685750324,-0.010104151946871462,0.07044887985015309,0.05924882216440277,0.04153948135994321,0.043650703662906375,0.06972233852933708,0.05961818658246562,0.041928803546307604,0.043894500671536586
fa3,qwen15,1,10,all,-0.014281820632424627,-0.010552856098736046,-0.009245154013633648,0.06195545180088152,0.051402595702145476,0.03736253755735782,0.038316181715021665,0.06149658375220651,0.052251429738572865,0.03793280245657075,0.03906884438755933
fa3,qwen15,1,11,all,-0.02778869974430996,-0.02503397220589801,-0.021485013619395574,0.08239425629047284,0.05736028408457483,0.04018616650949809,0.04200550559987575,0.08036170838799946,0.05887669476860388,0.04012324877152524,0.04230481146580554
fa3,qwen15,2,0,all,-0.07750759606899288,-0.07939964154049454,-0.0866997927595048,0.14835865940197956,0.06895901786148502,0.1276110268139294,0.07365686779792736,0.1549560478745047,0.0682562551149999,0.12484340642239113,0.06663384319224108
fa3,qwen15,2,1,all,-0.07789212375976447,-0.0848204307018776,-0.08630778996528053,0.1501637524248738,0.06534332172299619,0.10507813677176636,0.06423124848211727,0.15060908833932596,0.06430129837404543,0.10775326962614756,0.06091388009836849
fa3,qwen15,2,2,all,-0.03488902217244775,-0.03208460415365409,-0.039337394333456066,0.059726610180813045,0.027642006027158956,0.07126246042099542,0.03011095330853167,0.06664041879029844,0.027303024456842382,0.07000104051655169,0.027882153116529862
fa3,qwen15,2,3,all,-0.05019168267418156,-0.05206019393714451,-0.056380425625242876,0.11189551808928117,0.05983532415213665,0.10059419693147564,0.06435694223186161,0.11486424256875859,0.05848381694351571,0.10348309262857125,0.05965656126814054
fa3,qwen15,2,4,all,-0.05672705709063763,-0.05905810470658488,-0.06097442747859912,0.11344522758719412,0.05438712288060924,0.09970129911855719,0.06142363241075524,0.11417941829799139,0.05320499081939226,0.09493070675261339,0.05410998282434234
fa3,qwen15,2,5,all,-0.05082303974929981,-0.04954572743582633,-0.055972084043195626,0.0959172332203958,0.04637150578456947,0.0883274584108703,0.05059190033305533,0.10218812348480943,0.04621603944161381,0.0895549918247948,0.045045758588408445
fa3,qwen15,2,6,all,-0.013739946569630214,-0.05678776043375908,-0.06621843177930939,0.1266828354829447,0.06989507504918563,0.06691078430369653,0.04616030384024845,0.13425215426778106,0.06803372248847167,0.06901923777358356,0.044494270488202405
fa3,qwen15,2,7,all,-0.01140788855943218,-0.032731911512486125,-0.03191322159152135,0.1148884350852134,0.08215652357272728,0.06817719912673571,0.05298895569434211,0.1143929296076041,0.08247970801608275,0.06878902004036123,0.052338718148100594
fa3,qwen15,2,8,all,-0.01083340776059978,-0.0390308322434149,-0.03875915956669851,0.11880699731837095,0.07977616507495605,0.07110891738734341,0.05131772645403985,0.1180065089383322,0.07924734937163369,0.07164877935382674,0.04984299539407428
fa3,qwen15,2,9,all,-0.00892270492824763,-0.04208805175205989,-0.049896938520905085,0.11633642112272469,0.0742483693706648,0.06293822759183482,0.04809648440065669,0.12460629638628928,0.0747093578653842,0.06333661593695795,0.04680699044852124
fa3,qwen15,2,10,all,-0.010714522482286035,-0.04355425973990422,-0.04636874563179072,0.13312471646768761,0.0895704567277834,0.07903800346386898,0.05913573481547731,0.13751941272616242,0.0911506670943717,0.08001249739763143,0.056597904361365775
fa3,qwen15,2,11,all,-0.009198724230856539,-0.03026521039657616,-0.020635611194528558,0.12667193547394986,0.0964067250773737,0.07282934164904892,0.05878153331421567,0.11646591375540821,0.09583030256087965,0.07142787604248983,0.05775232767335794
fa3,qwen15,3,0,all,-0.03382897481566642,-0.043916508836215826,-0.04443105813398898,0.10658198778139372,0.06266547894517789,0.07528279890750895,0.059062983280810576,0.10699311524498702,0.06256205711099803,0.07439232445866817,0.0590633680172681
fa3,qwen15,3,1,all,-0.042982156281844215,-0.05481441380740855,-0.05977394436035677,0.13553896753510886,0.08072455372770031,0.10282685180105966,0.07508094552682858,0.13796855122444265,0.07819460686408589,0.10117228405292304,0.07897329265622384
fa3,qwen15,3,2,all,-0.05287578740263226,-0.07305799928879599,-0.06971564841705517,0.16201915311037354,0.08896115382157756,0.12868984615030407,0.08540799999454346,0.1572894404984078,0.08757379208135262,0.12393532198471456,0.0904243557007961
fa3,qwen15,3,3,all,-0.038474843636271454,-0.05447821524449335,-0.05386149260439259,0.1307751278144567,0.07629691256996333,0.10462003548018728,0.07283427511601907,0.12947674490120362,0.07561525229681103,0.10396085755530497,0.07847529071731613
fa3,qwen15,3,4,all,-0.030263054589892962,-0.04496088229558989,-0.050894953310748905,0.11329261925365557,0.06833173695806567,0.09756455839883867,0.06826708577620685,0.11849201219750334,0.06759705888675444,0.09858408143271834,0.07248475436225538
fa3,qwen15,3,5,all,-0.03275427385642072,-0.044637569427649654,-0.045954611686638044,0.10895587910874231,0.06431830968109266,0.08256988440924973,0.06091774395415193,0.10971169382527651,0.06375708213863847,0.08388621720851235,0.06406108203777379
fa3,qwen15,3,6,all,0.006323866683166178,-0.008001780867803565,-0.01387539380185878,0.05252691423935559,0.04452513337155203,0.06265022528527243,0.03935818788320563,0.058838834008783814,0.04496344020692503,0.06363336279777793,0.0443666307234461
fa3,qwen15,3,7,all,0.007763804038661617,-0.008263545999046384,-0.013040211345456722,0.046900159034452826,0.03863661303540644,0.06248704153222623,0.038605685559616326,0.052935486237979536,0.039895274892522814,0.06672211907297142,0.042233220399565896
fa3,qwen15,3,8,all,0.008131819200628549,-0.002480863099722702,-0.004825900034248154,0.04844570771474093,0.04596484461501823,0.05212379801401675,0.038873517063681806,0.0509177675131599,0.046091867478911745,0.053863219947923695,0.040321301239453884
fa3,qwen15,3,9,all,0.00032137168038289904,-0.020069172059583987,-0.023250913750673348,0.055471627106831733,0.03540245504724775,0.0666305083426769,0.033497481705505955,0.05809112118603763,0.034840207435364284,0.06776417408252988,0.03490870597566339
fa3,qwen15,3,10,all,0.0071883527257298185,-0.008245627112960341,-0.013534683089733948,0.07182832206844462,0.06358269495548428,0.0849839635246551,0.05626266358127899,0.07884836678450136,0.06531368369476741,0.08677321070872294,0.05976410852913993
fa3,qwen15,3,11,all,0.00024875036705248,-0.010571108602675554,-0.015584606544254715,0.037383338560838274,0.02681222995816272,0.04950192126612855,0.0255835503225814,0.04199873237008575,0.026414125825831036,0.05142525864188422,0.026850684884688798
fa3,qwen15,4,0,all,-0.04651906088404733,-0.02790525165294292,-0.031177057359213056,0.07868686363122089,0.05078161197827797,0.07744450271144061,0.05426880633800855,0.07985021021058708,0.048673152851374024,0.0839605987374703,0.05141385281489946
fa3,qwen15,4,1,all,-0.041137065575722435,-0.026258135308455298,-0.030366646872027066,0.0726506896988648,0.046392554390409506,0.08111493906654266,0.05380917602661797,0.07553758855048255,0.045170941678455485,0.09042488169219481,0.04751200251887581
fa3,qwen15,4,2,all,-0.045867203015594014,-0.04006951361267445,-0.03785748589898519,0.09999624602386853,0.05992673241119408,0.08197389226738981,0.056719033830749686,0.09838579256203955,0.060528306663054365,0.08246921237152129,0.05996890874122884
fa3,qwen15,4,3,all,-0.034176159579571964,-0.027158660716738454,-0.02405816029857371,0.06895282252979483,0.041794161813056376,0.059541102220844334,0.040634114101860484,0.06626907302262486,0.04221091272405115,0.06473073217279918,0.041487605390540416
fa3,qwen15,4,4,all,-0.036309973450189464,-0.032040532337136336,-0.03363831626037083,0.079938946051811,0.04789841371467466,0.07510384183436386,0.05024353031479766,0.08081427873799489,0.04717596247762406,0.08221714719104378,0.0487636145814018
fa3,qwen15,4,5,all,-0.03324825387136169,-0.03177227913715,-0.02922530013740856,0.08232538368653342,0.050553104549383415,0.06657016681912879,0.04612842992511035,0.07853859519476664,0.04931329505735808,0.06790764514431857,0.047503351056000544
fa3,qwen15,4,6,all,-0.09268629623118331,-0.10034603106306692,-0.09229594110610502,0.17147414724847052,0.0711281161854036,0.14018668033203793,0.07188077393387168,0.16392440157467023,0.0716284604685652,0.14627138140675164,0.07021925411760337
fa3,qwen15,4,7,all,-0.06840566861986488,-0.07012739570771184,-0.06632574622946341,0.12777527491331533,0.057647879205603485,0.11072240163008452,0.05736805372934984,0.12168309932971538,0.05535735310025198,0.10864278767180081,0.055821763314728906
fa3,qwen15,4,8,all,-0.08867075799924685,-0.09257676224103509,-0.09488944199797074,0.16180389141413706,0.06922712917310198,0.14947766733921522,0.07009249161660794,0.1640478694198371,0.06915842742186636,0.15071321639540539,0.06803645147310922
fa3,qwen15,4,9,all,-0.06477335978235976,-0.0683719588548927,-0.06587578050623258,0.12274048256347105,0.05436852370857836,0.11446064409510176,0.053904949311502214,0.12119486317717432,0.055319082670941745,0.1156340629579055,0.05335347824762793
fa3,qwen15,4,10,all,-0.05239368419395271,-0.06148939918327954,-0.06468493923996793,0.10518024859795856,0.043690849414679024,0.12712747925791393,0.048801116942630486,0.10691734432721844,0.04223240508725051,0.12198646593547348,0.0473990283939334
fa3,qwen15,4,11,all,-0.08383485875486997,-0.08252802441794356,-0.08211744780381262,0.14888183092039453,0.06635380650245097,0.15606611893630062,0.06738357695342694,0.1468483176505896,0.06473086984677696,0.1556291575751421,0.06631128134275611
fa3,qwen15,5,0,all,-0.031245625209234993,-0.0295913932661927,-0.03222139223770659,0.09349100159057033,0.06389960832437763,0.07837586254625716,0.06914292525168864,0.0956983474671717,0.0634769552294651,0.08399517004210984,0.061079303806218045
fa3,qwen15,5,1,all,-0.021423926595102834,-0.018566822044423316,-0.022218711243467498,0.05814101667682506,0.03957419463240174,0.047708122205182744,0.039091568768628404,0.061330381418279706,0.03911167017481221,0.04878278539514347,0.0379635799897779
fa3,qwen15,5,2,all,-0.030264731407789888,-0.022707899142877935,-0.024325219309528245,0.08994733249882812,0.06723943335595019,0.0742265447912684,0.06972746990866559,0.09191402326288826,0.06758880395336002,0.0780770540325096,0.06301561906733275
fa3,qwen15,5,3,all,-0.04579333892474339,-0.05445025841076282,-0.04580268727943334,0.10147167375566751,0.04702141534490469,0.09467303665613681,0.05850711701581976,0.09436072267780367,0.04855803539837033,0.08560942616282351,0.05090048425228271
fa3,qwen15,5,4,all,-0.01598143672661766,-0.005977016915279996,-0.004964707873307356,0.036116163700806864,0.030139146785526868,0.033102737766966775,0.02923727789637072,0.03635146284540638,0.03138675497209902,0.03307132859585992,0.02684117505975883
fa3,qwen15,5,5,all,-0.027929821359574943,-0.02480015430653977,-0.025427664296750904,0.05589633985988299,0.031096185553343217,0.05125521158510008,0.03661205947177499,0.05800001530328658,0.032572351006535674,0.053515304556261335,0.03531894789580641
fa3,qwen15,5,6,all,0.008156819244459074,-0.023299987840202353,-0.020534696115321625,0.07225836748337068,0.04895837964316833,0.09873869045815675,0.04791811287573431,0.06759755265801055,0.04706285654268893,0.10999934031771975,0.04983556343819164
fa3,qwen15,5,7,all,0.008422895374848985,-0.04062241940835794,-0.03869278003613602,0.10626880179412412,0.06564638238576619,0.12582348885195174,0.06399532924453616,0.1012953812443082,0.06260260120817218,0.13123882929695443,0.06294648318991188
fa3,qwen15,5,8,all,-0.0012131394978180388,-0.031484702634777796,-0.031405864934514985,0.09089696101096596,0.059412258376188166,0.11064507305256295,0.05852847250319406,0.08812791567907448,0.056722050744559493,0.1089522213769934,0.058233586245919684
fa3,qwen15,5,9,all,-0.006686953074705931,-0.08817244929613476,-0.06653312752255709,0.18821212167685294,0.10003967238071819,0.21817081529281127,0.09713088541819322,0.1634512958967236,0.09691816837416652,0.21952782149324193,0.0993880924232209
fa3,qwen15,5,10,all,-0.0010743558890011033,-0.05553352625095638,-0.05504200319095652,0.13092854091359415,0.07539501466263777,0.1646772325686555,0.07503351808022114,0.12825171664605275,0.07320971345509623,0.1635808252303321,0.07345112168086453
fa3,qwen15,5,11,all,0.010079681595312825,-0.05358357412708048,-0.055446629528049365,0.1299836186007833,0.07640004447370283,0.16759340667364428,0.0762645509044123,0.129278710789798,0.07383208126174863,0.17308878630425692,0.07351630811909482
fa3,qwen15,6,0,all,-0.0017240030838417016,-0.006757477809867414,-0.012052854885933856,0.04920246104191933,0.04244498323205192,0.06045979777892677,0.04310293173358785,0.05519127593572034,0.043138421049786484,0.0601348705156694,0.04136680971084409
fa3,qwen15,6,1,all,-0.02466035776186447,-0.0361512098981075,-0.03522413179484001,0.08089761351566523,0.044746403617557724,0.13401598735995415,0.054281910379794414,0.07663719210314861,0.041413060308308595,0.13549975453120072,0.046263647046263366
fa3,qwen15,6,2,all,-0.0052016121086971194,-0.004354163544466563,1.9955475024507896e-06,0.07533642992395896,0.0709822663794924,0.07130561886299679,0.06186539147070675,0.07491009586605663,0.07491209141355908,0.07226367085930169,0.06089956090928764
fa3,qwen15,6,3,all,-0.011612648298139188,-0.02211103236201656,-0.018282280259983998,0.06332478167582528,0.04121374931380872,0.10088429281483602,0.04905743963001221,0.06049894945845261,0.042216669198468615,0.09710447708024929,0.045163813931413575
fa3,qwen15,6,4,all,-0.011320799944623433,-0.01764498083524859,-0.01643772360844281,0.0795563168854696,0.06191133605022101,0.11582261685708684,0.06530703012836185,0.07774968625751932,0.06131196264907651,0.10283123071726565,0.05940880372742171
fa3,qwen15,6,5,all,-0.012068927600876864,-0.012548050427106272,-0.011827086020358285,0.08973173220687704,0.07718368177977077,0.09558829904791556,0.07182234482115024,0.08975775243877533,0.07793066641841705,0.09867025299172431,0.06898857819627356
fa3,qwen15,6,6,all,-0.06864667210491744,-0.08153702099980208,-0.08008711594859104,0.15667349081862977,0.0751364698188277,0.21153121164583077,0.0755080928444099,0.15466116425793722,0.07457404830934618,0.1818539156492415,0.07573532373218052
fa3,qwen15,6,7,all,-0.06648369453011398,-0.07792006435399278,-0.07906431515722433,0.14715554657184016,0.06923548221784738,0.2115305280202784,0.06675585995230028,0.14999715505827105,0.07093283990104672,0.18845580344149526,0.06911570852920094
fa3,qwen15,6,8,all,-0.06782975169381021,-0.07753477597457754,-0.08211814702700898,0.1581917223068938,0.08065694633231625,0.19922153233770135,0.08418985132190306,0.1619357634092229,0.07981761638221391,0.16964897430304418,0.08170087399537153
fa3,qwen15,6,9,all,-0.05447790426949279,-0.06938349255720203,-0.07167430512878933,0.12744933169737396,0.05806583914017193,0.1888768087375047,0.05992131168639641,0.13124544895809656,0.059571143829307234,0.16959075361648732,0.06312367601937524
fa3,qwen15,6,10,all,-0.047844694260782195,-0.05309566459308775,-0.05328709704752921,0.11547776349668208,0.06238209890359433,0.13274973852371388,0.06125946124976792,0.11682418927606182,0.06353709222853261,0.11498427582890064,0.06054779745191663
fa3,qwen15,6,11,all,-0.043607465233041424,-0.04789315718936591,-0.043768231010740496,0.10439527475321136,0.056502117563845454,0.118416626705583,0.05624371720731785,0.10148132937773012,0.057713098366989624,0.09884893379765021,0.05702949804511028
fa3,qwen15,7,0,all,-0.00438340141376594,-0.02914762173751606,-0.02362292164623931,0.08776273993276357,0.058615118195247506,0.08858229812690292,0.06767320030350478,0.07959727770382426,0.05597435605758495,0.09216739969877745,0.05700121625965806
fa3,qwen15,7,1,all,-0.007125811228520247,-0.018052781731050856,-0.015529359931658819,0.07619525012463395,0.05814246839358309,0.0749212545083333,0.05926765409866166,0.0735144116912431,0.05798505175958429,0.08043107962652057,0.05557990303699186
fa3,qwen15,7,2,all,-0.005367900574243113,-0.013716524129321714,-0.01592259515771636,0.06410864338576226,0.05039211925644055,0.06859464154747559,0.04969218789387412,0.0641691023944919,0.048246507236775545,0.07257138232204759,0.0449395537245788
fa3,qwen15,7,3,all,-0.013473810048785291,-0.02201802401121479,-0.020337949585577275,0.06960645786078713,0.04758843384957234,0.06438669130869716,0.05187436440040503,0.06800063288315511,0.047662683297577835,0.06560332916667934,0.04889923650126559
fa3,qwen15,7,4,all,0.0005530293273626162,-0.004572003653169898,-0.002642961807562856,0.037879434254156526,0.03330743060098663,0.03814346151041601,0.03159289807968905,0.03749431344045545,0.034851351632892595,0.04037764939654909,0.03285204945456741
fa3,qwen15,7,5,all,-0.012911745521233123,-0.025804808018801716,-0.024075018653665257,0.08698142688516247,0.061176618866360756,0.07956352612797746,0.06599432368205257,0.08416569372905718,0.06009067507539192,0.08368484789644169,0.06354008017139479
fa3,qwen15,7,6,all,-0.018301890608771937,-0.022649328589102916,-0.022085808372502513,0.09496004519578188,0.07231071660667897,0.04495177560321754,0.03782871810320524,0.09207462028165499,0.06998881190915247,0.04641819701332064,0.037851528694949295
fa3,qwen15,7,7,all,0.006716418925801919,0.00970706090733571,0.009343952220278146,0.07623642843347164,0.08594348934080735,0.05168139182572576,0.04061110476262684,0.07537781593399694,0.08472176815427508,0.05050563510198377,0.04087426437255124
fa3,qwen15,7,8,all,-0.004619062319617358,-0.011637672185620285,-0.010534002919809396,0.08735201023396177,0.07571433804834149,0.05196306428821932,0.038530138099486626,0.08688561638540722,0.07635161346559782,0.0519416812051445,0.0384496024379137
fa3,qwen15,7,9,all,0.0036237556840330123,0.007808048404048612,0.005946725216689583,0.07799223355540567,0.08580028195945429,0.05090062238432297,0.04346248198872183,0.07612537904342416,0.08207210426011374,0.05120528460905425,0.042175898864977114
fa3,qwen15,7,10,all,-0.0011762615248134916,-0.013537816551325924,-0.013220681776438384,0.09436423767244358,0.08082642112111765,0.053058347139366475,0.040718507016526066,0.09321083216194494,0.07999015038550655,0.0519876737143141,0.04031258307324324
fa3,qwen15,7,11,all,0.005868514183149977,0.009271641362510324,0.009268687256343763,0.0768896364706989,0.08616127783320922,0.050793737243257746,0.041713595485918825,0.0755190984455478,0.08478778570189156,0.052355247733558846,0.041880979284078045
fa3,qwen15,8,0,all,-0.025378104688709675,-0.02969503788989398,-0.02948621031468042,0.0756748606807695,0.04597982279087553,0.0717013749271049,0.046805757668622695,0.07510911920608786,0.04562290889140744,0.08234099896734397,0.04953231409813974
fa3,qwen15,8,1,all,-0.029244046724613986,-0.04002850295302823,-0.03951726493766001,0.08149790153583142,0.041469398582803185,0.09286106913478226,0.04798220545376649,0.0805920412032103,0.04107477626555029,0.11096463250064499,0.04897224596543088
fa3,qwen15,8,2,all,-0.018637253726010657,-0.02242892747257,-0.02065971637748796,0.05566306878547644,0.03323414131290644,0.05718559555470387,0.034087028402624266,0.054431310208924194,0.033771593831436235,0.06626815342663293,0.03770112326450175
fa3,qwen15,8,3,all,-0.04584159659029811,-0.05645764565637823,-0.05970404397902491,0.11675666714210503,0.0602990214857268,0.13695380477686533,0.06623908865684565,0.11727126666789883,0.057567222688873924,0.13840001897014834,0.06583437751770804
fa3,qwen15,8,4,all,-0.038170715522621385,-0.055131470598777724,-0.05593424079578685,0.12085017823549744,0.06571870763671972,0.13048091490403732,0.07218015563687745,0.12022573215406264,0.06429149135827579,0.14203043205354624,0.06973125714284914
fa3,qwen15,8,5,all,-0.024843805408163656,-0.030417943311172084,-0.02924573464591742,0.08774613817447148,0.057328194863299396,0.08043884914376086,0.0564339717761943,0.08563944469632406,0.056393710050406644,0.08944585991146033,0.05715244516989145
fa3,qwen15,8,6,all,-0.01599365614099779,-0.028653260728180377,-0.025050950268218568,0.08842069470480986,0.05976743397662948,0.09068998157464596,0.06183837416185937,0.08462854067584542,0.059577590407626856,0.08678110123371985,0.059671724608071595
fa3,qwen15,8,7,all,-0.03736706596135257,-0.06100066692012192,-0.0623453940033384,0.12807642216376589,0.06707575524364397,0.12939394804203735,0.07318890064967513,0.13013978602056256,0.06779439201722416,0.14803543323003296,0.07306771761476032
fa3,qwen15,8,8,all,-0.02329416598515481,-0.04791131046960702,-0.05040253477332436,0.11830843209246311,0.0703971216228561,0.12110739905660713,0.07430331804732099,0.11858050364446858,0.06817796887114422,0.13086511856391084,0.07194346467543586
fa3,qwen15,8,9,all,-0.02085249011350221,-0.03647173030560879,-0.03775313499450218,0.08881481095969936,0.05234308065409057,0.08103299318399264,0.05623459489975546,0.09006379283674422,0.052310657842242037,0.08494174170717306,0.05604036479445299
fa3,qwen15,8,10,all,-0.02686247168310778,-0.04866424866077888,-0.046640757494709806,0.11527775682640806,0.06661350816562918,0.11881891197731842,0.07163389115026042,0.11218539272187027,0.06554463522716046,0.12139862637561445,0.071296383515191
fa3,qwen15,8,11,all,-0.02099445328743872,-0.033555463644360586,-0.03408029554148992,0.10280889788184437,0.06925343423748379,0.09613092378622516,0.06733849950034061,0.10033707373863913,0.06625677819714922,0.09343847163332548,0.0667125127053246
fa3,qwen15,9,0,all,-0.02464148351259837,-0.03508864577903771,-0.03566378555300981,0.09741641685453258,0.062327771075494864,0.07749140896089646,0.06129914183175542,0.09917557891727057,0.06351179336426076,0.07676209232250909,0.06056093150019498
fa3,qwen15,9,1,all,-0.03364310489717475,-0.04755506899956129,-0.04366739150219609,0.12556133389091426,0.07800626489135297,0.10724195386903775,0.07543757494615715,0.12544855721476925,0.08178116571257316,0.10771084340667343,0.07950758236519118
fa3,qwen15,9,2,all,-0.030282231793006095,-0.03919641385438222,-0.046045845912120575,0.11378484350277912,0.0745884296483969,0.09036112357311436,0.07133841572129085,0.12042355236490097,0.0743777064527804,0.09010225700638301,0.07272154835947091
fa3,qwen15,9,3,all,-0.023140165096666183,-0.030229996416024675,-0.031690477007113624,0.08952354056012612,0.05929354414410145,0.07896283410232345,0.05865608552804108,0.09118708135579227,0.05949660434867865,0.0779029659134506,0.05968200949463182
fa3,qwen15,9,4,all,-0.032062888654937595,-0.04422058367899205,-0.04902826360571513,0.11964878200215372,0.07542819832316167,0.08747042308274126,0.07218108241490101,0.1226538912684627,0.07362562766274756,0.08606466009617152,0.07363329881559098
fa3,qwen15,9,5,all,-0.03029253506451454,-0.04074101976170587,-0.042671201596943306,0.11080776263428838,0.07006674287258251,0.09271761579523045,0.07042818845642497,0.11577909141410891,0.07310788981716561,0.09244928234722434,0.07041480557107994
fa3,qwen15,9,6,all,-0.047974962021589275,-0.049080820916951616,-0.049233027039731446,0.09318830705247039,0.04410748613551877,0.1256277420392277,0.05064406739137175,0.10163226684785831,0.052399239808126864,0.13265924173010415,0.0522856519040113
fa3,qwen15,9,7,all,-0.04880131065284136,-0.0475168262089506,-0.049337881848845556,0.10762122927602909,0.06010440306707849,0.12231786894130531,0.06445286846629598,0.11070021018061933,0.061362328331773776,0.12394148198817978,0.06074691849758007
fa3,qwen15,9,8,all,-0.04069239247067476,-0.04419523722775016,-0.04202378475844289,0.0942784794552018,0.05008324222745165,0.11642868792513338,0.05689325412438462,0.09743464543198806,0.05541086067354516,0.11659144536337492,0.05782049927021882
fa3,qwen15,9,9,all,-0.055550822438349856,-0.05459329802361201,-0.057689903374494735,0.114872927616727,0.060279629593114996,0.12999926732481645,0.06296777352968778,0.11691774839624487,0.05922784502175014,0.13594293096406176,0.060437859954337474
fa3,qwen15,9,10,all,-0.0557321147627803,-0.05681342638139185,-0.05827925556179875,0.12852778109664575,0.0717143547152539,0.13917137793964268,0.07835697789109397,0.13071989215414395,0.0724406365923452,0.12959763212124886,0.07295321527965075
fa3,qwen15,9,11,all,-0.05536616244100919,-0.06136806071477671,-0.058764885995427105,0.13404041549356574,0.07267235477878903,0.13632843557342458,0.07794059336462282,0.1342456819853575,0.07548079598993039,0.13484800213104609,0.07441676905716785
fa3,qwen15,10,0,all,-0.05174676662647292,-0.04443500533016992,-0.047495788397474294,0.08943499928152665,0.04499999395135673,0.09567772148902602,0.05118733407627641,0.09204735759785991,0.04455156920038562,0.0984943539831429,0.04784104849862623
fa3,qwen15,10,1,all,-0.05790090493494691,-0.05861120121291796,-0.06138100350269245,0.12671258879554997,0.06810138758263201,0.09689511268008154,0.06614803411528566,0.12593093302760275,0.0645499295249103,0.09288660096659651,0.06165337813375785
fa3,qwen15,10,2,all,-0.03984448040693906,-0.025317145373065834,-0.02519667126721769,0.07391634731591784,0.048599201942852006,0.04895190312239014,0.044752314240452784,0.07250112281984006,0.04730445155262237,0.049256483754336416,0.04323701813550255
fa3,qwen15,10,3,all,-0.05945070916871372,-0.05507201313914248,-0.05504314684317045,0.11945982823062525,0.06438781509148277,0.11256704084254619,0.06891501622871819,0.11877825692845623,0.06373511008528578,0.11626086253398527,0.061756403802409134
fa3,qwen15,10,4,all,-0.04760097951227512,-0.04484905151727943,-0.048246739808522496,0.08872392483287554,0.043874873315596113,0.07992373903787207,0.04512163715464257,0.09140922228114574,0.04316248247262325,0.08408153717751306,0.043943547129694255
fa3,qwen15,10,5,all,-0.01930772903090994,-0.017049123622117468,-0.019126844900088473,0.05068628649212698,0.033637162870009514,0.040070113454352525,0.03276390693329579,0.05222248545622219,0.03309564055613372,0.03983894158360427,0.032767943796485705
fa3,qwen15,10,6,all,-0.020546641089663576,-0.022197075322200742,-0.01908369505744461,0.07509335002618994,0.0528962747039892,0.06825498944486201,0.052547762429271894,0.07236825673621995,0.05328456167877534,0.05946994329407893,0.05958522729208485
fa3,qwen15,10,7,all,-0.017227991065010263,-0.016630332105495298,-0.014733463482805305,0.06376967070271797,0.04713933859722267,0.05403732822322257,0.046022607403455484,0.06267031950980505,0.04793685602699974,0.050923959815287745,0.05038375227756795
fa3,qwen15,10,8,all,-0.03378886209448979,-0.035368687548881735,-0.038920962167467085,0.08511401432403642,0.04974532677515469,0.06696180967313643,0.04944471941418741,0.08754282190613764,0.04862185973867056,0.06798814375471118,0.05749418298737102
fa3,qwen15,10,9,all,-0.01919232668682294,-0.02122406462279712,-0.023803654192087208,0.06015002508522944,0.03892596046243232,0.05146585202360157,0.03919616700122493,0.06278157349778586,0.038977919305698654,0.051548339569992836,0.04371999860723447
fa3,qwen15,10,10,all,-0.018443834640349713,-0.02195732460852514,-0.02189104076623384,0.06504985302823839,0.04309252841971325,0.055258473044398106,0.043123137032493965,0.06476324967923867,0.04287220891300483,0.052577882011896004,0.0447724243115138
fa3,qwen15,10,11,all,-0.018153694306768327,-0.020526887283701327,-0.016242757314585986,0.07070466749985428,0.050177780216152955,0.05876891001408957,0.04826744756252067,0.0671689914734348,0.05092623415884882,0.05357400453638491,0.054910321800864005
fa3,qwen15,11,0,all,-0.023428374526156648,-0.01899208696610271,-0.023050364059923716,0.0648891981510515,0.04589711118494879,0.06486258256011664,0.043265654005558866,0.06813781011660015,0.04508744605667644,0.0689279711720461,0.046626328881832636
fa3,qwen15,11,1,all,-0.03525874607723086,-0.03401922959175879,-0.03752554849259096,0.10977078925681331,0.07575155966505452,0.08977513535828859,0.06905429079691411,0.11101269362927323,0.07348714513668227,0.09049523489503188,0.07041421438093358
fa3,qwen15,11,2,all,-0.032206443548779606,-0.03208379059915564,-0.03683548335881127,0.09627511270129774,0.0641913221021421,0.06991156877218016,0.05750539089761947,0.09928878480247731,0.062453301443666044,0.07193069383438334,0.05678596309165939
fa3,qwen15,11,3,all,-0.02551044578941014,-0.01946350820611479,-0.024448235579676313,0.06545345854381952,0.045989950337704734,0.05839915360487907,0.04399029518218318,0.06909926007773694,0.044651024498060625,0.06300843420002393,0.04472872926005706
fa3,qwen15,11,4,all,-0.03774813186907297,-0.0405125385894496,-0.044980178836722076,0.11192472168994023,0.07141218310049063,0.08591000509593144,0.06551988173407126,0.1134012130333127,0.06842103419659062,0.08868371389971424,0.06695158958380942
fa3,qwen15,11,5,all,-0.03122419595270152,-0.028217082252700268,-0.03191533246344963,0.0965425177076985,0.06832543545499824,0.08330580485623397,0.0658672896676391,0.09900650398362243,0.0670911715201728,0.08642439834009535,0.06713897170917399
fa3,qwen15,11,6,all,-0.02016923498336019,-0.011332471126462428,-0.0135058910807156,0.0444511021379092,0.03311863101144677,0.06101885425695811,0.03224642714415194,0.04515728124395916,0.03165139016324356,0.05795594652339501,0.03385057418501438
fa3,qwen15,11,7,all,-0.02277740517134384,-0.01733963670162033,-0.020914611215267505,0.05005080462719019,0.03271116792556986,0.06723091532863744,0.030830983935112077,0.05280738949967212,0.031892778284404615,0.06938722755400197,0.034836894475826774
fa3,qwen15,11,8,all,-0.01672751594619212,-0.014970276013839226,-0.015604364497076362,0.04965767839054983,0.034687402376710606,0.05289088756652895,0.034281357933046125,0.05068500526960453,0.03508064077252817,0.05421474194558718,0.03647120348774196
fa3,qwen15,11,9,all,-0.029543573518479815,-0.023005096880104665,-0.029024014093720955,0.0681613524747214,0.04515625559461673,0.08512607976813535,0.04185290852811658,0.07229170522001821,0.043267691126297254,0.08616662114681813,0.04554160757420439
fa3,qwen15,11,10,all,-0.019013078162310983,-0.010030694293423788,-0.013051448894794624,0.040914550180824905,0.030883855887401116,0.0473800818176428,0.028986871522734173,0.04268427114548645,0.029632822250691828,0.04531697570520227,0.030976908920209406
fa3,qwen15,11,11,all,-0.0359173355409538,-0.037429949912682975,-0.041641320863546986,0.10211375476207028,0.06468380484938731,0.12374982766279302,0.06221869619194966,0.10328600307312408,0.06164468220957709,0.12384260761962872,0.06348973866290941
fa3,qwen15,12,0,all,-0.020832712385292457,-0.0493892633853703,-0.06771702161180729,0.10432708631035843,0.05493782292498813,0.13220308759994084,0.06481628928298326,0.1223595509792903,0.054642529367483005,0.15522309106970225,0.05517327326453728
fa3,qwen15,12,1,all,-0.02345867889697731,-0.05416112593146415,-0.07215487989854281,0.10356291763559129,0.04940179170412714,0.13156295669701046,0.06252363523475159,0.12078834591228065,0.04863346601373783,0.15146404960449736,0.04820037419522577
fa3,qwen15,12,2,all,-0.012668639670640526,-0.027401567792649108,-0.03225595684241379,0.07697116543464173,0.049569597641992626,0.09492761696037677,0.049808198935812426,0.07966346011236868,0.04740750326995489,0.114505340565633,0.046588464897493714
fa3,qwen15,12,3,all,-0.019297212925291244,-0.050890407835220045,-0.061514119390238174,0.08957531212335772,0.03868490428813767,0.11628556151618519,0.0498469932172379,0.10016502793265177,0.03865090854241359,0.13609052701011073,0.03936752839133476
fa3,qwen15,12,4,all,-0.01819158836728176,-0.02009374620941106,-0.022238709708336583,0.043428126758904416,0.023334380549493355,0.04963983512091038,0.024418579295986523,0.045578115355445814,0.02333940564710923,0.07104034316385383,0.02616627782116158
fa3,qwen15,12,5,all,-0.014736886500331963,-0.03823036583412682,-0.04614774214030961,0.08650997022817064,0.04827960439404382,0.1119357832353926,0.05258136763569135,0.09412867667865306,0.04798093453834345,0.13139846638248973,0.04830516178476806
fa3,qwen15,12,6,all,-0.03330998601287799,-0.04944421632646368,-0.05354409458774922,0.1023508186344985,0.052906602308034824,0.10358176036772059,0.057800677713275066,0.10416880439727823,0.05062470980952901,0.10111388152949541,0.055160028134747484
fa3,qwen15,12,7,all,-0.036282051709261236,-0.039365829718868164,-0.03990529308674434,0.09641714944636358,0.057051319727495414,0.07419665716031014,0.0585717614458543,0.09712794342308773,0.057222650336343384,0.07342602526405843,0.056037442611602185
fa3,qwen15,12,8,all,-0.043928104570891,-0.051499575321471966,-0.05205132639179591,0.11630734751171407,0.0648077721902421,0.0949716741419425,0.06871842092131523,0.11666625624673217,0.06461492985493626,0.09482382951092805,0.0660287185098411
fa3,qwen15,12,9,all,-0.04082051661894832,-0.04310756946012205,-0.04758286721420442,0.10278007916336569,0.05967250970324364,0.08389464606583769,0.06381691218292841,0.10466923098870011,0.05708636377449569,0.08417130273354721,0.0582146198005962
fa3,qwen15,12,10,all,-0.035066991673397004,-0.037686968289639515,-0.03782936892984592,0.09065713910832836,0.05297017081868884,0.07367646890063119,0.05514189538800398,0.09006899623101966,0.05223962730117374,0.07481330415763841,0.05087472598341659
fa3,qwen15,12,11,all,-0.03600985793461959,-0.04028766065939677,-0.040426190083185896,0.0945006908561391,0.05421303019674233,0.08147301055351981,0.058181809177538235,0.09463423938422562,0.05420804930103972,0.08053014749516883,0.05500604140417415
fa3,qwen15,13,0,all,-0.021759431334642417,-0.03256000686019603,-0.03273851741678788,0.11607469729155338,0.08351469043135736,0.08993976316521919,0.09005075618445013,0.11688182187804284,0.08414330446125497,0.09093136144062001,0.08794298413808348
fa3,qwen15,13,1,all,-0.008573612426585475,-0.03233195442612227,-0.03303246521510565,0.09488816418059122,0.06255620975446895,0.10939464319243142,0.07700695104754401,0.09459264587620571,0.061560180661100056,0.10760549473232976,0.07657841409915227
fa3,qwen15,13,2,all,-0.01528336970421093,-0.02352083369013412,-0.03023972086496024,0.10743199870933222,0.0839111650191981,0.08526119636066644,0.08590174742727513,0.1110297024322564,0.08078998156729617,0.08757119939335178,0.08308775970243688
fa3,qwen15,13,3,all,-0.013649184545278845,-0.030573213995166937,-0.03340905325871808,0.11891550201654423,0.0883422880213773,0.09879727246298338,0.0959326789705061,0.12030100696918174,0.08689195371046365,0.09826596664208807,0.08855746074537023
fa3,qwen15,13,4,all,-0.01730372588127933,-0.02436226206426593,-0.02453535767851766,0.08329501274671408,0.05893275068244815,0.06754769692818495,0.06196876204011304,0.08229811624283119,0.05776275856431353,0.06733285510325362,0.05828817662809571
fa3,qwen15,13,5,all,0.001126087664991805,-0.012305371614504373,-0.013402486377050743,0.0828020874321053,0.07049671581760093,0.07720545582183126,0.08261186004905542,0.08280154048482201,0.06939905410777127,0.07588531737029064,0.07596529132859313
fa3,qwen15,13,6,all,0.014422247902422476,0.008696851502892046,0.007471657116959962,0.051651385871616884,0.06034823737450893,0.061119536133308734,0.05403533319554104,0.05144723971800733,0.058918896834967295,0.061763863037589434,0.05365732709228472
fa3,qwen15,13,7,all,0.013034297883569313,0.008696263273014808,0.006755416440822774,0.04607923884935719,0.054775502122372,0.06208910532480564,0.05051925914637045,0.046390967186640604,0.05314638362746338,0.062270220957792964,0.04897645522693494
fa3,qwen15,13,8,all,0.012549873036184468,0.007017385591152253,0.009094798125195945,0.051967790274002244,0.0589851758651545,0.062496332756632085,0.051628356280347454,0.04868993107652395,0.0577847292017199,0.06239125755804237,0.04996210320675412
fa3,qwen15,13,9,all,0.016610300998820358,0.008951595679277863,0.006940017554175865,0.05145504108340674,0.0604066367626846,0.0719667078212254,0.056255396557563224,0.05113691498466481,0.05807693253884067,0.07178505872437067,0.05446007608694969
fa3,qwen15,13,10,all,0.014393314970604436,0.006038716342105427,0.00426573318934742,0.0551038381799972,0.06114255452210263,0.07588139373013235,0.05629702318756944,0.05393635920814579,0.05820209239749321,0.07635126008832059,0.055228188200235284
fa3,qwen15,13,11,all,0.014432305875575058,0.004416186916599361,0.003552571479417503,0.05681241976253091,0.06122860667913027,0.08351278518354933,0.060170715321999114,0.05611333991271936,0.05966591139213686,0.08186429889728729,0.059396089930558234
fa3,qwen15,14,0,all,-0.06545089036418648,-0.09052497651562721,-0.09074214106068894,0.15781442415046087,0.06728944763483366,0.21462297200561573,0.07463582444668308,0.15698732684251596,0.06624518578182702,0.1756850684139344,0.07671431388775755
fa3,qwen15,14,1,all,-0.03288673548107254,-0.05246054514492807,-0.043197174844442764,0.10766346084155759,0.05520291569662952,0.14526418634529026,0.05955050186579978,0.09816832081203919,0.054971145967596426,0.12464291709163382,0.06907056704737065
fa3,qwen15,14,2,all,-0.041645565529295214,-0.06772481116937326,-0.06451770158631374,0.11273277615797983,0.045007964988606576,0.16022582513281833,0.051456876808289,0.1091509411508572,0.04463323956454346,0.13005608741355146,0.06252111510425834
fa3,qwen15,14,3,all,-0.05969061424805275,-0.06892506011192101,-0.06711583481767441,0.1183951735295627,0.04947011341764169,0.14533573738415415,0.04895311473208119,0.11505323769717603,0.04793740287950161,0.12448071555735252,0.054260797865214115
fa3,qwen15,14,4,all,-0.08134931826420815,-0.10020899520157815,-0.1092040911668562,0.16781764701222435,0.0676086518106462,0.23909329993944825,0.07117410173735873,0.1699916766782765,0.06078758551142029,0.17839455568882237,0.07698407130838868
fa3,qwen15,14,5,all,-0.05890044529195932,-0.06634761966023142,-0.06366755590074669,0.11400547684540185,0.04765785718517044,0.16941102294547605,0.05102514019390351,0.10996254574710557,0.046294989846358874,0.12985569618067586,0.05073849568945837
fa3,qwen15,14,6,all,-0.08001815587015183,-0.08097875572767677,-0.08877202067942203,0.1290150307242274,0.048036274996550644,0.10657751298814629,0.04843100488810837,0.13542229710140066,0.04665027642197863,0.11222030652382775,0.04541642943253358
fa3,qwen15,14,7,all,-0.07507284631835186,-0.0790690238069131,-0.08140650457457911,0.14600547136442785,0.06693644755751475,0.11236579134725977,0.06548501107217901,0.14682650376193654,0.06541999918735743,0.1164702216150398,0.0633264965669686
fa3,qwen15,14,8,all,-0.06347870358261894,-0.06797680291545105,-0.07184482499163392,0.13004531006889095,0.0620685071534399,0.09000644720972774,0.05665928677390613,0.13390974513319173,0.062064920141557824,0.09511757973535151,0.057496132065738066
fa3,qwen15,14,9,all,-0.04653275265811591,-0.056982994459373396,-0.061099938395248576,0.10691412001291166,0.049931125553538264,0.08188840670268636,0.048834403628927325,0.11123073989940024,0.05013080150415167,0.08610698984849013,0.04868216601843175
fa3,qwen15,14,10,all,-0.07286600324110654,-0.07335253218540044,-0.08286305509282749,0.12943915964377653,0.056086627458376094,0.10293560066872665,0.055406516755698555,0.13729547571194786,0.054432420619120375,0.113673291701979,0.05258461594479852
fa3,qwen15,14,11,all,-0.07873838978434644,-0.07998152517014326,-0.0841374093265102,0.13721076457352713,0.057229239403383876,0.10067875397461155,0.05449854169365111,0.14063737725046085,0.05649996792395064,0.1043687997111875,0.05215972631487461
fa3,qwen15,15,0,all,-0.04199415050235788,-0.039404212281761775,-0.04107811990879765,0.09135447426206922,0.051950261980307444,0.1194059802037536,0.052830015287458926,0.09425395511720286,0.05317583520840521,0.13389647425636955,0.05225337759533155
fa3,qwen15,15,1,all,-0.03885485350282852,-0.031003083639472878,-0.032391675650027284,0.07474750698783614,0.04374442334836326,0.09836120634884378,0.042716764557162744,0.07660789488247612,0.04421621923244883,0.10630469986765212,0.04340132752051463
fa3,qwen15,15,2,all,-0.04231664741427323,-0.03698814135914721,-0.03740654842552631,0.08068572145705331,0.04369758009790611,0.11547831609640696,0.042920759161317136,0.08087961047832738,0.04347306205280107,0.12332452279555876,0.04496715962130746
fa3,qwen15,15,3,all,-0.0341090157727013,-0.038083273311270704,-0.03970533521177931,0.07677752762916845,0.03869425431789775,0.12555346199893075,0.04224817308672687,0.08078693864610006,0.041081603434320754,0.14081011708540758,0.04222551745750965
fa3,qwen15,15,4,all,-0.047139278359760305,-0.0437839623156581,-0.043858787777026176,0.091882433054919,0.0480984707392609,0.13899668909424368,0.049702938098991255,0.09360740252148891,0.04974861474446274,0.14819026163783763,0.049919529358330474
fa3,qwen15,15,5,all,-0.03242279746431786,-0.033437456033569415,-0.033988853246237224,0.07657516196501778,0.04313770593144836,0.08800083492043113,0.04590195998562435,0.07755124275712964,0.04356238951089242,0.10301446224934441,0.044778514145959736
fa3,qwen15,15,6,all,0.037077820176538476,0.0307675916594988,0.07312992967543538,0.08227660497256338,0.11304419663206218,0.03494229490911933,0.030985619835811634,0.08056845604014531,0.1536983857155807,0.035238823146698246,0.03227387999928903
fa3,qwen15,15,7,all,-0.0011375313880362878,-0.11332854781298089,-0.10856951918096594,0.14067273997200325,0.02734419215902235,0.026173581272160545,0.026175436715092704,0.1429180918870915,0.03434857270612556,0.02621354639400228,0.02620761913665352
fa3,qwen15,15,8,all,0.04178440602417207,0.02996949632085956,0.05154648746816068,0.10171767254214777,0.13168716886300733,0.0482835829626199,0.03890731130116613,0.09696454221581807,0.14851102968397875,0.0501018314386256,0.042356984857129236
fa3,qwen15,15,9,all,0.11644963885590114,0.10100016349511494,0.13612546354615984,0.09618524648190423,0.19718540997701917,0.06947590313386816,0.05995110268899534,0.09234578997924685,0.22847125352540668,0.0705634907904812,0.06260881821570026
fa3,qwen15,15,10,all,0.10366680322126005,0.07911895059102171,0.15112693197386784,0.0965783385031961,0.1756972890942178,0.06456390384218223,0.05296679373149979,0.09652265887147281,0.24764959084534066,0.06786705921364328,0.05755432057012716
fa3,qwen15,15,11,all,0.045123805830173926,0.04401637510387031,0.05272508816778319,0.09342564531975832,0.13744202042362863,0.03715957928296846,0.03465619113098189,0.09337616851118292,0.14610125667896612,0.036840991039972744,0.03528464809172253
fa3,qwen15,16,0,all,-0.018074283227531122,-0.04299238968728366,-0.04778051124517782,0.08654238018870553,0.043549990501421866,0.09149817378416623,0.045108807536156224,0.09330191417252315,0.04552140292734533,0.11208481594771963,0.044020475333216603
fa3,qwen15,16,1,all,-0.02070228234866805,-0.051158603824421604,-0.057291172523771805,0.09351293780208393,0.04235433397766233,0.10412718652338182,0.04494389220772382,0.10150882674115952,0.044217654217387714,0.12591902847309697,0.043438478853733
fa3,qwen15,16,2,all,-0.025050531738413012,-0.06257465904426482,-0.06933753819887391,0.10605101128286847,0.043476352238603654,0.10949193722459839,0.04785622502422223,0.11894342458874078,0.04960588638986688,0.13980962729152163,0.049830199877966115
fa3,qwen15,16,3,all,-0.017023984492851744,-0.04461862250700148,-0.04414329149181593,0.08281403859196163,0.038195416084960146,0.08923851681629143,0.04093312775380675,0.08561964959036883,0.0414763580985529,0.1081662821999433,0.03928042185205422
fa3,qwen15,16,4,all,-0.018551909513972748,-0.0419098039606335,-0.047114883321618256,0.08523348005451899,0.04332367609388549,0.08907005011862905,0.04473977047866193,0.09159090925212837,0.044476025930510116,0.10421283149171873,0.04178290594203466
fa3,qwen15,16,5,all,-0.01713084464643606,-0.02730694277960754,-0.030491422363878633,0.06593120671637727,0.03862426393676973,0.06742296871378302,0.038611632430679,0.06950370976306913,0.0390122873991905,0.08303446146102729,0.03717173349734736
fa3,qwen15,16,6,all,-0.01472260633338225,-0.017554653949748728,-0.01804536787834432,0.05974398474309686,0.042189330793348134,0.05044786786065822,0.04142484787826052,0.0605588205263094,0.04251345264796508,0.05148393082097522,0.03818825603130422
fa3,qwen15,16,7,all,-0.023497704563680537,-0.02037537376164543,-0.025749423517249438,0.06518074275176393,0.0448053689901185,0.06505937772033508,0.05005995146151815,0.07054433494110227,0.04479491142385283,0.06507125778476418,0.0428025787429837
fa3,qwen15,16,8,all,-0.013437157445017452,-0.016096696808264463,-0.015419345814546258,0.07131068235584774,0.05521398554758328,0.05891946052568039,0.05478574860720057,0.06929307831626737,0.05387373250172111,0.05743089749278296,0.0486864470074695
fa3,qwen15,16,9,all,-0.010343949033472907,-7.784417506631613e-05,-0.0039025873406818047,0.031824473145769444,0.03174662897070313,0.03216530234427147,0.027452145615519608,0.0343963336647531,0.030493746324071296,0.036888491389695986,0.028163749349776186
fa3,qwen15,16,10,all,-0.028913413269127258,-0.028730344974558876,-0.03546489109648242,0.07922294920715868,0.050492604232599804,0.07949506825376011,0.05890059920531468,0.08659614288165653,0.05113125178517411,0.0807367257759914,0.04825340114995554
fa3,qwen15,16,11,all,-0.03909407305192362,-0.04315155564261501,-0.05240038864865578,0.08937268686189291,0.0462211312192779,0.10154907000165397,0.05696288264943324,0.0994491197918679,0.04704873114321211,0.10662710087103892,0.04522213675071098
fa3,qwen15,17,0,all,-0.04804876915390344,-0.05268546443500804,-0.05549586047332975,0.10577537023486479,0.05308990579985675,0.07933187043153726,0.05134700905555126,0.10810493074902235,0.052609070275692595,0.08398405832804307,0.050110695852526754
fa3,qwen15,17,1,all,-0.058228485638744186,-0.06130418105112885,-0.06462962383323448,0.10950849206256101,0.04820431101143216,0.09546685352870828,0.050190595696584406,0.11453839198252562,0.049908768149291134,0.10057221652162633,0.051623176578754426
fa3,qwen15,17,2,all,-0.0566459280243183,-0.05877074614437284,-0.06832789988089875,0.10493187930657093,0.04616113316219809,0.08863553069820614,0.0441771744609366,0.11489588974295968,0.04656798986206093,0.09504277518482308,0.045277735116595684
fa3,qwen15,17,3,all,-0.05838012142224177,-0.062001623950168276,-0.0662964419454079,0.10656184208724129,0.04456021813707301,0.08086253734147975,0.04311033571945422,0.11153656772485933,0.04524012577945142,0.08413463528820526,0.04478171571714531
fa3,qwen15,17,4,all,-0.05286212752665594,-0.05723523547524727,-0.06338404940413164,0.10565497186011212,0.04841973638486485,0.08012640524439098,0.04610388844285015,0.11222426842105754,0.048840219016925895,0.0873495249209962,0.046590139780016526
fa3,qwen15,17,5,all,-0.05370719221370803,-0.06045931520517374,-0.06631398909257466,0.1148758088425678,0.054416493637394064,0.09589341249051105,0.05222850018085931,0.12121148752473238,0.05489749843215772,0.10118033083650063,0.0528527953351998
fa3,qwen15,17,6,all,-0.026555489807245022,-0.0261566453059809,-0.024608548393685294,0.07290470408765289,0.046748058781671986,0.07347531980110482,0.05234625647000838,0.07204064197956496,0.047432093585879666,0.07177606721628438,0.05977368269135119
fa3,qwen15,17,7,all,-0.01155224832143765,-0.007151480015283582,-0.010058917954773768,0.03845065071646627,0.03129917070118269,0.03888719544474973,0.039733558336105985,0.04234073103704436,0.03228181308227059,0.042044182153343795,0.038220813531155286
fa3,qwen15,17,8,all,-0.020706363810005634,-0.02111537946596563,-0.02351998516722914,0.10688337624156014,0.0857679967755945,0.09245553867706757,0.09471675897439792,0.10861246962405685,0.08509248445682771,0.09526475466301242,0.09093545559770716
fa3,qwen15,17,9,all,-0.022828254762027562,-0.021052343651015694,-0.02335645891632447,0.05776257591531442,0.036710232264298724,0.05485668121384533,0.041619338878052796,0.060022500135272334,0.03666604121894786,0.056108184374859,0.03995665648685976
fa3,qwen15,17,10,all,-0.01946195740594515,-0.022606462019766953,-0.024755323439832312,0.06385106877256781,0.04124460675280086,0.06623941417561348,0.05340715376520169,0.0657997311970964,0.04104440775726408,0.06840768261045475,0.048665176824596416
fa3,qwen15,17,11,all,-0.0260698326548289,-0.026108381383114623,-0.024233869397598633,0.06052932760942444,0.03442094622630982,0.06103558632530098,0.0382371096946403,0.05875168076319017,0.03451781136559154,0.06007409838384026,0.046190734281739844
fa3,qwen15,18,0,all,0.003700341451850169,0.00030786117670900115,0.0020788465235651588,0.07659591229114142,0.07690377346785042,0.07201889044870793,0.06924877649402902,0.07676544753097704,0.0788442940545422,0.07150467342191985,0.06973674810547666
fa3,qwen15,18,1,all,-0.015055460695143736,-0.018963936912018135,-0.020420250428904628,0.07473186079679285,0.055767923884774716,0.09536051872338602,0.057573955485227285,0.07495932808112189,0.054539077652217265,0.09462060040842048,0.05855106080799297
fa3,qwen15,18,2,all,0.0048323930417821515,-0.002920441524158379,-0.001072304628760179,0.08147975564302333,0.07855931411886495,0.08120000314816629,0.07124241327463827,0.08033543556800245,0.07926313093924227,0.0798215626388736,0.06917576189634839
fa3,qwen15,18,3,all,-0.007477270013694551,-0.01003123688126814,-0.009171117856670678,0.06529962095558453,0.05526838407431639,0.07556072581388533,0.05533543757966908,0.06552526034871027,0.05635414249203959,0.07432679657122615,0.05700305516252471
fa3,qwen15,18,4,all,-0.002776136159389662,-0.0056995015816295735,-0.007996225084175301,0.08018626295548135,0.07448676137385178,0.07646630701499363,0.06542762272569963,0.08310720186582281,0.0751109767816475,0.07612424186409388,0.06697510415097135
fa3,qwen15,18,5,all,0.008308826871797447,0.005116243222261549,0.004292362473438088,0.06487335681798108,0.06998960004024263,0.07315792185994739,0.06551434775139693,0.0654748917312115,0.06976725420464959,0.07016695225843748,0.0660772776871364
fa3,qwen15,18,6,all,-0.042662211823264407,-0.023321365941570603,-0.018897304129428298,0.07441249287156174,0.05109112692999113,0.08090104832693835,0.03209367669968597,0.07515960265397083,0.05626229852454253,0.08084336396195749,0.03167310145533271
fa3,qwen15,18,7,all,-0.08807657678668068,-0.05829263520279916,-0.07395115903047102,0.14634756148114206,0.0880549262783429,0.09591584544440679,0.05655657962891522,0.1621829430487932,0.08823178401832217,0.09525023656756483,0.05632011125775854
fa3,qwen15,18,8,all,-0.05260174592522828,-0.03618916734556832,-0.051578583277011716,0.11014640579107988,0.07395723844551157,0.061441541867508616,0.04936558211354578,0.12060506589409409,0.06902648261708237,0.06200539460950086,0.04906689886816571
fa3,qwen15,18,9,all,-0.0757901750467963,-0.04298082114796607,-0.04700263396562561,0.1323598881270648,0.08937906697909874,0.11349726182821045,0.05675234820500671,0.14433426667315308,0.09733163270752747,0.11166036570533551,0.05684546690541683
fa3,qwen15,18,10,all,-0.024753864330672032,-0.01702569561898458,-0.02370250101700299,0.05072493954216086,0.03369924392317628,0.02947473772737186,0.028294771008855534,0.0565885643543049,0.03288606333730191,0.02962390782641716,0.028363061862375107
fa3,qwen15,18,11,all,-0.06253455620091751,-0.04674843783159331,-0.061811269809613476,0.1304787954605819,0.08373035762898857,0.07135152563633027,0.054707747888361156,0.14245583755541866,0.08064456774580518,0.06669611538707082,0.05474481563254868
fa3,qwen15,19,0,all,-0.03440813147995548,-0.06002982475788117,-0.060972327306283325,0.1288680919184716,0.06883826716059042,0.12308066560193968,0.06737698683161532,0.12231603605759955,0.06134370875131623,0.1265413178782773,0.06767251790868545
fa3,qwen15,19,1,all,-0.036918460761365686,-0.06915408499435839,-0.06666786315683575,0.14055341590990858,0.07139933091555019,0.12285233585794715,0.06623220375660745,0.13129356744615475,0.064625704289319,0.12722802005991554,0.07085058388740569
fa3,qwen15,19,2,all,-0.029018815207854737,-0.04938760444684151,-0.04718114420198881,0.10294856288217241,0.0535609584353309,0.100291649247235,0.05295999884244796,0.09868077279357838,0.051499628591589575,0.10925772090355569,0.0527721947395061
fa3,qwen15,19,3,all,-0.028056865111733848,-0.04254654269955347,-0.041474638839458525,0.10337837747911145,0.06083183477955798,0.09059626959963725,0.056436166316318086,0.09803464844613118,0.05656000960667265,0.09913031114460687,0.05744237760729035
fa3,qwen15,19,4,all,-0.028441953572557965,-0.046164943390856,-0.04779315794566204,0.10889336186507768,0.06272841847422168,0.0979722037561163,0.05973062531252393,0.10541371085577396,0.05762055291011192,0.10839882339661695,0.05763690046762462
fa3,qwen15,19,5,all,-0.040616416902154964,-0.07795139020424308,-0.07708314344632058,0.14623646104105958,0.06828507083681651,0.1299555920690561,0.06779421523448322,0.13902022470658323,0.06193708126026264,0.15448145032908225,0.06938734595362316
fa3,qwen15,19,6,all,-0.013848135137984935,-0.011867129535996834,-0.01029367546728334,0.043144499439849764,0.03127736990385293,0.03873162720550454,0.029833357567670003,0.04196433169351029,0.03167065622622695,0.03832232934523041,0.02999837208859739
fa3,qwen15,19,7,all,-0.05918085542911883,-0.0585099826160036,-0.05348326541079146,0.12109939960254588,0.06258941698654229,0.15639077500685925,0.05878471834348178,0.11775625946947875,0.06427299405868729,0.16102982521579876,0.06381461922222685
fa3,qwen15,19,8,all,-0.05514132811990722,-0.05563603154813759,-0.054828985803655854,0.11510318645832168,0.05946715491018409,0.14536251639140454,0.05687300379325135,0.11433093643919166,0.05950195063553581,0.14392974509002693,0.061259247400663235
fa3,qwen15,19,9,all,-0.036776896415419584,-0.025412094655352192,-0.02809313013857547,0.06623626395560178,0.04082416930024959,0.08271119107374071,0.03739981435521289,0.06977779613830787,0.0416846659997324,0.0870379802979484,0.038733956140447896
fa3,qwen15,19,10,all,-0.056470131174474504,-0.052338240980516516,-0.05416161137279359,0.11467050144201775,0.062332260461501234,0.15474191625018874,0.05943260081062742,0.11425651264733072,0.06009490127453713,0.1570156551784723,0.0629071602901087
fa3,qwen15,19,11,all,-0.05061341080760782,-0.04810185343072881,-0.046226569917877956,0.1044276657576763,0.05632581232694749,0.1096899748399946,0.05138776221143155,0.10360285858703204,0.057376288669154084,0.11179018161974956,0.05353828253691397
fa3,qwen15,20,0,all,-0.032162505439195604,-0.030583879808599244,-0.0313358285381139,0.08652569167815109,0.05594181186955185,0.07542205084514875,0.05385189503152001,0.08657566507301456,0.055239836534900666,0.08319195809018895,0.05326297469965443
fa3,qwen15,20,1,all,-0.04247760479427957,-0.039961267051998435,-0.04884676601655846,0.09611395731143439,0.05615269025943596,0.0892944524370089,0.05613461788764712,0.1052736437608508,0.056426877744292336,0.11628206487948163,0.05828242434421848
fa3,qwen15,20,2,all,-0.03571316798579505,-0.03410649402092745,-0.037967684355506556,0.08495137525611263,0.05084488123518518,0.0840369465725211,0.056543430379891096,0.08875783890617002,0.05079015455066346,0.09543893213043049,0.06096739765937428
fa3,qwen15,20,3,all,-0.041153884382475005,-0.03981259942971221,-0.04464549897310558,0.09464198055993563,0.05482938113022342,0.08876282109101301,0.0524612939952561,0.09822799082567805,0.053582491852572474,0.09346758541180361,0.05677967069072067
fa3,qwen15,20,4,all,-0.04364705852743824,-0.04432060809802139,-0.04683597792028913,0.10165754138556245,0.05733693328754106,0.09323543904701163,0.05621788671065044,0.10464116955667357,0.057805191636384444,0.11012560978507675,0.060593051874900446
fa3,qwen15,20,5,all,-0.0433770411008508,-0.043342195509394485,-0.04512844807780923,0.10056442658218438,0.0572222310727899,0.09098152287013456,0.054144472649371965,0.10124420424046589,0.056115756162656655,0.10045919013415583,0.05579063415839596
fa3,qwen15,20,6,all,-0.018409932319702012,-0.031225640140435988,-0.03357068503376729,0.07386827958273041,0.042642639442294426,0.08053267912604496,0.04522264454527639,0.07531898735513597,0.041748302321368676,0.0841673326498013,0.043427603539466446
fa3,qwen15,20,7,all,-0.004017205949234444,-0.005924216476826699,-0.0069329778837386585,0.04651899312482035,0.04059477664799365,0.040039545674345346,0.03645711281795533,0.045999411872691666,0.03906643398895301,0.041126223018061056,0.035909919972437115
fa3,qwen15,20,8,all,-0.006037647510289994,-0.021429168672474255,-0.02257900812273144,0.07607910703330335,0.0546499383608291,0.07585856707064428,0.051310229063429635,0.07688320486233256,0.05430419673960112,0.07788449389649493,0.04866060439615622
fa3,qwen15,20,9,all,-0.02351868170825336,-0.04305153395146836,-0.04965774157756797,0.09040976108296506,0.0473582271314967,0.10573458614691979,0.04956311842352529,0.09780526933448497,0.048147527756917,0.11037227597345728,0.049329930039507135
fa3,qwen15,20,10,all,-0.016740165809265652,-0.02985711367422445,-0.030375964015686333,0.07465250581171548,0.04479539213749103,0.0828198993397062,0.04729979693789326,0.07555787716083458,0.045181913145148245,0.08316874510463147,0.04285106677554937
fa3,qwen15,20,11,all,-0.01793060786023119,-0.02948124297085432,-0.030310228821998665,0.07447836692416308,0.044997123953308765,0.0784823799750409,0.046179204477244495,0.07543801377087865,0.045127784948879986,0.08212192687736333,0.04352411072029255
fa3,qwen15,21,0,all,-0.016656898568559755,-0.008671687416762365,-0.011299742937039843,0.05220856554138481,0.043536878124622445,0.06637628358206275,0.04191008435258687,0.05519466488434868,0.04389492194730884,0.06646576442617079,0.052881904389589944
fa3,qwen15,21,1,all,-0.011512857065593093,-0.011717471106341443,-0.015186508287987864,0.05155461559027036,0.039837144483928916,0.057834935782593,0.039469653485344515,0.056251939111632156,0.04106543082364429,0.057758675663070656,0.04672720637912211
fa3,qwen15,21,2,all,-0.007094904730440287,-0.005313795975357336,-0.00768711525759223,0.0330502416616393,0.027736445686281964,0.029588956104507732,0.026269744150372865,0.036123936437784006,0.028436821180191776,0.031385491747001996,0.028953697693697836
fa3,qwen15,21,3,all,-0.00820623797835131,-0.010632788843060494,-0.013881888162036768,0.06591888896003387,0.05528610011697337,0.06168390827724322,0.050089136858273514,0.06856240083599509,0.05468051267395832,0.060655757455586545,0.055579428344850225
fa3,qwen15,21,4,all,-0.010055145041890595,-0.005280003981696993,-0.005495004304590059,0.054608689908692255,0.04932868592699526,0.06122152535678962,0.04678433102365568,0.05652636582989878,0.05103136152530872,0.06435196249433815,0.05485919178079066
fa3,qwen15,21,5,all,-0.018532349102880014,-0.006735181528019198,-0.00949457313940668,0.04062334238566887,0.033888160857649674,0.05203466162618317,0.03468210241481018,0.04249746947465907,0.03300289633525239,0.0533603098566115,0.03677859889680169
fa3,qwen15,21,6,all,-0.030949019458213944,-0.03252044904723082,-0.03266818238551598,0.07777127851016029,0.045250829462929465,0.08897056483618439,0.05154324056682579,0.07775381171346131,0.04508562932794533,0.0875256739091979,0.050381635783775
fa3,qwen15,21,7,all,-0.024007242419230246,-0.0204661712379166,-0.019895591696082883,0.07356406181879592,0.05309789058087932,0.07009168697151345,0.0518102614690058,0.07277128861420491,0.05287569691812203,0.06293206022472593,0.050875301510466146
fa3,qwen15,21,8,all,-0.030571023294652822,-0.030704445293826453,-0.029471685282254433,0.0815288332581856,0.050824387964359154,0.08463853480131299,0.05213121292368705,0.08057547968729578,0.05110379440504135,0.07732775977871585,0.05188586306731499
fa3,qwen15,21,9,all,-0.03283271266175258,-0.029883356080837815,-0.033844294758060854,0.0792958411594629,0.04941248507862508,0.08634285339730478,0.053304304479681465,0.08144433950241377,0.047600044744352914,0.08110268349754574,0.05011978769728531
fa3,qwen15,21,10,all,-0.034093423274792554,-0.035090503002048565,-0.038172372599561126,0.09793317581488385,0.06284267281283529,0.107438567799577,0.06510383830296644,0.0995996870138905,0.06142731441432938,0.09810120436489538,0.06497739280297653
fa3,qwen15,21,11,all,-0.042389866854799924,-0.041651621142373106,-0.042372962139714594,0.09007453390474862,0.048422912762375515,0.10184771243397163,0.054789256554133026,0.08983963165398014,0.04746666951426554,0.10219458096214633,0.05313258168415433
fa3,qwen15,22,0,all,-0.03207178178953589,-0.036724420697699406,-0.04193745115700602,0.10877813427734521,0.07205371357964581,0.0861645329724614,0.07954547489131257,0.11248893183795561,0.07055148068094959,0.08863745300040173,0.07879035711017172
fa3,qwen15,22,1,all,-0.025223652141128063,-0.033796748776243946,-0.0390983904912082,0.09785211349313057,0.06405536471688662,0.07644762646576432,0.06733985054301493,0.100242062606887,0.0611436721156788,0.0787096615416919,0.06756950454386866
fa3,qwen15,22,2,all,-0.04693393462584103,-0.055327281970179706,-0.05505184197223245,0.14880181845941964,0.09347453648923994,0.12392716774093344,0.10355472783214302,0.1511378961197375,0.09608605414750504,0.12449049357813725,0.10400901269319231
fa3,qwen15,22,3,all,-0.017729499060882056,-0.026567962228147057,-0.02815654776919771,0.0967048588327191,0.07013689660457205,0.07598564570134313,0.07275495904808926,0.09777167685172904,0.06961512908253133,0.07722877189849113,0.06952861338677568
fa3,qwen15,22,4,all,-0.019653615080542794,-0.02605277095249104,-0.02785416569991756,0.08327345956567482,0.05722068861318378,0.06762432462129164,0.059728477661030364,0.08451026600850663,0.056656100308589065,0.0678871804868853,0.05911285832620872
fa3,qwen15,22,5,all,-0.023874650989807306,-0.03176562331717515,-0.030931284052066917,0.08348413287231433,0.05171850955513919,0.0656519455027312,0.054744888926539025,0.08160326014499643,0.05067197609292951,0.058569985455712736,0.05492387176803701
fa3,qwen15,22,6,all,-0.056686003414691356,-0.03487017435346247,-0.040774613970694526,0.0807292357122356,0.04585906135877313,0.08993654508243669,0.05332615419424469,0.08868083130714684,0.04790621733645231,0.09294305388477354,0.050125239869387474
fa3,qwen15,22,7,all,-0.05433511063474392,-0.05506887907304582,-0.056215686412363956,0.10741365099474483,0.05234477192169901,0.10891974281891577,0.05220698681795267,0.11052967473130637,0.054313988318942415,0.11095818821263309,0.05410805648422488
fa3,qwen15,22,8,all,-0.058451344995159464,-0.05547339039792572,-0.06383962601560605,0.12077116242172953,0.06529777202380381,0.10753215416690014,0.06294590388523362,0.12589719973167648,0.06205757371607042,0.10459140704297724,0.06248141224349632
fa3,qwen15,22,9,all,-0.05458086007170782,-0.05502850154409197,-0.05941251261101342,0.12306524334136416,0.06803674179727219,0.09372660045656804,0.06771427379220234,0.1296721696650759,0.07025965705406247,0.0954308311626826,0.06610212695380788
fa3,qwen15,22,10,all,-0.05864349386887318,-0.058172704367583206,-0.0646170758069015,0.12301020804793521,0.064837503680352,0.11138797762556703,0.06648681655260598,0.12831390773010926,0.06369683192320776,0.11567629385075308,0.06677300835886403
fa3,qwen15,22,11,all,-0.06509364133047474,-0.0662497486344586,-0.06791622144860271,0.12458881825599503,0.05833906962153645,0.11285274967067288,0.05915566339482925,0.12686804080930605,0.05895181936070334,0.11198445700640645,0.05901253538169423
fa3,qwen15,23,0,all,-0.01824643965026954,-0.012089810559529741,-0.01298818265793162,0.047574271348918305,0.035484460789388564,0.047237233047227746,0.03543079041131713,0.05051408854763978,0.03752590588970816,0.050064487983912394,0.040143793221088755
fa3,qwen15,23,1,all,-0.025309486516377124,-0.017233813996519652,-0.01818280117556962,0.05460241097477184,0.037368596978252185,0.05319585200720117,0.0381127692826586,0.058343007700746935,0.040160206525177315,0.06313287277602185,0.04239423890894047
fa3,qwen15,23,2,all,-0.01968240721961016,-0.014351873576994592,-0.013503765848544173,0.05123447081304431,0.03688259723604972,0.04679763090969455,0.03715265682230225,0.05403381080894438,0.040530044960400205,0.05421504156800208,0.04193189168454233
fa3,qwen15,23,3,all,-0.025187308190295497,-0.021154140198450418,-0.02054164420304269,0.06187374157931891,0.04071960138086849,0.05577650302626641,0.04413003412207706,0.06450436149260161,0.04396271728955892,0.06501431783340463,0.04374567487880323
fa3,qwen15,23,4,all,-0.0221702443262872,-0.011378612030163875,-0.013324872865798504,0.04738182683233019,0.03600321480216632,0.046418349554128095,0.035958270286607676,0.051730362832071525,0.03840548996627302,0.058309998050610684,0.0386016985229015
fa3,qwen15,23,5,all,-0.029938039324875498,-0.021332333207568333,-0.018663972195210474,0.06115876449586629,0.03982643128829796,0.05870881646333381,0.046118587490244695,0.06008055181317778,0.041416579617967304,0.06609505532111028,0.0424901405109794
fa3,qwen15,23,6,all,-0.002528228703084362,-0.010073484386060053,-0.012790420500029945,0.08027960765235659,0.07020612326629654,0.06826501858315664,0.07449887666962325,0.08086449436486713,0.06807407386483719,0.06954943908836582,0.06839774113998988
fa3,qwen15,23,7,all,-0.001099614093885116,-0.008609656928255764,-0.010192256876091772,0.05467545868755447,0.046065801759298704,0.04963096458477737,0.047094588176217554,0.05664544866358643,0.04645319178749466,0.049359865853032474,0.046678251937306625
fa3,qwen15,23,8,all,-0.01002305585713509,-0.026115348837280186,-0.033483443227244655,0.07947282737741139,0.053357478540131204,0.07734746532117592,0.05477231968550438,0.08624839921008591,0.052764955982841255,0.08074691500342872,0.0522211642626943
fa3,qwen15,23,9,all,-0.005191040201465348,-0.013555786056986804,-0.0165426015850563,0.08559300131334628,0.07203721525635948,0.07333269503862637,0.0737332976580906,0.08706107286714694,0.07051847128209064,0.07439332428868288,0.07121985660061962
fa3,qwen15,23,10,all,-0.003641813164373615,-0.013320048565690842,-0.016596222670341568,0.08294322984239333,0.06962318127670249,0.06968200386434262,0.07215201719510193,0.08465102388791547,0.0680548012175739,0.07060193040232515,0.06751141606235102
fa3,qwen15,23,11,all,-0.005304257131278596,-0.01920619886045659,-0.014736596236505833,0.08576699207614696,0.06656079321569038,0.0722982542395575,0.07191793099310674,0.08137713875134697,0.06664054251484114,0.06899421904416851,0.06952223298104586
fa3,qwen15,24,0,all,-0.02204842067583296,-0.03928351355627883,-0.08317495254967538,0.08921718009942091,0.04993366654314208,0.08429342745105023,0.04700074174493929,0.13392014560127463,0.05074519305159924,0.09015971276453509,0.04660556592213109
fa3,qwen15,24,1,all,-0.023908900802605243,-0.044841184423274796,-0.08542429146871505,0.09641770544853666,0.05157652102526186,0.0913929376754156,0.04660658670741783,0.13749280248453055,0.05206851101581549,0.09077601346247306,0.04689671731602133
fa3,qwen15,24,2,all,-0.010416702033149858,-0.012823358217052605,-0.023013816404088193,0.049162421200773715,0.03633906298372111,0.03649656707659691,0.03043865498075185,0.05934184988377039,0.0363280334796822,0.03814081032207051,0.03152603070074084
fa3,qwen15,24,3,all,-0.02155835141355472,-0.0382837890714588,-0.07758999039404021,0.08600668552157033,0.047722896450111525,0.07856819920843004,0.043141362086059655,0.12529941034480105,0.047709419950760834,0.08064000909119384,0.04350751732378568
fa3,qwen15,24,4,all,-0.020825200564698946,-0.030104357682421375,-0.05417178164771109,0.07881865291275561,0.048714295230334236,0.06453838803509619,0.04327993100608069,0.10288898135740336,0.04871719970969227,0.06747906811086708,0.04250384906730809
fa3,qwen15,24,5,all,-0.017621994713438026,-0.03507350213119485,-0.07683631119799146,0.07876354236448908,0.04369004023329423,0.07441724029125585,0.03889052032086907,0.12237798393524461,0.04554167273725315,0.08040975047888359,0.039659460620156385
fa3,qwen15,24,6,all,-0.08934811135267245,-0.07807756743638461,-0.0784070721491492,0.15162521604944698,0.07354764861306237,0.17099174403657624,0.08386192338542575,0.15342309120112288,0.07501601905197368,0.16275983858911391,0.07888260437435458
fa3,qwen15,24,7,all,-0.05628081136265947,-0.056029515711434164,-0.059341456862759226,0.13256566771352837,0.07653615200209421,0.11444308043526026,0.07369877692986072,0.13197122027928807,0.07262976341652884,0.11571133549308336,0.07367140394897585
fa3,qwen15,24,8,all,-0.06366280617776195,-0.058932387542754996,-0.060903711544941154,0.1222033765018074,0.06327098895905241,0.10299270181953916,0.06227215869489647,0.12097965466108669,0.06007594311614554,0.11129411333660787,0.062008790012279776
fa3,qwen15,24,9,all,-0.09067668792753734,-0.08442563529549936,-0.09102561235684285,0.15751843589203887,0.07309280059653951,0.14488602636409662,0.08384011068054469,0.16155658351533522,0.07053097115849237,0.15535999249965954,0.07584788698335394
fa3,qwen15,24,10,all,-0.08744916815194632,-0.06466363498045248,-0.06481218835589499,0.12841104836877337,0.06374741338832089,0.11689372903797617,0.06594997575450492,0.12771004714299639,0.0628978587871014,0.14881093504347484,0.06608920674464712
fa3,qwen15,24,11,all,-0.08826225102252734,-0.0668308855657828,-0.07779015860127746,0.13755217154180116,0.07072128597601836,0.14962090371476947,0.07657329221716246,0.14914834821087256,0.0713581896095951,0.15287353465607578,0.0772162775628355
fa3,qwen15,25,0,all,-0.052316350437141605,-0.051306119223660414,-0.05851060688393487,0.1115358525235224,0.06022973329986198,0.09096155970244123,0.0571955484459453,0.11842486651933982,0.059914259635404955,0.09580367239429514,0.06213280100528257
fa3,qwen15,25,1,all,-0.046818141202922235,-0.053976732645020675,-0.05235945782520158,0.1167018098627909,0.06272507721777022,0.08689085903516885,0.061801935576773624,0.11467007028089482,0.06231061245569324,0.08688813172026073,0.0638721066240315
fa3,qwen15,25,2,all,-0.06989668182214988,-0.06766138472920318,-0.07188767947489189,0.1521325808197985,0.08447119609059532,0.12756070946210177,0.08541722359999375,0.15484494750491395,0.08295726803002207,0.12954278199810218,0.08606059811221319
fa3,qwen15,25,3,all,-0.033479237207751276,-0.03560671261965288,-0.036765949424644555,0.08554273897555316,0.049936026355900276,0.06655842962389634,0.047318376008868575,0.08715720534059841,0.05039125591595386,0.06600792598159619,0.049118356986322866
fa3,qwen15,25,4,all,-0.048427064615260584,-0.04527724648376324,-0.044064901037844946,0.1023358833249879,0.05705863684122466,0.08345549216841726,0.057197392581332863,0.10116496907597655,0.057100068038131606,0.08316893347734342,0.054690502000327455
fa3,qwen15,25,5,all,-0.055530848415777184,-0.04249535187414973,-0.05606706102114859,0.10410029578760853,0.0616049439134588,0.09770460925774523,0.067040014167865,0.11430509806726497,0.058238037046116374,0.09993708678206203,0.05875281284463873
fa3,qwen15,25,6,all,-0.019079594430698205,-0.018245277484689237,-0.01848022571746009,0.04501891192090007,0.026773634436210836,0.03997730125058755,0.026701225436048245,0.04342422651935266,0.02494400080189257,0.0390250290814605,0.03068952015612034
fa3,qwen15,25,7,all,-0.031328604726488636,-0.014826658149733971,-0.01465488400385299,0.03929108838414563,0.024464430234411656,0.0432807386220449,0.024900309765723504,0.038500912262968784,0.023846028259115793,0.043204402231341664,0.025759464831054606
fa3,qwen15,25,8,all,-0.052729594357709214,-0.011385800692137654,-0.020173968965878607,0.0435108584212986,0.032125057729160945,0.055839125845537164,0.0302735230584457,0.046055861921539314,0.025881892955660707,0.06591593630330121,0.03198279476930283
fa3,qwen15,25,9,all,-0.021989291659175476,-0.013599594092469712,-0.014633225069522103,0.04029605423793591,0.0266964601454662,0.03990107429697696,0.027920491986608845,0.03875975014895825,0.024126525079436148,0.03916600342815784,0.028439471575365624
fa3,qwen15,25,10,all,-0.032467464924615254,-0.015980911832915248,-0.017554347077995098,0.04241835534356129,0.02643744351064604,0.04162374243048926,0.0271832943681591,0.04359431165990036,0.026039964581905262,0.044515910039149696,0.02737926256430569
fa3,qwen15,25,11,all,-0.03417852227048094,-0.014564130656621342,-0.019418606410221733,0.042774334957326875,0.028210204300705533,0.04301761941543475,0.026251268924136345,0.04327618454181281,0.02385757813159108,0.046049273447879534,0.02710110063547147
fa3,qwen15,26,0,all,-0.0333922241000249,-0.02816281527202722,-0.03173454349639716,0.06856198873094273,0.040399173458915506,0.05399075526566773,0.038390922261451965,0.07098890248613103,0.03925435898973387,0.06991319725809873,0.0397723608431391
fa3,qwen15,26,1,all,-0.034286157021182574,-0.023876052769059873,-0.02633910239095495,0.05404969800496703,0.030173645235907154,0.0472722518367385,0.032519159628773144,0.05733070805400745,0.030991605663052504,0.05653651082116834,0.03232688601894319
fa3,qwen15,26,2,all,-0.03384821137780895,-0.02775231867760094,-0.030839446504463245,0.057298849737678105,0.029546531060077166,0.049110227366370336,0.031388056456511874,0.058590675788096645,0.0277512292836334,0.06669254807767147,0.030319956390314564
fa3,qwen15,26,3,all,-0.03462296284833192,-0.020856779050103337,-0.028430592980168184,0.05309495306291056,0.03223817401280722,0.050804870491671844,0.03219153236494403,0.05706687946775942,0.02863628648759124,0.06148940212739793,0.03229984692206673
fa3,qwen15,26,4,all,-0.02016582077252223,-0.016378409994641685,-0.016280809089602312,0.04860883134363645,0.032230421348994766,0.0491086001987516,0.032133880452007886,0.04738646620221768,0.03110565711261537,0.055372217779281425,0.035129553275415955
fa3,qwen15,26,5,all,-0.03789912592372595,-0.04043522531882542,-0.043031083309017074,0.09080537249980343,0.05037014718097801,0.06247243141526587,0.04427388124214491,0.09362904107942506,0.050597957770407986,0.07771702668927674,0.0477037612382439
fa3,qwen15,26,6,all,-0.04270093722204463,-0.030182046629831205,-0.033370697305819895,0.07181265823320122,0.04163061160337002,0.09185889888481923,0.05432820539971506,0.07664927267683881,0.04327857537101892,0.10007950068808547,0.04749982125064194
fa3,qwen15,26,7,all,-0.036825796448011316,-0.03411292753047971,-0.0370230243007813,0.07219231535415782,0.03807938782367811,0.08875567076302056,0.04443792190625986,0.07644810265021129,0.039425078349429994,0.08986559422926936,0.04153598792461032
fa3,qwen15,26,8,all,-0.03392929695170256,-0.027907924467273658,-0.032363868524924545,0.06913240738244893,0.04122448291517527,0.08543373913796289,0.051883806763376526,0.07259179008626,0.04022792156133546,0.08274381172695024,0.04307662135681223
fa3,qwen15,26,9,all,-0.03375351711305629,-0.038147738329139896,-0.03735051061882528,0.07701072617693416,0.03886298784779427,0.09115555313921105,0.05426019799881612,0.07764932974326144,0.04029881912443616,0.0839694123968898,0.043944889626938675
fa3,qwen15,26,10,all,-0.024556776453932616,-0.02792149939272863,-0.02320247357993139,0.08189092745866193,0.0539694280659333,0.08371716201387193,0.05620334485503916,0.0792674107163771,0.05606493713644572,0.0772420836491222,0.05129514419882689
fa3,qwen15,26,11,all,-0.03752948231174163,-0.02894474326050988,-0.03199446475105184,0.06764127638688432,0.03869653312637444,0.09161432078160003,0.052823053527558984,0.07081009141694722,0.03881562666589538,0.08988043976234412,0.04455722611740193
fa3,qwen15,27,0,all,-0.0028254236470296283,-0.0058656819540215295,-0.004809086759444966,0.031978227125473525,0.026112545171451996,0.02909152896605746,0.02242215249572722,0.033233363108971646,0.02842427634952668,0.029600085577574122,0.023822760413481834
fa3,qwen15,27,1,all,-0.003170276259930467,-0.006987845737381013,-0.0036987035759610785,0.031606479897837686,0.024618634160456673,0.02927994252937093,0.021847937942334254,0.03137847635472795,0.027679772778766872,0.029273056421415544,0.023273263753186956
fa3,qwen15,27,2,all,-0.001979874630439181,-0.0035660545510870258,-0.002946796934657322,0.030198545912130437,0.02663249136104341,0.028569907989905094,0.024542570620051756,0.031907417091094584,0.028960620156437262,0.02970312629033733,0.025365176614740036
fa3,qwen15,27,3,all,-0.0018312492990299422,-0.0033549771886249823,-0.0036343874482677903,0.029775227954222175,0.026420250765597193,0.028080532454997684,0.023277042095721113,0.031186675881576535,0.027552288433308744,0.028260764248938475,0.024618368909453542
fa3,qwen15,27,4,all,-0.003962895969856199,-0.00626083757658831,-0.006005504592986297,0.03305089176725859,0.02679005419067028,0.031114435355089374,0.022694571833675112,0.0338609400573753,0.027855435464389,0.03154450769810714,0.02443553544316837
fa3,qwen15,27,5,all,-0.003333821810278352,-0.005076121421438675,-0.005253244783681953,0.03254204067900705,0.027465919257568378,0.028911765883297292,0.02388469883858761,0.03365721803943383,0.028403973255751874,0.030927081419476202,0.0242606921710132
fa3,qwen15,27,6,all,-0.0038988115670899916,-0.007302216510024065,-0.006944018892674292,0.04012053451914933,0.03281831800912526,0.033125892474879064,0.026610559311103857,0.040089579777889996,0.033145560885215704,0.032878051628699334,0.027433186135147326
fa3,qwen15,27,7,all,-0.0033412316043417655,-0.008070974602536557,-0.006387166498302871,0.039722461418213895,0.03165148681567734,0.03373599405922569,0.027693428094832995,0.03900420356424386,0.03261703706594099,0.03332574095984999,0.02871080536279798
fa3,qwen15,27,8,all,-0.0051117391255581035,-0.009119472879681054,-0.007926483296524414,0.04262992322705691,0.033510450347375854,0.034878463178514146,0.027861873758126987,0.042234086545771876,0.03430760324924746,0.034725818916407934,0.02871529846209379
fa3,qwen15,27,9,all,0.001105130571899424,0.0005118102380541195,0.001525242372516722,0.04246797693792923,0.04297978717598335,0.03456514277333205,0.03618814776465316,0.04312147721793117,0.04464671959044789,0.035247891766629826,0.036867353954217454
fa3,qwen15,27,10,all,0.004050381840842534,0.0030870965908928946,0.0026498480798957114,0.037851713217410966,0.04093880980830386,0.033895544978931116,0.03615763690210425,0.03802830402192587,0.04067815210182158,0.03436553625597381,0.03652910208956757
fa3,qwen15,27,11,all,-0.004327002516079928,-0.012109338039131515,-0.011940669103669851,0.04405592854276597,0.03194659050363446,0.03514478976651795,0.027714707076163497,0.04408854605954942,0.03214787695587957,0.034180926536711974,0.028268156024701164
fa3,smol036,0,0,top,0.00012283669775988186,0.0023210463108018584,0.001601353173469107,0.01097760318372818,0.013298649494530038,0.01105292763959907,0.012863137304871116,0.016711624640160603,0.01831297781362971,0.016954339193829104,0.01768897812228024
fa3,smol036,0,1,top,0.00010327791818225318,0.0009106141981501722,0.00048097116925675115,0.009554623380721503,0.010465237578871675,0.009669778424620594,0.010287992048247695,0.02028820971011164,0.020769180879368392,0.02051112851075502,0.020441899555585077
fa3,smol036,0,2,top,7.255729504238738e-05,0.0013519016631107442,0.0011995096882745603,0.009662011764623444,0.011013913427734189,0.009508477977691047,0.010613676016517479,0.014758747973516811,0.01595825766179137,0.014832540772161083,0.015578278194274738
fa3,smol036,0,3,top,0.0005816511652696919,0.00026620569993303714,-0.000372204827908465,0.009245590565248506,0.009511796265181543,0.008974984330278407,0.009221123307999292,0.010260926451592765,0.0098887216236843,0.0092577120319303,0.009229301327144895
fa3,smol036,0,4,top,0.004701296062960693,0.00288371559152268,0.004460254528695563,0.03809910239868544,0.04098281799020812,0.039336359067685046,0.03787980934812151,0.03673066382144407,0.04119091835013963,0.0384151394616798,0.03712746946731938
fa3,smol036,0,5,top,0.0076804888285602725,0.011166581740944079,0.01539741836716848,0.047119024501188954,0.05828560624213303,0.04069721823756801,0.05428001192362442,0.04556942724261892,0.0609668456097874,0.0425755408999828,0.053059582692118724
fa3,smol036,0,6,top,0.004744555437588075,0.00786599917100492,0.005955556524542039,0.023516494424156712,0.03138249359516163,0.02293010729277063,0.030353369142147864,0.02430155831873688,0.03025711484327892,0.02265588921357517,0.0301861003704811
fa3,smol036,0,9,top,0.0016513723622762378,0.0031427233178319344,0.0038350997742809603,0.02990301803013326,0.033045741347965195,0.028221467536612862,0.03075360842402351,0.02997293272184544,0.0338080324961264,0.02946234064919893,0.03139783348058289
fa3,smol036,0,10,top,0.00019198990868992457,0.0020840356511778978,0.005972742168820138,0.029093842117202912,0.03117787776838081,0.02523520908743969,0.030413971259392412,0.0273253470749794,0.03329808924379954,0.026089843859069692,0.029817006279220352
fa3,smol036,0,11,top,0.0003935162360410611,0.005950362516420955,0.005319033710339472,0.027489786083310777,0.03344014859973173,0.024538010866182732,0.03081827198003373,0.026679384254832576,0.03199841796517205,0.02576166884173414,0.029755421563499196
fa3,smol036,0,12,top,0.0002951634013134135,0.009463433609239742,0.009533201053753375,0.039259466949677566,0.04872290055891731,0.03539491718948106,0.04602745530470138,0.04118677351504208,0.050719974568795456,0.03828577139055888,0.051919863703963676
fa3,smol036,0,13,top,-0.0001554672744228733,0.0013989975884069056,0.002227991496971466,0.028167672487507397,0.029566670075914302,0.026297638973834733,0.029831166290048807,0.029527044039117965,0.03175503553608943,0.028827679407168766,0.03206477749523277
fa3,smol036,0,14,top,0.00010837846085700964,0.0013133297661106474,0.00016972370516945244,0.009786501215118426,0.011099830981229073,0.009765490631447772,0.010661872778276087,0.013024608407196797,0.01319433211236625,0.012870337801221786,0.01382664565026906
fa3,smol036,1,0,top+random,0.0140406734812372,0.005598216976662428,0.003987320043305376,0.043807940880620545,0.04940615785728297,0.031494589645530376,0.038062481618980765,0.04520362214404396,0.04919094218734934,0.03264578052868627,0.03809882903505264
fa3,smol036,3,5,random,-0.004175052180521687,-0.005871998441570169,-0.007586545285882807,0.03578137824056199,0.02990937979899182,0.029260095849333128,0.0245621783621692,0.03728877863156599,0.02970223334568318,0.03025044532445519,0.026331757089702434
fa3,smol036,4,3,top,0.00065019610545404,-0.003735983086734604,-0.014860101689371144,0.08187115433813237,0.07813517125139777,0.07582526565649882,0.06776201244535142,0.08635340979177686,0.07149330810240571,0.08081613892002426,0.06751625058931827
fa3,smol036,7,4,top+random,0.0034284689734935397,-0.0016832055728362993,-0.005280665051628816,0.05792827187791272,0.05624506630507642,0.04001217618160554,0.044012293845546856,0.05787735593397573,0.05259669088234691,0.04062706587523449,0.050508236590388535
fa3,smol036,7,8,random,-0.016335327774937156,-0.021950451610911567,-0.0255254830498702,0.08257045038158987,0.06061999877067831,0.06433161015172507,0.05351526629114447,0.08501373573025378,0.05948825268038358,0.06320158627272489,0.06339300134516924
fa3,smol036,7,10,random,-0.022693989760146027,-0.026010641247785543,-0.030524038265988027,0.09299078675154128,0.06698014550375574,0.07406793267208711,0.06050995938612747,0.09647526711865889,0.06595122885267087,0.07343461191253962,0.062256522487889966
fa3,smol036,8,2,random,-0.02469972076378614,-0.04624731487705405,-0.03827990101426576,0.12594981050034434,0.07970249562329029,0.1013732176791074,0.07689093955002571,0.12047159478922877,0.082191693774963,0.10473989105124215,0.07827881683402882
fa3,smol036,9,8,random,-0.04771939300469666,-0.08855407938368645,-0.07614278186099578,0.17174128997954752,0.08318721059586107,0.15447316898726834,0.08233823064227541,0.157753937864209,0.08161115600321321,0.164031444992287,0.07859151962970748
fa3,smol036,11,4,random,-0.03413875034301218,-0.04268451370064652,-0.03591193649703053,0.10846587909659089,0.06578136539594437,0.1183213634280082,0.06327444907605229,0.1023281012160771,0.06641616471904657,0.11098383017678977,0.06253478338268016
fa3,smol036,12,0,random,-0.004454684328638862,-0.033217879306166896,-0.0416540976494932,0.09240432569497374,0.059186446388806845,0.10003669493179952,0.06635846875075903,0.1022017926683394,0.060547695018846194,0.10460818874560258,0.06589057066997736
fa3,smol036,12,4,random,-0.02536208152238134,-0.017270044978673113,-0.022086165862884373,0.06876376208612152,0.051493717107448406,0.05062916807745644,0.046754608968988996,0.07208841369658191,0.050002247833697534,0.052340921104815974,0.046187348114776185
fa3,smol036,12,8,random,-0.035005283507138094,-0.0475096583928256,-0.05599859924752629,0.14105547166353768,0.09354581327071208,0.11069111200655346,0.0905983774244505,0.14721557779880165,0.09121697855127536,0.11424217794786229,0.08289009809230292
fa3,smol036,12,13,random,-0.021349218328018695,-0.028729655859991238,-0.03416805980495294,0.09705087623586582,0.06832122037587458,0.08316356425460329,0.06946058102712714,0.1047011333845992,0.07053307357964626,0.08900356695876623,0.07438996248269197
fa3,smol036,13,0,random,-0.009584179885869057,-0.025349983925132977,-0.026631327272499672,0.10091562603702792,0.07556564211189494,0.10415646006404349,0.07761456057871959,0.10278102602327917,0.0761496987507795,0.10495526462206929,0.07204453158165337
fa3,smol036,13,5,random,-0.027817690932903785,-0.03759155869872656,-0.04344292926332746,0.1145284336606468,0.07693687496192024,0.09345010513381798,0.07535853531862123,0.12029019183265806,0.0768472625693306,0.09219725699866847,0.07465377268440346
fa3,smol036,15,12,top,0.004019748470612335,-0.007126979874654514,-0.015394748986027586,0.06820718436149269,0.06108020448683817,0.06573927824793487,0.058402140856916446,0.07438734146867444,0.058992592482646856,0.06596957284317491,0.05929498502155475
fa3,smol036,15,13,top+random,0.003197016058669816,-0.01729928504413867,-0.021754664273614374,0.07453954117907093,0.057240256134932256,0.07506721928484111,0.053574165265456254,0.0773631591540297,0.05560849488041533,0.07368327578001127,0.0542456261996325
fa3,smol036,15,14,top,0.0017605457204793544,-0.005185661294458424,-0.00858885140739983,0.058478759901106216,0.05329309860664779,0.05733164932190726,0.048433208094958935,0.06100520133281081,0.05241634992541098,0.056988096698467126,0.05030105567782284
fa3,smol036,16,0,random,-0.009832601571144808,-0.015007970341412352,-0.016046660156980586,0.083160031544966,0.06815206120355365,0.07689441492075721,0.0680860918289235,0.0853165850706452,0.06926992491366461,0.07939995232290442,0.06257015658106134
fa3,smol036,16,10,random,-0.005828579422979224,-0.022679116567631295,-0.03127378406987783,0.07263488969817165,0.04995577313054036,0.08276580931741882,0.05148626677867899,0.08005419943055836,0.04878041536068053,0.082197889330394,0.04733076085462213
fa3,smol036,17,13,random,-0.007605527474665305,-0.021926960956549356,-0.02417877530331105,0.07542805335825557,0.05350109240170622,0.09112371633595055,0.04897030611618031,0.0771000727844784,0.052921297481167355,0.08747520534676882,0.050796237201160915
fa3,smol036,18,3,top,-0.0002319950946238214,-0.026162728788926892,-0.030465710440584666,0.06612708230996599,0.039964353521039095,0.062551981864194,0.042674030964077764,0.07005225588070348,0.03958654544011881,0.062211064896311175,0.047903738716449984
fa3,smol036,18,7,random,-0.012405719951939434,-0.010462885949065998,-0.019317899680962328,0.08552254167270103,0.07505965572363503,0.07252563943506242,0.06981672048708669,0.09263544903157465,0.07331754935061233,0.07852923577822986,0.06257809564389283
fa3,smol036,18,13,random,-0.015026241358486849,-0.0259175829364739,-0.039917121978559476,0.08766551905539353,0.061747936118919634,0.0861124400143062,0.061525654316267435,0.0969632388831446,0.05704611690458513,0.09351274629428019,0.056033966334067146
fa3,smol036,19,2,top,0.0006355625727634909,-0.004352496476342241,-0.0030452555840755763,0.06948838648697164,0.0651358900106294,0.06095688769153087,0.058123438888252395,0.06793253665470807,0.06488728107063249,0.06030355583011284,0.05677447439559222
fa3,smol036,19,11,top,-0.0006665605293352366,-0.01854335650954584,-0.01794059450115603,0.07323946654130174,0.0546961100317559,0.06108792034010028,0.05313861021358779,0.07456273977550924,0.05662214527435321,0.06238938387286654,0.053253593869893666
fa3,smol036,19,13,top,0.0014069408452133624,-0.0038752093881715896,-0.001538216072691674,0.05219406855270142,0.04831885916452983,0.052597770897699625,0.0418062423053022,0.050887659814030345,0.04934944374133867,0.05226128382619014,0.043897365774253495
fa3,smol036,20,3,random,-0.03915272126552418,-0.06310166575682238,-0.06288357422558755,0.1255496422468663,0.062447976490043904,0.10907026640523826,0.07013685344642286,0.12655644678738112,0.06367287256179358,0.1121496403436964,0.06047952258262743
fa3,smol036,21,4,random,-0.01876342471489113,-0.03246452707801069,-0.030717494582093177,0.10862712724721058,0.07616260016919989,0.10045070062999728,0.08189695658683678,0.10621535469433602,0.07549786011224284,0.09865615919234028,0.0806060684250537
fa3,smol036,21,8,random,-0.04769768102376388,-0.05763553665005946,-0.059770799619041956,0.10387194434742447,0.04623640769736501,0.1062141875572175,0.04640102769541366,0.10518799691794133,0.04541719729889937,0.10221163748766852,0.04856293001318612
fa3,smol036,21,13,random,-0.031428087884097386,-0.03904235614376223,-0.04583138778540743,0.09434090555236252,0.05529854940860029,0.07564738092557628,0.051523056485844536,0.09913172956578913,0.0533003417803817,0.08013409214951653,0.04958120239263126
fa3,smol036,22,7,top,-0.00028967632472959765,-0.024425657766758396,-0.02125782419825177,0.09698963520347344,0.07256397743671504,0.0977822094466198,0.06817727610400377,0.09174181860782353,0.07048399440957176,0.09732198175417024,0.06670336938060709
fa3,smol036,22,8,top,0.0030215402807851183,-0.031389440848226154,-0.023579892213449437,0.07071991081732178,0.03933046996909562,0.07975658174832236,0.045416280706806894,0.06153854698226751,0.03795865476881807,0.08531821088065812,0.04585604891486402
fa3,smol036,22,10,random,-0.02024514899789093,-0.025926346003632965,-0.027757313847530315,0.07502281828104623,0.04909647227741327,0.06520791066301498,0.045499460188987005,0.07632160956001703,0.048564295712486716,0.06604565071732514,0.04599253777934934
fa3,smol036,24,12,top,0.0021239923550049494,0.0005280982555354308,-0.0002743517839707693,0.04400434310760242,0.04453244136313785,0.05466582318646562,0.044646157337868676,0.04508038123875232,0.04480602945478155,0.05539669060238678,0.06249386504596613
fa3,smol036,24,13,top,0.0035477108770814746,0.0008553335787425988,-0.0007564885976350348,0.01850391745074005,0.01935925102948265,0.01676291269387785,0.01666499986324774,0.02135281051175265,0.020596321914117616,0.019239818264107245,0.021511323149870767
fa3,smol036,25,2,top,0.001484220177011777,-0.026305259075637383,-0.038412258855659354,0.09146486767313562,0.06515960859749824,0.10077905140762565,0.06267788442445289,0.10686778787926803,0.06845552902360867,0.1033752725132534,0.06610956719306042
fa3,smol036,25,4,random,-0.01885444271175488,-0.021338333171392873,-0.02527094484233844,0.08878800447009089,0.06744967129869801,0.09985917367505504,0.0640130356734556,0.09285570043746799,0.06758475559512955,0.10364578541852827,0.06298781200044662
fa3,smol036,25,13,random,-0.027339440764159163,-0.03114268430289617,-0.03810198164430639,0.09990898876362216,0.06876630446072599,0.0840169741282296,0.07732420732955596,0.10375255764427362,0.06565057599996722,0.08895016460320371,0.06261683170070557
fa3,smol036,26,4,random,-0.046765804371128955,-0.06971083583695198,-0.07330678813541039,0.12889688862464127,0.0591860527876893,0.11100814826150264,0.061009777012445705,0.13057320606313774,0.05726641792772736,0.11681488373263978,0.05256889151424982
fa3,smol036,28,10,random,-0.00951102835214692,-0.021332198598170836,-0.020936567595342688,0.06789611291179785,0.04656391431362702,0.06650984085698913,0.053862357432115836,0.06730525794571741,0.046368690350374726,0.06710225383053879,0.05833910928891576
fa3,smol036,29,7,random,-0.045310956907387456,-0.02715864877351129,-0.04836191572205738,0.10046291362091063,0.07330426484739934,0.09757409894632192,0.065790906841622,0.11190453128101323,0.06354261555895585,0.10447825042933795,0.08528618792260811
fa3,smol036,30,13,random,-0.008746577707726392,5.230075142884788e-05,-0.005890782488113748,0.06148425444649799,0.06153655519792684,0.047083188069461594,0.048116446111101135,0.06830786506513915,0.062417082577025405,0.048620602187805693,0.04665698161630646
fa3,smol036,31,6,top,0.0015692849409562708,-0.01687123295842611,-0.010969834942469302,0.06315247217689891,0.046281239218472804,0.05684007703948866,0.04457318038127297,0.057228211855308075,0.046258376912838774,0.05939006682108746,0.04433380611674889
fa3,smol036,31,8,top,0.0028897527139412926,-0.040873393724793594,-0.029414559231390386,0.10799220423302534,0.06711881050823175,0.09411728072480403,0.06522270864589284,0.09396342475040671,0.06454886551901633,0.09354636492277497,0.0639968289490603
fa3,smol036,31,12,top+random,0.00448700331641274,-0.013243105845313553,-0.00937330223293821,0.04598019870647086,0.03273709286115731,0.038289746561673416,0.030081840181294114,0.04065024113619862,0.03127693890326041,0.040070092457774674,0.029375673551920157
fa3,smol036,31,14,top,0.002705990864394702,-0.004003483928471746,-0.003567455691635281,0.05224077048023778,0.04823728655176603,0.047491974650892416,0.03949853078961366,0.054687288211014685,0.051119832519379405,0.048376742965471814,0.04025648434934936
fa3,smol17,0,3,random,0.0011294504363655838,0.00239022328664755,0.0037566632405740645,0.03139256348762293,0.03378278677427048,0.031120080312021934,0.0329806424405751,0.030225991300770406,0.03398265454134447,0.032470225490147914,0.033291737761672505
fa3,smol17,0,5,top,0.014008002707370038,0.015747008215116723,0.013836316684753797,0.07384986378089126,0.08959687199600798,0.05806812449415471,0.0699392004815498,0.07571540965971534,0.08955172634446913,0.05755053558751121,0.06903887227986814
fa3,smol17,0,6,top,0.011204015946255171,0.010819642332716269,0.008257705285800526,0.04480306959655699,0.05562271192927326,0.04144739685160895,0.048863514872598435,0.04383502278706366,0.052092728072864185,0.04102126734916423,0.0482138296661358
fa3,smol17,0,8,top,0.020339338627219254,0.012117918412911606,0.01292819391265159,0.056834613187444545,0.06895253160035615,0.046368987204754415,0.06608784227868679,0.05507226425420166,0.06800045816685325,0.0471026529865227,0.06386809492389145
fa3,smol17,0,9,top,0.01034518037056237,0.012599260770186235,0.012462220533990834,0.04640949640997102,0.05900875718015725,0.04298089799642587,0.05348437775358053,0.04657934051885999,0.05904156105285082,0.04498487023683736,0.05505968242239085
fa3,smol17,0,13,top,0.01399829359689868,0.011898552501619648,0.012023240027149794,0.05921383788381427,0.07111239038543392,0.0481362904967678,0.06423435814265839,0.06050899720930741,0.0725322372364572,0.049006307342569715,0.06354786383276782
fa3,smol17,0,25,top,0.005464785629305677,0.005925226102631905,0.005839145327520254,0.026329270300297355,0.03225449640292926,0.02245846334658017,0.029394232360872418,0.027109700028370386,0.03294884535589064,0.02332002675317135,0.030017833011767876
fa3,smol17,0,27,top,0.009028939767150903,0.011730059007344536,0.011736199367455784,0.05753514069325726,0.0692651997006018,0.0524277981039337,0.06170067389333354,0.05762041839647727,0.06935661776393305,0.05146423247424839,0.06318935969390516
fa3,smol17,0,28,top,0.008659933027007594,0.008839990965470931,0.00901476690966764,0.03980016103410693,0.048640151999577864,0.03588237821903875,0.04078360976617045,0.04048298247669319,0.04949774938636083,0.0380934277092084,0.04287484227337159
fa3,smol17,0,29,top,0.01213534175390342,0.0056143745803999,0.007478043501180878,0.046430169676657945,0.052044544257057845,0.03938452847993001,0.04710745859901603,0.04654907153682603,0.05402711503800691,0.039925550338111626,0.04459411868918902
fa3,smol17,1,7,random,-0.0006560431442736691,0.0024284770999596916,0.007176972013369212,0.06250733666146295,0.06493581376142264,0.0535268519956654,0.05151599654789884,0.05863862424263819,0.0658155962560074,0.054072266359452316,0.05674766710073289
fa3,smol17,1,12,top,0.007005177430330615,0.0027604873640346833,0.005606003249425104,0.06982008751512457,0.07258057487915925,0.0566481425536702,0.06253700566723389,0.06657031566103917,0.07217631891046428,0.06071649109399185,0.06506482312320584
fa3,smol17,1,20,top,0.0085290989069325,0.010409826168989993,0.008090962807600785,0.03521307863487761,0.0456229048038676,0.03143293293789876,0.0386506408270782,0.036541441056652364,0.04463240386425315,0.03228269065092038,0.04063026924872234
fa3,smol17,1,22,top,0.005560161618593801,0.003099652317330004,0.0028134420138113056,0.038033094170288516,0.04113274648761852,0.03491574136134987,0.043886301953023725,0.037787453469114635,0.04060089548292594,0.034975297272758506,0.042245144830074854
fa3,smol17,1,24,top,0.006660193015312214,-0.0004103672760834773,-0.0011043776420516446,0.050155697223833166,0.04974532994774969,0.04459975811089726,0.0449506235227364,0.05084685988212136,0.04974248224006972,0.04570769809781109,0.04386442799741719
fa3,smol17,1,29,top,0.004421714061616132,-0.0006815811044497272,-0.006334823854185601,0.10984061185273726,0.10915903074828753,0.09014783185413838,0.09292070882930664,0.11303331593675107,0.10669849208256547,0.08978235537971015,0.08755124738925422
fa3,smol17,1,30,top,0.008745519685962898,0.005807387068282516,0.005071554254264574,0.0566984141532309,0.06250580122151342,0.04645318375050844,0.04252715109870533,0.05712046871353208,0.062192022967796655,0.04690207461364145,0.0463737617078945
fa3,smol17,1,31,top,0.008892729975123628,0.013790216207944614,0.014099666191314239,0.045784609633692054,0.05957482584163667,0.03950617739139849,0.047283572362225725,0.04575983993879456,0.0598595061301088,0.03793334819722596,0.04817689197312577
fa3,smol17,2,1,top,0.005590606075143975,0.0045312645452005446,0.0012884441979690853,0.05087912212112163,0.05541038666632218,0.059100391886553395,0.06166350179323349,0.05558159096133496,0.05687003515930405,0.05809711993221129,0.057711911973277276
fa3,smol17,2,11,random,-0.01170641664824421,-0.005963054145702709,-0.010085808476096747,0.09034182952215208,0.08437877537644937,0.0875700570347348,0.07440981461894337,0.09366896006200072,0.08358315158590397,0.08049461486713684,0.07383999046639698
fa3,smol17,2,13,top+random,0.015784583395800928,0.003193695802898959,-0.0005872468666787423,0.040141625736532266,0.043335321539431225,0.046971313359035566,0.04025318378726445,0.04547429230136283,0.04488704543468409,0.05670429648029409,0.03794115497966481
fa3,smol17,2,25,top,0.00951195664114913,-0.010092141059186432,-0.013010368630058916,0.0876973111920591,0.07760517013287267,0.08608772731505147,0.07875076512459522,0.09140803834563209,0.07839766971557317,0.084442547782964,0.08976801344916811
fa3,smol17,3,19,top,0.005454345593651308,-0.010202055678902311,-0.013873935774505693,0.042121915044199536,0.031919859365297225,0.0362849225148077,0.03031199350347598,0.04515368042646775,0.03127974465196206,0.03761430148056082,0.035704159766189854
fa3,smol17,3,21,top,0.012218198917646035,0.007833117870909338,0.0023502497203559056,0.05279799883803912,0.06063111670894846,0.05069746927626381,0.0574537468935773,0.055917609775599265,0.05826785949595517,0.05150261579352794,0.057824882092417595
fa3,smol17,3,26,random,-0.0005058369448281927,-0.0031066573736689695,-0.012676784241498124,0.10830274961457222,0.10519609224090325,0.09609148867810786,0.09223524568026958,0.11395136808933125,0.10127458384783312,0.09788259869225512,0.10056031475312788
fa3,smol17,3,28,top,0.004385024957660651,-0.004621613617645744,-0.002664295506193022,0.05858266940930574,0.053961055791659995,0.05291147854982361,0.05156757107113138,0.0596509923264715,0.05698669682027848,0.05412091154279572,0.05033031613302245
fa3,smol17,4,17,top,0.005269268716006792,0.0035832694646210986,0.0029827638538292567,0.024580661561059942,0.02816393102568104,0.021590495179744155,0.0268974155282245,0.024381943808117822,0.02736470766194708,0.02305976541821614,0.026006330958787332
fa3,smol17,4,26,random,-0.02405085059820662,-0.03700480614420079,-0.04024553734746658,0.10372574965248987,0.06672094350828908,0.09406155694140146,0.0657050599531448,0.10747069542317673,0.06722515807571015,0.09819379767921162,0.0627539055871069
fa3,smol17,5,0,top,0.008657994211385927,0.02238558756054132,0.017712191400156237,0.05539314700145956,0.07777873456200088,0.056014180561483946,0.07005746781399252,0.06015271909758844,0.07786491049774467,0.05543791787922222,0.07064786129046537
fa3,smol17,5,5,random,-0.00447460182675682,-0.00980258841973361,-0.009153966462067231,0.11009358468341555,0.10029099626368194,0.08722530153156377,0.0838865991693838,0.10810701952929924,0.09895305306723201,0.09040289085742015,0.08634033953062133
fa3,smol17,5,13,random,-0.009897347714178823,-0.015106637664557887,-0.01498046717159457,0.10761499818900039,0.0925083605244425,0.09163887789203944,0.08340676436194228,0.10914650094267041,0.09416603377107584,0.09013931519872138,0.08310140559713075
fa3,smol17,5,20,top,0.00462270528467137,-0.0039186504749242485,-0.011212360224196097,0.08758457761975236,0.08366592714482811,0.08940752222531019,0.07707061077777234,0.09108933960036338,0.07987697937616728,0.09135503310377828,0.0869343810009084
fa3,smol17,5,23,random,-0.009983410016769728,-0.022068424885624514,-0.02688457380262988,0.08396568145905563,0.06189725657343111,0.07191913776713178,0.05834639709399236,0.08308367767500081,0.05619910387237093,0.06840858729569115,0.05614589852969243
fa3,smol17,5,27,top,0.004082529139019954,0.013209346215028797,0.004538088101601612,0.06273021915117477,0.07593956536620357,0.0750438355466491,0.07028128643645325,0.07543502318905124,0.07997311129065285,0.06878256013051898,0.07690872872167227
fa3,smol17,5,30,top,0.007564218091234212,-0.008943666284946208,-0.010227516715218876,0.11326843242849349,0.10432476614354728,0.10642037710987452,0.10200996558897846,0.11506845289716178,0.1048409361819429,0.11000758958659905,0.09951729343417694
fa3,smol17,6,6,random,-0.013304469340572453,-0.014211235665001154,-0.017815133032475616,0.09786125756283655,0.0836500218978354,0.08529673910074957,0.07801236134308005,0.1003389307748439,0.08252379774236829,0.08737096557860859,0.07350003894232483
fa3,smol17,7,12,random,-0.0314585216164582,-0.05184820922034536,-0.04736213859757214,0.13880551305813907,0.08695730383779371,0.11738028694550018,0.09392650592238981,0.13438140172010107,0.08701926312252893,0.11556088123825137,0.08550638010400345
fa3,smol17,8,5,random,-0.014500816582682078,-0.019154625536461675,-0.023860193908512906,0.08345536892341077,0.06430074338694909,0.07998328504005052,0.062392885832168204,0.08693596031463467,0.06307576640612177,0.08064546600339918,0.059252708799720784
fa3,smol17,8,9,top,0.008836636902573162,0.010748574126389965,0.005608342691186666,0.038596282094236246,0.04934485622062621,0.04574246981334278,0.052914933536236636,0.043886066851160734,0.0494944095423474,0.047927381549321524,0.04744856682578747
fa3,smol17,8,21,random,-0.015682893030540643,-0.03302501210061363,-0.02842740741443775,0.09509623396385337,0.062071221863239746,0.09355707055332473,0.06646914742368393,0.08912612942847514,0.06069872201403739,0.10914848278466616,0.06232868090243495
fa3,smol17,9,4,random,-0.024756421048108965,-0.027797344132942277,-0.024506145837675603,0.08977465047834798,0.06197730634540571,0.09190291894676393,0.07352416648210978,0.09248263296158403,0.06797648712390843,0.0951010503866685,0.07780313194205246
fa3,smol17,10,23,random,-0.029996413435899164,-0.0389068275855321,-0.04308264175461077,0.10544844840447203,0.06654162081893993,0.1286211379126001,0.07075393024527236,0.10581242493796823,0.06272978318335747,0.14233298792189003,0.07904730303122535
fa3,smol17,11,18,top+random,0.007802914827555023,0.005467645680227791,0.002506501112062888,0.051956132485657884,0.057423778165885675,0.06185562644671195,0.06450816426374567,0.051583717657251275,0.05409021876931416,0.060554661376242845,0.05079288062454049
fa3,smol17,11,20,random,-0.03271861353576955,-0.041283023541094664,-0.052003250409205795,0.1034725702410706,0.06218954669997593,0.10274367188842964,0.06463077616407752,0.11333003524913655,0.06132678483993076,0.10752679539526157,0.06473726037582915
fa3,smol17,11,26,top,0.006448574760921537,0.005593944693319863,0.0018910095360795964,0.05090069985003833,0.056494644543358195,0.0576718443968415,0.06573572860001892,0.05155669490576078,0.053447704441840375,0.05668684692108277,0.05593593673484831
fa3,smol17,12,0,top,0.004737316272987906,0.0038540193317617363,0.0035243497134626114,0.03783387705455232,0.04168789638631406,0.036014507761797085,0.03730979050146388,0.03824625553957953,0.04177060525304214,0.036762949893223484,0.036520617141329266
fa3,smol17,12,3,random,-0.08335721486310327,-0.10104117943267929,-0.1044795710957666,0.16016126941508096,0.05912008998240167,0.13745777246291097,0.06334861597350146,0.16713949110349288,0.06265992000772629,0.15026437872932744,0.06353974421170497
fa3,smol17,12,15,random,-0.016954621639225988,-0.025118293621792485,-0.02461694117089045,0.06992527811837455,0.04480698449658207,0.05670349091562119,0.044329486627046694,0.07032179628079162,0.04570485510990117,0.05831635353014902,0.047300811015830946
fa3,smol17,12,20,random,-0.02748327362448767,-0.0537379298467741,-0.0391128460607279,0.1142665919069034,0.0605286620601293,0.11176504109338904,0.06219633730068159,0.1010731080153977,0.061960261954669804,0.10248027284821865,0.06392125608380289
fa3,smol17,15,13,random,-0.049006305450403714,-0.07153671938835765,-0.07796496121606376,0.11777677814473714,0.04624005875637949,0.0943272496973226,0.050069999518017966,0.12382535886219063,0.04586039764612687,0.12089010774544277,0.04718186972468982
fa3,smol17,16,17,random,-0.014844255311248717,-0.027709774056666976,-0.02865876425654227,0.08956322271898241,0.06185344866231544,0.09062205271922286,0.060262058415446025,0.08950828010101342,0.060849515844471146,0.0879863780585996,0.05997188867388292
fa3,smol17,17,9,random,-0.030569252585672568,-0.05607524226602098,-0.05300478821203693,0.14742233106269728,0.0913470887966763,0.16439965794154923,0.09253048494355098,0.14000224380783075,0.08699745559579382,0.15993017652523192,0.08865344112346911
fa3,smol17,17,10,random,-0.038408891793797195,-0.03462414826890313,-0.035372459908482104,0.10733331662678412,0.072709168357881,0.10437734564989298,0.07730969217293891,0.10924607180906244,0.07387361190058034,0.10480171465916048,0.07029395386626897
fa3,smol17,18,22,random,-0.06786703630343713,-0.060269680723077514,-0.07373525240498202,0.1220667926477733,0.06179711192469579,0.10479572246499358,0.059913687684423345,0.13326965331065077,0.05953440090566875,0.10906747042004777,0.060300379540243976
fa3,smol17,19,1,random,-0.058181051972269825,-0.05263541001187092,-0.049792019266800144,0.10265683783053459,0.050021427818663665,0.0781647944581479,0.05117590762819488,0.10195919959363274,0.052167180326832596,0.08554106804857237,0.052506111903987025
fa3,smol17,19,9,random,-0.06433117303259488,-0.07630547244753569,-0.08438605352672048,0.13923061574367876,0.06292514329614307,0.11056092109614653,0.07256140250242439,0.1488559083590659,0.06446985483234542,0.12046373605777223,0.06423460739312557
fa3,smol17,19,14,random,-0.027651181663796324,-0.03587857792922071,-0.043602391737669055,0.1069252412965749,0.07104666336735418,0.09726769434126477,0.07316030417789111,0.11750144579250447,0.07389905405483542,0.09793131240274484,0.07703939626412078
fa3,smol17,19,18,random,-0.031100302271088138,-0.04823266981399878,-0.05015073553987669,0.09290010949667345,0.04466743968267467,0.10625681594728907,0.045771234471255993,0.09278662356253566,0.04263588802265897,0.10697219521297648,0.052631387633351456
fa3,smol17,21,15,random,-0.05803074991037055,-0.061421320477982905,-0.05898376841153376,0.12419339635449068,0.06277207587650778,0.08596956534545085,0.060720040014209976,0.12219746282327543,0.06321369441174167,0.0919041913376093,0.06057097272508257
fa3,smol17,21,16,random,-0.0022732858501173236,-0.006058433806536576,-0.009901607943967855,0.08337285346850425,0.07731441966196767,0.07679249454179837,0.07859231071813795,0.08702947369024479,0.07712786574627693,0.07825996022123682,0.08885765008291074
fa3,smol17,21,21,random,-0.0169227977940805,-0.020356855056340162,-0.024255592916478483,0.09085252531281558,0.07049567025647542,0.0890176776893139,0.0714320052377849,0.09305471394694602,0.06879912103046754,0.09154130489492944,0.07028098471736761
fa3,smol17,23,12,top,0.013581704730918841,-0.015524180633469303,-0.03207701273476131,0.08701863165748193,0.07149445102401263,0.08524501087896791,0.0688711255708695,0.09947089563904277,0.06739388290428146,0.08769213567914737,0.06262289709159949
fa3,tiny11,0,3,random,0.000500485763581093,0.025138505820690046,0.01405848631078637,0.023508470832393883,0.04864697665308393,0.017965322707376285,0.03887671661785728,0.028132330693981925,0.042190817004768295,0.024524011829759468,0.045083077300880126
fa3,tiny11,0,5,random,8.804306302447335e-05,0.0031933997362937295,0.0015081140733889439,0.005939365912984375,0.009132765649278105,0.005867024288689061,0.009063746745636633,0.010143759408646862,0.011651873482035805,0.010109482268151957,0.011721956947623324
fa3,tiny11,0,8,top,0.0011321626197935938,0.005326269852780719,0.006419626133365795,0.019042059523041385,0.024368329375822104,0.018435723296357884,0.025141858087586653,0.019305215801664593,0.025724841935030388,0.018423842337197367,0.024317824775324477
fa3,tiny11,0,9,top,0.0005441020005923574,0.0038102830872293186,0.004174811965523051,0.01743462405239991,0.02124490713962923,0.017570156022669463,0.02143291289135291,0.016431684551422826,0.020606496516945877,0.01647571162009583,0.020733649352046028
fa3,tiny11,0,11,random,0.0004192222442319922,0.0036594022670052087,0.0027722660299714687,0.01916533263040748,0.02282473489741269,0.019348734204628685,0.02293046027982298,0.01951071240881476,0.022282978438786228,0.018784124976377756,0.022147969315560612
fa3,tiny11,0,12,top,0.0008129274052758338,0.006183411184210206,0.008448999555706029,0.020692049191679524,0.02687546037588973,0.02174659129075901,0.02784977638771871,0.020265787833980347,0.028714787389686375,0.019901742196831527,0.027688487217652425
fa3,tiny11,0,28,random,0.00046250170176842634,0.004356458429414928,0.004257918829931217,0.022171291358593456,0.026527749788008384,0.0220211293343642,0.02636873957958323,0.024108333862308706,0.028366252692239923,0.023995563204063108,0.028347676948610942
fa3,tiny11,1,1,top,0.0011819519726401506,0.002873441411999293,-0.0007960086756917742,0.0419874741241954,0.044860915536194694,0.037977226316870644,0.03812444718153406,0.04234544303097687,0.041549434355285096,0.03947738688042829,0.039910754873402975
fa3,tiny11,1,3,top,0.0008817553780918636,0.003750790380349825,0.006304697014170357,0.06309663646138018,0.06684742684173,0.05513744501238971,0.05893084359828373,0.061909885483613536,0.0682145824977839,0.05412740639976593,0.061925460075470506
fa3,tiny11,1,4,top,0.0014220550957472565,-1.630984516762246e-06,0.002071701053890311,0.02583082256426493,0.025829191579748167,0.024082683995027027,0.02486387679769056,0.023529608585003883,0.025601309638894194,0.02353541582618371,0.024317464403011742
fa3,tiny11,1,5,top,0.005381467284316102,0.010743906322588564,0.009524640392271279,0.04821914046408749,0.058963046786676056,0.04187443125285156,0.05494988515774365,0.04913530093072357,0.058659941322994846,0.04212980618584186,0.05536928268530721
fa3,tiny11,1,6,top,0.0025662181444735532,0.005573720933457739,0.008163622142623277,0.05865312068085244,0.06422684161431018,0.051611995492064806,0.05973038960699397,0.055807325235643,0.06397094737826628,0.05395893987960643,0.06173157819561222
fa3,tiny11,1,7,top,0.000989382109902022,0.0012135768463438779,0.0015236426984695794,0.04096995026676853,0.04218352711311241,0.0384102962116189,0.04046443326367321,0.04231025174284614,0.04383389444131572,0.03732170752498854,0.040552927393162054
fa3,tiny11,1,8,top,0.0008969536141793128,0.0011088751063643362,0.0014961907180087441,0.060273579843705107,0.06138245495006944,0.05112630289113517,0.055848753582411835,0.06064236981946954,0.062138560537478287,0.05295769737706041,0.057328049791841196
fa3,tiny11,1,9,top,0.003068424683822247,0.009887385991012111,0.01095062983427364,0.057538977138524426,0.06742636312953654,0.051526092763711985,0.05554346060470624,0.05720136452704355,0.06815199436131719,0.05148837222139372,0.0561917356161736
fa3,tiny11,1,14,top,0.0024190848321519556,0.0019848380928517567,0.0009834545464432326,0.06312521055173105,0.06511004864458281,0.0528870714002759,0.05887696117764643,0.0648582267859574,0.06584168133240063,0.0528276255205507,0.058989958924863785
fa3,tiny11,1,15,top+random,0.0005504985797409901,-0.0011630923206872798,0.0002469391757980721,0.03928785307890703,0.03812476075821975,0.03924520334675316,0.0373491687239935,0.039878875615407976,0.04012581479120605,0.038495535375825916,0.036731015163592944
fa3,tiny11,1,16,top,0.003031812563214982,-0.0032192362351881956,-0.0012406233895268862,0.03886980127925835,0.03565056504407015,0.035364195721250796,0.03668717625464123,0.043517919984700865,0.04227729659517398,0.03731121552587055,0.0398450664280498
fa3,tiny11,1,18,top,0.0046732273872115765,-0.0006496137941590652,0.006820672115141285,0.03730429924951182,0.036654685455352755,0.03316538810441683,0.03305167996208829,0.0339802547934202,0.040800926908561484,0.032870322069950046,0.034469544349814786
fa3,tiny11,1,21,top,0.0018529868553391234,-0.002224643224308258,0.00034411369638603917,0.03664161067364632,0.03441696744933806,0.03246677785050836,0.033866536679560404,0.036098430858536736,0.036442544554922775,0.03562450087782331,0.03352766018144759
fa3,tiny11,1,22,top,0.003914914961353253,-0.0001228411357425685,-0.00031482594859678914,0.04779514739773092,0.04767230626198835,0.04209711296548274,0.04731184373622573,0.04921003518722727,0.04889520923863048,0.04244200473136717,0.04584588653565557
fa3,tiny11,1,23,top,0.0026955906221021882,-0.0008578415070646453,0.00289724576576781,0.036820889856081535,0.03596304834901689,0.03457676635771729,0.03809504656524734,0.035665703830928215,0.038562949596696025,0.03624429946339733,0.03454494595958212
fa3,tiny11,1,24,top,0.006387691748627591,0.0014469244243716858,0.0006100103017575298,0.035460307601358564,0.03690723202573025,0.02932903157047514,0.03382564288167961,0.03652710401996504,0.03713711432172257,0.02944118131072389,0.0338579196390637
fa3,tiny11,1,26,top,0.0028151049671316986,0.0031577068754883725,0.0012544611533496439,0.038584348688439775,0.04174205556392815,0.03443110615441042,0.04067223235890516,0.040373445927744944,0.04162790708109459,0.03567289979064544,0.0389284261598315
fa3,tiny11,1,28,top,0.0016989188641823017,0.0007701540278773206,-3.4504544765549816e-05,0.03381172314281925,0.03458187717069657,0.030335719012858992,0.03339287719158995,0.035016790065809565,0.034982285521044015,0.030805070127733838,0.033876624881846173
fa3,tiny11,1,29,top,0.0016322740908612475,-0.0014773775256969254,-0.00104602525323777,0.06031667690880534,0.05883929938310842,0.04929616012823155,0.05381362307057943,0.061435548208571146,0.060389522955333376,0.0511702642896543,0.056915701006005716
fa3,tiny11,1,31,top,0.01393072264935761,0.01220057688495298,0.009244986381250445,0.030541544855512155,0.042742121740465135,0.02648222023069291,0.037525364503291914,0.032021420936979884,0.04126640731823033,0.026573955491407508,0.03804516198108812
fa3,tiny11,2,16,top,0.0012447806417529756,0.0035209232381752872,0.0009540361703992972,0.05888327529652513,0.06240419853470042,0.0518947170013549,0.05601902772362999,0.06044848986504057,0.061402526035439865,0.05224789496864566,0.05599414091197313
fa3,tiny11,2,17,top,0.0029837333648562218,0.0023255064476661452,0.0008484829519845721,0.051275211996247995,0.05360071844391414,0.04665490072779698,0.052718638881902195,0.05289529384082901,0.05374377679281358,0.04859157757580595,0.05086714418468227
fa3,tiny11,2,18,top,0.005221836763967967,-0.0034137394760255513,-0.0029735052032726222,0.02722035711013741,0.02380661763411186,0.028189470564753533,0.023758207302489495,0.02813318518394387,0.025159679980671246,0.027342326311839832,0.024470321400422424
fa3,tiny11,2,25,top,0.0016463745203993258,0.003551059693074919,0.0017959225925740854,0.04285468476579488,0.0464057444588698,0.03927495745436009,0.042968672450526595,0.04264838826476336,0.044444310857337445,0.03872479306507336,0.04371648992713425
fa3,tiny11,2,26,top,0.003064179467991946,0.004499648529727722,0.00539719283217973,0.05964603166083179,0.06414568019055951,0.053639318794187714,0.06049179579829329,0.06064360608443899,0.06604079891661872,0.05340648573494331,0.06105418551449468
fa3,tiny11,2,28,top,0.0017097162418977564,0.005192570991056626,0.007095724001922772,0.04659974468486914,0.051792315675925765,0.04193323685304079,0.046942810006610575,0.045227519363052526,0.0523232433649753,0.04068687225580902,0.04996696418302055
fa3,tiny11,2,29,top,0.0023246245277636726,0.01090247360611192,0.007188253937601988,0.05291067941151714,0.06381315301762906,0.04912884152626837,0.05882917738550006,0.05535923633483744,0.06254749027243943,0.04715840037648893,0.061543219549821275
fa3,tiny11,2,30,top,0.0005397701455771923,0.0019136463512323607,7.512399581122847e-05,0.03883455224478696,0.040748198596019324,0.03591295384257364,0.04031653234926431,0.039773149141179374,0.0398482731369906,0.035499371625468505,0.03928062923265777
fa3,tiny11,2,31,top,0.0018964463742500402,0.0031628077578185476,0.0034794350634078652,0.04427078345028116,0.04743359120809971,0.038294437918604284,0.045767796810770596,0.04450438430737802,0.047983819370785885,0.03780844379199722,0.047096036802554024
fa3,tiny11,4,13,random,-0.07303928362979763,-0.05478901163038642,-0.06469927034450908,0.13476396382844721,0.07997495219806079,0.11426236912422183,0.0792392642735613,0.1387352486305702,0.07403597828606114,0.12642023013430778,0.08072311759369848
fa3,tiny11,5,0,random,-0.0766507061900175,-0.0588655720894426,-0.06514248179861483,0.11917235652249791,0.060306784433055316,0.12147610052246988,0.06272702894190334,0.128814277841802,0.06367179604318716,0.12652041109719406,0.06959733782137616
fa3,tiny11,5,12,random,-0.05789251451772778,-0.05958377087533011,-0.0726407088272001,0.1326552196164298,0.07307144874109968,0.10839832748864543,0.07894740543386312,0.14503436854868698,0.07239365972148688,0.12262234682495399,0.07671325148104678
fa3,tiny11,6,6,random,-0.04085282300233168,-0.027515482257300883,-0.027476361008828637,0.09682078368610857,0.06930530142880768,0.10533820781040666,0.07215994197949303,0.0930139629665767,0.06553760195774806,0.10287299302292548,0.063242094908259
fa3,tiny11,6,19,random,-0.09905513602635896,-0.07350552944930491,-0.08074465423330594,0.18519047063660307,0.11168494118729816,0.1672192179082298,0.11707986856457807,0.19139470280866824,0.1106500485753623,0.17588110094091222,0.11122813900970026
fa3,tiny11,8,5,random,-0.09605690733779276,-0.10295354254270335,-0.11046167062895813,0.18191306586985947,0.07895952332715613,0.15109834774227168,0.0833888438279743,0.18870464265249734,0.0782429720235392,0.15687445341629003,0.0816376059565525
fa3,tiny11,11,27,random,-0.07194837905561291,-0.06021488493151232,-0.06387601643953296,0.1287284533719569,0.06851356844044458,0.1169338264987637,0.07179163778481767,0.1335348246962393,0.06965880825670635,0.1192478488526662,0.06718043922913454
fa3,tiny11,12,17,random,-0.05942423785667953,-0.061527761586342725,-0.07096238870955365,0.11935752816155283,0.057829766575210106,0.10066525636512773,0.060297350687446495,0.12617784923181796,0.0552154605222643,0.10445493483016481,0.057167906362011765
fa3,tiny11,13,3,random,-0.08534578338353667,-0.07036902963742166,-0.07652132528733017,0.15507707508056204,0.08470804544314038,0.13237285199048587,0.0849830252937171,0.1626267004560604,0.08610537516873022,0.14359221269060962,0.08558999736314797
fa3,tiny11,13,23,random,-0.026765082235815793,-0.024281291424263322,-0.018554030451317524,0.059135151142719944,0.03485385971845662,0.05611107673054835,0.03558532345350235,0.05429443795045344,0.035740407499135915,0.05682529879326923,0.03790692510422342
fa3,tiny11,14,3,random,-0.05273916792167068,-0.05275790355117875,-0.057189914012030794,0.099194615854705,0.04643671230352625,0.09571157258267708,0.0506524437983624,0.10357254571612169,0.0463826317040909,0.09750382151227384,0.047801117733410524
fa3,tiny11,14,9,random,-0.022180546723071126,-0.026535135543387968,-0.028800589405631093,0.07184091226160814,0.04530577671822018,0.07426316945137047,0.04427414515461523,0.0750117359270427,0.04621114652141161,0.07729852930105369,0.04664540989328026
fa3,tiny11,14,16,random,-0.054472479012450815,-0.042270632329689126,-0.043250742932055906,0.08504712126151716,0.04277648893182803,0.10105021755457733,0.04614328581745173,0.08496268554013402,0.04171194260807811,0.10098181088619412,0.04391916041643109
fa3,tiny11,16,3,random,-0.03121477297630781,-0.028370428081752296,-0.029495635451986316,0.07181197725838138,0.04344154917662909,0.0709851471285575,0.042662809366291965,0.0728520744722174,0.04335643902023109,0.07645281314426389,0.041473548784155295
fa3,tiny11,16,10,random,-0.02023387751272099,-0.020255442243479034,-0.019271327265496588,0.058776901890161076,0.03852145964668204,0.05240843970969875,0.038432078881594785,0.05956121254251293,0.040289885277016345,0.053498653149085036,0.04076222291808878
fa3,tiny11,16,17,random,-0.08935317863380765,-0.07265769512254493,-0.07754062777771985,0.16945847366970665,0.09680077854716172,0.17370043330028176,0.09697196959542738,0.17332838970509726,0.09578776192737741,0.17835672480665773,0.09843475683071577
fa3,tiny11,16,19,random,-0.03899846917906583,-0.03431514066835407,-0.03543005093856474,0.08948746662197422,0.055172325953620156,0.0995515115699172,0.056083430547662044,0.08972163296124207,0.05429158202267733,0.09740991776680104,0.056459726499806316
fa3,tiny11,17,8,random,-0.03262633627057369,-0.041099875799516974,-0.04248800844051163,0.09640345568487053,0.05530357988535356,0.08265145175185097,0.05530464523134656,0.09925814047823377,0.05677013203772214,0.08169170262842203,0.055399722387074045
fa3,tiny11,17,13,random,-0.03889314321796529,-0.0506948592063728,-0.053389961791352,0.12167010975542375,0.07097525054905095,0.1029011608519688,0.07165877838758865,0.12435747878613033,0.07096751699477834,0.10460343277275146,0.06982269176249774
fa3,tiny11,17,24,random,-0.11027484953295191,-0.0927541373302745,-0.10695969734084014,0.16932242256980526,0.07656828523953076,0.1464941117205784,0.0779734221061108,0.18369601442824057,0.07673631708740043,0.1751600132143577,0.07868147249349265
fa3,tiny11,17,31,random,-0.12145484087037202,-0.1016147103236308,-0.10197942118427906,0.17670488340511822,0.07509017308148742,0.15273767572120023,0.0770116836302711,0.17812702209613906,0.07614760091186,0.1737370271437789,0.07781327052140703
fa3,tiny11,18,4,random,-0.03672283619005015,-0.03045963725951336,-0.037706753149741465,0.08759815303621143,0.057138515776698075,0.08106592828129705,0.06228152881510913,0.09073078637035663,0.05302403322061516,0.08793950986746506,0.05665050990506099
fa3,tiny11,18,15,random,-0.07041128245711971,-0.07106399397693108,-0.08455896361309861,0.1374649277555854,0.0664009337786543,0.11751826557039742,0.0693412351092308,0.15287287463666657,0.06831391102356796,0.12955831549581764,0.06722792694511666
fa3,tiny11,18,25,random,-0.051474188678663324,-0.05417782112046141,-0.06090355990227875,0.11043593757270093,0.056258116452239514,0.10887457533005458,0.061588080322102556,0.11672424653025815,0.0558206866279794,0.1147564510754534,0.05780195081829143
fa3,tiny11,19,30,random,-0.059694743517522054,-0.06548759154815526,-0.07971435485818465,0.1243569330147815,0.058869341466626236,0.1154920689742729,0.06331330936416342,0.13775235779214726,0.058038002933962614,0.12633416039473347,0.06293961052388918
fa3,tiny11,20,12,random,-0.026739043996978212,-0.01995435358556879,-0.021195225361995605,0.07891174709608816,0.05895739351051937,0.07481169233132999,0.05330731081204837,0.08080941546244129,0.059614190100445684,0.07785438587036704,0.0627685394888504
fa3,tiny11,21,26,random,-0.03212202801619917,-0.019175540170965094,-0.016992496549853714,0.057932165793462186,0.03875662562249709,0.060923874657421696,0.03928124312304727,0.05740041398182579,0.04040791743197208,0.05618139702269397,0.03972873486052804
sage,olmo1,0,5,random,-0.08057394950113599,-0.058151345403126484,-0.0168078780505013,0.1170145377959924,0.058863192392865915,0.06593563461999989,0.0451884383799713,0.04721102280024323,0.030403144749741932,0.031515705644829466,0.02871389803044047
sage,olmo1,0,11,random,-0.01673220895855763,-0.007654780079751511,-0.006452569932401751,0.0484666488492723,0.04081186876952079,0.04288307739398814,0.03933283193167347,0.03456047192430805,0.028107901991906298,0.029948816193110444,0.027863238721481248
sage,olmo1,1,3,top,-0.0017620894048654713,-0.004014746526185654,-0.0004835753047098129,0.034962987490006404,0.03094824096382075,0.03469154993439192,0.031240286179298554,0.0217350179030352,0.021251442598325388,0.021876475257527006,0.021106532614232083
sage,olmo1,1,9,top,-0.003107513471153738,-0.006375435119223387,-0.0017788578939838783,0.023497154144516957,0.01712171902529357,0.0229341939378755,0.01653002172824533,0.014572025207969052,0.012793167313985174,0.014303080736827447,0.012606123261741778
sage,olmo1,1,12,random,-0.0277968312940864,-0.01953069620243214,-0.00239110854264803,0.05770199745271156,0.03817130125027942,0.04357524206253175,0.03690194467816765,0.02953724347436564,0.027146134931717608,0.02887352663386947,0.026930695923662647
sage,olmo1,1,13,random,-0.007774023790172197,-0.008127924199851136,-0.0010534036521836522,0.022973668342714238,0.014845744142863103,0.018184400910923857,0.014098464550934275,0.012326261903176419,0.011272858250992767,0.012309182420176966,0.011195775800329447
sage,olmo1,2,1,top,-0.006245900172754553,-0.006660560026472362,-0.005487443847244793,0.050538078739978065,0.0438775187135057,0.047141020409617936,0.04080898821505802,0.0338787936419801,0.028391349794735305,0.029835785891916308,0.02805921014046617
sage,olmo1,2,9,random,-0.06505388440423387,-0.06744900912909481,-0.016711675474035487,0.11685241890879515,0.04940340977970034,0.0737011803928927,0.04430004195341684,0.045200278989917464,0.028488603515881977,0.037369748245617625,0.028400333406020578
sage,olmo1,2,12,top,-0.004130349095969643,-0.0019748743378035505,-0.0022007728374764373,0.019037452941302647,0.017062578603499096,0.017471750525173007,0.015437688201428781,0.013681403503898194,0.011480630666421757,0.012885984057655576,0.01130466825766604
sage,olmo1,3,0,random,-0.010706789226987182,-0.011518645903387387,-0.003218669953248904,0.053147130916636816,0.04162848501324943,0.04604757521421594,0.040251529671433285,0.030889100434905142,0.02767043048165624,0.030369679985034075,0.02742422698822301
sage,olmo1,3,1,random,-0.0519771523537006,-0.04528903181331826,-0.01860295062884379,0.10332954662488597,0.05804051481156771,0.07271941975589782,0.04990987943590569,0.05004940859762647,0.03144645796878268,0.04111128888942544,0.029672880701136745
sage,olmo1,3,4,random,-0.02155421532478857,-0.016344674506982754,-0.004195536438832437,0.0399883325504953,0.023643658043512542,0.034286635537570664,0.025121813043494184,0.016467811671721736,0.012272275232889299,0.015505438893927949,0.012416366742773
sage,olmo1,3,8,random,-0.028701507451707246,-0.02870372365030957,-0.0119528194536405,0.06520845456161448,0.036504730911304906,0.046861260051697634,0.03215599841740609,0.033296825674035184,0.021344006220394684,0.026616159635796735,0.02082887875156531
sage,olmo1,3,9,top+random,-0.005947784652988761,-0.013621351123786103,-0.0027609837360945515,0.04500042465865326,0.03137907353486716,0.040698298811138935,0.03073576419305452,0.02315815358854763,0.02039716985245308,0.021656401169386313,0.020318823908108182
sage,olmo1,4,1,top,-0.00225793182840996,-0.0038717346919090456,-0.0003238934891622372,0.04705975849183446,0.04318802379992542,0.046875031528628396,0.0427719784971096,0.025921924531944276,0.02559803104278204,0.025697685033212587,0.025590675001484403
sage,olmo1,4,3,random,-0.024737656792451695,-0.02147695992513956,-0.009099937651514619,0.07411882076464178,0.05264186083950222,0.05915999280825842,0.04855295257275272,0.03835792983884443,0.02925799218732981,0.03724269037831069,0.02905588517893115
sage,olmo1,4,6,top,-0.005305270917182389,-0.006952306724520321,-0.001699557111543062,0.030423734102940247,0.023471427378419927,0.03412427911599017,0.023321122511440317,0.013232017299998254,0.011532460188455192,0.015215692582565561,0.011930742109629085
sage,olmo1,4,9,random,-0.028980018464173442,-0.017146457414517945,-0.020663183396894998,0.06864586632174442,0.05149940890722648,0.0626235925980499,0.04369480248818649,0.047719257649905526,0.02705607425301053,0.03477219276204727,0.026669569470930316
sage,olmo1,4,10,random,-0.011040100905084718,-0.012697393130790498,-0.0019045984127144464,0.05486285595299307,0.04216546282220257,0.04724397212164134,0.040526094419069854,0.028659054260353572,0.026754455847639125,0.02882102477183175,0.026161968325411056
sage,olmo1,4,14,top,-0.0013418984110848999,-0.005460369844574216,-0.0017300085409251952,0.03738548806163852,0.031925118217064306,0.035099530377275374,0.031676789684826276,0.021367287792216347,0.01963727925129115,0.021980642454391325,0.01967393992124153
sage,olmo1,5,0,top,-0.003915126380092289,-0.004624608305783717,-0.002028856043053761,0.029196987235700658,0.02457237892991694,0.027054142375466703,0.026535942090009843,0.01900447542034143,0.01697561937728767,0.020245682874645038,0.017067227898859103
sage,olmo1,5,7,random,-0.015213096786633145,-0.015241465544485307,-0.004844935257971351,0.06607219749834521,0.050830731953859905,0.06947066510087191,0.051184176242786227,0.034560704868345865,0.029715769610374514,0.03371617905810059,0.029588222461093387
sage,olmo1,5,10,random,-0.06616191713321422,-0.0609216073432899,-0.01228211294076911,0.11483584980664092,0.053914242463351025,0.08194646713870145,0.04749568393754458,0.04325364401440602,0.03097153107363691,0.039617270476344474,0.030547680671714622
sage,olmo1,5,11,top,-0.006470957835034625,-0.006615625540463351,-0.005012754281896882,0.030208066565934246,0.023592441025470895,0.02720148943635205,0.023617927255545342,0.02068506455332023,0.015672310271423347,0.01957727238588521,0.01562901453476935
sage,olmo1,6,6,top,-0.0014135724852501624,-0.007147477339186123,-0.004737892235466033,0.049514684893711934,0.04236720755452581,0.04771941323600662,0.04293702511275125,0.02855871188616113,0.0238208196506951,0.02906131160985075,0.023890276408142622
sage,olmo1,6,9,top,-0.003722770414957317,-0.012222446191298347,-0.0018416573612679739,0.03493759896333667,0.02271515277203832,0.030125090543858712,0.023843135224794604,0.019270294720210832,0.01742863735894286,0.01907747819555533,0.01732798909983325
sage,olmo1,6,12,top,-0.005380044157656433,-0.008054196885593931,-0.004295847211878336,0.04267775959727712,0.03462356271168319,0.0367468232756839,0.03438195864064957,0.025293702130727843,0.020997854918849507,0.02979452004278954,0.020836530047599094
sage,olmo1,6,15,top+random,0.0002683594897128748,-0.005178161585979883,-0.003113500467707475,0.051896353732076315,0.04671819214609643,0.04833418575166217,0.04471936032576732,0.028901177182043495,0.02578767671433602,0.02957622507608367,0.02589947984479128
sage,olmo1,7,6,top,-0.002204177464795631,-0.0032523468949478135,-0.002043929502075858,0.020373728678373768,0.017121381783425954,0.022089547157020255,0.017454026375432172,0.010770088348236381,0.008726158846160523,0.011256909569737683,0.008808858892015744
sage,olmo1,7,14,random,-0.016316983343453762,-0.020361856619900767,-0.004338250804896977,0.059147443547253716,0.03878558692735295,0.04771098755772854,0.03931440472138386,0.028181800909273625,0.023843550104376648,0.027283356884315223,0.02366317123150333
sage,olmo1,8,3,top+random,-0.005490018542971264,-0.021348584801768933,-0.001424670451818811,0.06073108972453381,0.03938250492276488,0.05473832309875903,0.03846844803918056,0.028510227335668853,0.027085556883850042,0.029892672354057185,0.02752845110176302
sage,olmo1,8,5,random,-0.01804576147666014,-0.012209695526404243,-0.0026560212865628097,0.04235868484554916,0.030148989319144916,0.03481698689270884,0.028684326213848015,0.021172665777460853,0.018516644490898043,0.021215901653794833,0.01842321726154061
sage,olmo1,8,8,top,-0.005148796971473929,-0.006985324895368773,-0.0010923687494895779,0.038458694078712725,0.03147336918334395,0.033751904182178195,0.0292143530604662,0.0207994584255887,0.01970708967609912,0.020828404210038006,0.019692427807569798
sage,olmo1,8,11,top,-0.00512024791673744,-0.014669958432895317,-0.002536099243211975,0.040834785507484046,0.02616482707458873,0.03484912312879792,0.026090482863742572,0.02028970984891559,0.017753610605703615,0.019201875946811737,0.017993069980556633
sage,olmo1,8,12,top,-0.004749796095498498,-0.0034414407641307557,-0.00233304934911446,0.0426364350101112,0.03919499424598044,0.04004259547966319,0.03438299548452334,0.02544992525705024,0.02311687590793578,0.025356027166815478,0.02278172204029479
sage,olmo1,8,13,top,-0.0028461965152742318,-0.01644540901398571,-0.0025787799967589876,0.05789015757329145,0.04144474855930574,0.05528162897384409,0.042774587580618,0.028625649890796745,0.026046869894037757,0.027975470349181904,0.025934886893648413
sage,olmo1,9,4,top,-0.0029029887499911096,-0.009023721153320667,-0.001294025282348104,0.04699548158988531,0.037971760436564646,0.04266166826147839,0.035302151205894326,0.022259530897588864,0.02096550561524076,0.022287490518886066,0.021356686562897496
sage,olmo1,9,6,random,-0.05067610951018552,-0.03695408412143124,-0.009918517078241297,0.08308340674165969,0.04612932262022845,0.06559648082969405,0.046187258173189,0.0376424600093939,0.0277239429311526,0.03643702746302945,0.028423776733992562
sage,olmo1,9,9,top,-0.005143216005897562,-0.008769260756147902,-0.0016728061932689935,0.040973326505699244,0.03220406574955134,0.038337529817952715,0.03119019898879821,0.02281084201772042,0.021138035824451427,0.022430744971030054,0.0215545735423338
sage,olmo1,9,11,top,-0.004781730703137811,-0.009770406112988829,-0.0037262067284039857,0.04244906163426252,0.03267865552127369,0.03706297047655573,0.031740022597103144,0.024156125921117943,0.020429919192713957,0.02355352604118772,0.020317329421787295
sage,olmo1,9,12,top,-0.0058867096353057355,-0.008066865572200824,-0.0018203268979820053,0.03483800250646423,0.026771136934263407,0.0360087541586691,0.024878466082533968,0.019311930850701563,0.017491603952719557,0.019711962081717233,0.017575792582213395
sage,olmo1,9,13,top,-0.004034251401799766,-0.011526310463371513,-0.0038626701504250113,0.048513425967788265,0.03698711550441675,0.04774417377016033,0.03594922046343984,0.027890538139395595,0.024027867988970584,0.0279892762527779,0.02413210144721001
sage,olmo1,10,2,top,-0.00415130269348155,-0.0065178906809769885,-0.0024168671693066517,0.040455213078345084,0.033937322397368096,0.036093769589885964,0.03249816280354681,0.02303564858277185,0.0206187814134652,0.0219565360957449,0.020238729654863775
sage,olmo1,10,4,random,-0.006853529788206493,-0.009623810343386378,-0.001294244016327023,0.04435755318001528,0.0347337428366289,0.03926929463024251,0.03322168962378667,0.02255114694707513,0.021256902930748108,0.02246918100323166,0.02100317200458843
sage,olmo1,10,8,random,-0.02233593186638522,-0.018318362080619863,-0.005505538316188205,0.05162358349734849,0.03330522141672863,0.04727298472183208,0.03313615223768764,0.016394217602750352,0.010888679286562147,0.016594542362193678,0.01095044272882858
sage,olmo1,10,11,random,-0.009761598752702206,-0.014526513772930513,-0.002242424313376481,0.04537122713795586,0.03084471336502535,0.03326784127735808,0.029945882884241434,0.021642971816425716,0.019400547503049235,0.02174190152581948,0.01918467917083853
sage,olmo1,11,0,random,-0.010367581266768374,-0.01735810897793454,-0.0014242988495213153,0.045049345273298014,0.027691236295363474,0.03861072800534697,0.02830110435076653,0.020136011970912842,0.018711713121391527,0.020088616149831484,0.01844682249635358
sage,olmo1,11,1,top,-0.006448688400484969,-0.02398009157410179,-0.0043699558257699125,0.0635929554576815,0.03961286388357971,0.05634606068486775,0.0512493243107931,0.028126975526036626,0.023757019700266713,0.027848994604460376,0.023290848889920588
sage,olmo1,11,5,top,-0.005921156134438165,-0.011337262693765178,-0.002232739030979654,0.050900644525070406,0.03956338183130523,0.05641202223733385,0.038236653677218686,0.027509876900073473,0.02527713786909382,0.028100109220617387,0.02525745408750395
sage,olmo1,11,7,random,-0.009023468981832697,-0.008378804395635937,-0.0017646657476954458,0.04452370146381515,0.036144897068179214,0.04541671740007405,0.034128307981334205,0.023301199578118294,0.02153653383042285,0.0234041911563309,0.02136934167329085
sage,olmo1,11,14,top,-0.004197820883601313,-0.00696151462685389,-0.002543009707649164,0.021914936871483076,0.014953422244629186,0.019794054806810003,0.017146210045230936,0.011005461027434356,0.008462451319785192,0.010783660363320994,0.00893448278991834
sage,olmo1,12,4,random,-0.007381695762546974,-0.00992623613392788,-0.001386816412570921,0.046035019912184005,0.036108783778256125,0.04857057822063383,0.03941831957292591,0.022372109762423414,0.020985293349852493,0.022214178384963434,0.02026652548376028
sage,olmo1,12,13,top,-0.00451231956785494,-0.007714639761593603,-0.0018800122943393796,0.04504369185823238,0.037329052096638775,0.04591837175784797,0.03750915054172713,0.02483796498291037,0.022957952688570992,0.025215464727503772,0.022643807123635257
sage,olmo1,12,14,random,-0.016200118183080984,-0.02452470849707946,-0.002809518430249694,0.06498417925027698,0.04045947075319752,0.052020173342670506,0.03778056639595351,0.027776734199506492,0.024967215769256798,0.028209143316092356,0.023830246728124397
sage,olmo1,13,8,random,-0.017105803867213616,-0.019084763878421833,-0.004801520920367994,0.07027335167464362,0.051188587796221784,0.06155432585190924,0.05159375738347364,0.03715329530535306,0.032351774384985064,0.035229873668563734,0.030703379179278567
sage,olmo1,13,12,random,-0.011555021258390358,-0.020206045600401935,-0.004266533648610071,0.07142993446874397,0.05122388886834204,0.07035658287287005,0.050106315456121105,0.03284003277954178,0.028573499130931712,0.03403071430119867,0.029132116792567924
sage,olmo1,13,13,random,-0.01432860223004167,-0.038006356621809456,-0.0037621405750578943,0.08817016144369594,0.05016380482188648,0.08465006167479178,0.046949234971876426,0.03366781498123624,0.029905674406178348,0.03449236511929577,0.029848422420432858
sage,olmo1,14,7,random,-0.011919232434275983,-0.031207002745228647,-0.005425022378889994,0.06998665502306493,0.038779652277836286,0.05711590007173014,0.043337406513595335,0.030158493942399254,0.02473347156350926,0.031017341517564107,0.024508465238801697
sage,olmo1,14,8,random,-0.01625020278950026,-0.017097754962942954,-0.005341005125440796,0.0623824909269324,0.04528473596398944,0.09564003368665928,0.044650178111978266,0.032622402902517916,0.02728139777707712,0.03156888796772069,0.027003451156705747
sage,olmo1,15,3,top,-0.006220437036569723,-0.0049402237064882434,-0.004622675578448268,0.03919569833708507,0.034255474630596826,0.039146373103011556,0.035271435228978194,0.025829644453866426,0.021206968875418158,0.024659006201776582,0.020819291254377162
sage,olmo1,15,4,top,-0.005952481857381966,-0.02592645428722308,-0.002364505716532961,0.060823772605205405,0.034897318317982325,0.04477488928335144,0.03399924285466912,0.02185665084235543,0.01949214512582247,0.0239841183757762,0.01960272265017444
sage,qwen05,0,0,all,1.1945318319160376,0.5607707290852616,-0.07009581955970356,0.2185783954922531,0.7793491245775147,0.05552240952909617,0.37819658169009013,0.4986648034702665,0.4285689839105629,0.19811903600229389,0.19161852562464865
sage,qwen05,0,1,all,0.009751062923166505,0.3926611400832172,-0.10329806978452974,0.20066048838981454,0.5933216284730317,0.024695122409136894,0.0363522493553031,0.13757139768333052,0.034273327898800776,0.024151009124089896,0.024188780150286564
sage,qwen05,0,2,all,0.5431074251223686,0.4063025833557853,-0.14931468416574625,0.2450804933991891,0.6513830767549744,0.028781294715688636,0.19328825889949194,0.3706990979028997,0.22138441373715342,0.09677096582097709,0.07273668104398844
sage,qwen05,0,3,all,0.576868116274406,0.5702840198849681,-0.30905278408700665,0.25292286338442654,0.8232068832693947,0.02139821107389742,0.22757652992538957,0.5137445543404335,0.2046917702534269,0.1082035465538626,0.0840812576995406
sage,qwen05,0,4,all,0.6543822264999043,0.47086763090231365,-0.030253690985735826,0.1791720485853415,0.6500396794876552,0.14440223673760197,0.20712006011934672,0.2531582426761583,0.22290455169042245,0.09095142217532415,0.09663058242969286
sage,qwen05,0,5,all,0.5301891930809745,0.3700434952337497,-0.08588875948176017,0.21750682172700267,0.5875503169607523,0.16663096334844887,0.18604149025438324,0.2818030289050126,0.1959142694232524,0.08080306680147013,0.08665407194280379
sage,qwen05,0,6,all,0.818481287401377,0.5450762116077116,-0.03485839190789647,0.23394282150504764,0.7790190331127592,0.026614963724548413,0.25808133003221145,0.3133273925888045,0.278469000680908,0.13136637543220822,0.12651211194936335
sage,qwen05,0,7,all,0.45520751417575966,0.365031835987778,-0.02205469738100435,0.19833309008132885,0.5633649260691068,0.10468443902233004,0.24855933994237764,0.23961989486701993,0.21756519748601558,0.13602328155757978,0.0940511680761565
sage,qwen05,0,8,all,1.008508166784982,0.6265704172796465,-0.2311240824619425,0.6122656243317022,1.2388360416113486,0.05783083702239691,0.8994835612048707,0.870248644040641,0.6391245615786985,0.46307226076650093,0.29373995070247966
sage,qwen05,0,9,all,1.251034420080547,0.6546053708738087,0.05432800227702006,0.26471481353832776,0.9193201844121365,0.086018290688109,0.6703146024110657,0.5468550586840067,0.6011830609610268,0.4565363126030932,0.3036787345678941
sage,qwen05,0,10,all,0.7727329335374349,0.748213581680351,-0.14839185481011297,0.4390134758605784,1.1872270575409294,0.036723084834275055,0.7162182286918396,0.6683322497172957,0.5199403949071827,0.30682236360280163,0.19481156608223862
sage,qwen05,0,11,all,0.8960186198719745,0.5486213458825241,0.05813363796056159,0.24539553285889207,0.7940168787414161,0.05239855351156866,0.465440602390685,0.3703189837788689,0.4284526217394305,0.29494443881007393,0.18560422035337684
sage,qwen05,0,12,all,1.0850125845770564,0.6977079930500336,0.04696652909686938,0.3179024767300804,1.015610469780114,0.033506252395271385,0.6325609158330016,0.4815501438371803,0.5285166729340497,0.3317193863058237,0.26163616583971633
sage,qwen05,0,13,all,0.7643180317351653,0.4772550817460786,0.013492124119318605,0.2940891821554718,0.7713442639015504,0.058414071150524806,0.4922309917871541,0.4391518629184095,0.4526439870377281,0.3215459012071035,0.18710396374021196
sage,qwen05,1,0,all,0.008626101064753288,0.007567296806293686,-0.01404012155767874,0.07379164400804034,0.08135894081433402,0.06412220822896643,0.05854921481197153,0.04854195748141573,0.03450183592373699,0.03267613986281038,0.031621956322551804
sage,qwen05,1,1,all,0.011559406795988643,0.00668610606343769,-0.010604560755817803,0.0590482026061487,0.06573430866958639,0.0513001499082217,0.04678210622093304,0.037844659821568906,0.027240099065751103,0.02674560294966519,0.024794192041511565
sage,qwen05,1,2,all,0.012054675639630833,0.014924586736512702,-0.014168751975205472,0.06763446315326925,0.08255904988978195,0.05445079516796867,0.05682630133509901,0.047034031709502405,0.03286527973429693,0.0316564488439857,0.030261231541272037
sage,qwen05,1,3,all,0.0004030029416492789,-0.01107151827774494,-0.008789522525456391,0.05996970718026793,0.04889818890252299,0.043969713230228746,0.037869472380062254,0.03021236791225172,0.021422845386795328,0.021383324725910202,0.02006553079923609
sage,qwen05,1,4,all,0.01606422115272561,0.013896566225783391,-0.010602628065737585,0.05702905991066004,0.07092562613644343,0.048497009711414046,0.0508375827901161,0.04292256795100028,0.032319939885262695,0.03083110243273938,0.029696509207784508
sage,qwen05,1,5,all,0.007217706847321541,0.00756996822715094,-0.010807495149465572,0.04386171651008803,0.05143168473723897,0.03543719590971561,0.03910618876703294,0.032279027743373316,0.021471532593907744,0.0228256340070036,0.019756847119236462
sage,qwen05,1,6,all,0.013776568256872951,0.010115428094843656,-0.011138589233200297,0.06278733292927709,0.07290276102412074,0.05376936379736577,0.053206875767067154,0.043624726362867426,0.03248613712966713,0.030209732587255806,0.029678045640401662
sage,qwen05,1,7,all,-0.0547666417934016,-0.12501907397184236,-0.034153073195550776,0.27204037990568963,0.14702130593384727,0.012504487191460448,0.012597569255665464,0.05745062248010921,0.023297549284558437,0.007709309040831328,0.01166443336365576
sage,qwen05,1,8,all,0.17031117831364773,0.14056404625173324,-0.0782117137752307,0.09485775211306247,0.2354217983647957,0.03639608944765906,0.03208101023825525,0.1372675876908772,0.05905587391564651,0.019869264828997906,0.027517244711862742
sage,qwen05,1,9,all,0.12245758411436845,0.11525173019822711,-0.06885656236906046,0.11809319089921434,0.23334492109744145,0.03693140749236227,0.0319718278660804,0.12206988853421336,0.05321332616515289,0.024627273615806952,0.029042709208341972
sage,qwen05,1,10,all,0.018134941804860593,0.016608696276418478,-0.04639280749946271,0.1446632509086286,0.1612719471850471,0.020807981546095707,0.019354648077624992,0.08039139583207396,0.03399858833261125,0.012568163718735094,0.016537780067157153
sage,qwen05,1,11,all,0.023151097276725385,0.02103171526935818,-0.046880487516905635,0.14447129682815044,0.16550301209750862,0.017902613849905435,0.019407959567346277,0.08088377820022045,0.03400329068331482,0.012950955635901054,0.017409816446485846
sage,qwen05,1,12,all,-0.07357223784205526,-0.1716026956454161,-0.04422288362416105,0.3382785806364143,0.1666758849909982,0.01987290776634656,0.015104509618747916,0.07091599208515258,0.026693108460991526,0.009331379141402822,0.011733096251181482
sage,qwen05,1,13,all,-0.06718051267328379,-0.20459907671388164,-0.031815746118970714,0.35422583369725363,0.149626756983372,0.010852805307087487,0.012049289885238299,0.054908754542348504,0.02309300842337779,0.00713606715814977,0.010275902981998795
sage,qwen05,2,0,all,0.033507559540527095,0.03359380274282785,-0.024363342026748766,0.10805465347567071,0.14164845621849856,0.0531385804996368,0.05022220267464764,0.06554178988954763,0.04117844786279887,0.02975090905269849,0.030705310494428845
sage,qwen05,2,1,all,0.04606373195478733,0.04904944472671391,-0.04125819848543053,0.15812876078391455,0.20717820551062846,0.09502073214309605,0.07058895067827213,0.09354900153278045,0.05229080304734992,0.036142888910913974,0.03770954686913805
sage,qwen05,2,2,all,-0.011225291795389078,-0.02404546121880985,-0.031085520479601232,0.18764657448820796,0.1636011132693981,0.06687881683969307,0.05387205068882381,0.07225796680457137,0.04117244632497014,0.025625899692377992,0.027582926306158276
sage,qwen05,2,3,all,0.03429166426579794,0.03913370674238352,-0.026417065856282763,0.11777308235707444,0.15690678909945796,0.056539793521914065,0.05490854707084366,0.0691481908282741,0.04273112497199134,0.03005572729426345,0.031879076035312655
sage,qwen05,2,4,all,0.0032429088819320717,0.0118718518247036,-0.03411983846081759,0.1785199536763357,0.1903918055010393,0.06789434584298208,0.06401807959602589,0.08327151871873603,0.04915168025791844,0.030951648133374882,0.03420962097734464
sage,qwen05,2,5,all,-0.0566103411203309,-0.07212071770755221,-0.012182740706152762,0.14593203097337085,0.07381131326581863,0.04946173262104054,0.028541210414722473,0.0349149111775608,0.022732170471408037,0.019269613518423614,0.018956473386543337
sage,qwen05,2,6,all,0.043354446227116226,0.04895527645537143,-0.03410754126291474,0.12624522585371223,0.17520050230908366,0.06621867750769132,0.0605711222785848,0.08059148825062148,0.04648394698770675,0.031156956161655217,0.03300128618808338
sage,qwen05,2,7,all,0.004043757777169911,0.0009885575933783752,-0.024341432282285892,0.17331697684033864,0.17430553443371702,0.04888967174006839,0.045975208550848363,0.07453470201794868,0.050193269735662786,0.028339989031371454,0.030732176593493487
sage,qwen05,2,8,all,0.010753684513813977,0.011723842338509871,-0.021235352281748672,0.1614117749061801,0.17313561724468998,0.04692282188985462,0.045293688699546364,0.07432156151701623,0.05308620923526756,0.028759211087592107,0.030822273244208758
sage,qwen05,2,9,all,-0.04564340623659987,-0.025129651335453307,-0.022345977984294142,0.22407207359101725,0.19894242225556394,0.05393234211223241,0.047372725953217454,0.07720948682775601,0.05486350884346187,0.028391672887923672,0.03190829754415064
sage,qwen05,2,10,all,0.006730617655331487,0.015122749446070227,-0.03751041897246528,0.2563291409642903,0.27145189041036055,0.06534943424786054,0.06363262087718032,0.11105548036496145,0.07354506139249617,0.03204017919036771,0.03601563970519526
sage,qwen05,2,11,all,-0.05221555344979536,-0.03873223060803527,-0.035557095660758625,0.30078586312326755,0.2620536325152323,0.08023899338776656,0.0635496075853626,0.10802668505579878,0.07246958939504015,0.03150313984920686,0.03688816783454042
sage,qwen05,2,12,all,0.009608171981024724,0.002754852038561517,-0.03599191736797021,0.2614536087361529,0.26420846077471444,0.07750367988899244,0.06603551923352717,0.11331450396044516,0.07732258659247496,0.03251005144361343,0.03838162907265691
sage,qwen05,2,13,all,-0.07326599952859261,-0.0915928786934892,-0.022375793150247854,0.26882450337581765,0.17723162468232845,0.043529339846700876,0.03991895856447114,0.06759481762367645,0.04521902447342859,0.02221654873454196,0.02506119285905108
sage,qwen05,3,0,all,-0.11628293682350073,-0.12716454484895842,-0.014574317856811854,0.2086165131325022,0.08145196828354379,0.21785838904445395,0.10451383790995768,0.05664354969808222,0.042069231841270364,0.049095823097625134,0.03627996464800322
sage,qwen05,3,1,all,-0.054294750175079974,-0.054005279429440355,-0.005911687731268531,0.10680197887299538,0.05279669944355502,0.05504987569663272,0.05068684592270629,0.030684857227426712,0.02477316949615818,0.025052218336968222,0.022534526235271524
sage,qwen05,3,2,all,-0.07619096744067262,-0.06218868727004477,-0.00790165847058594,0.12612081757801996,0.06393213030797519,0.10596959156338111,0.07113334527411404,0.03799293596903997,0.03009127749845403,0.031393010505215424,0.025216375512141623
sage,qwen05,3,3,all,-0.049716032700892525,-0.046977152207659086,-0.0008939236921674532,0.07927951134373466,0.03230235913607558,0.09744924556886154,0.048077323251144666,0.020582093505693608,0.019688169813526155,0.018797660676285414,0.012798734634245017
sage,qwen05,3,4,all,-0.1591514833403603,-0.15719308008593896,-0.015634317772678707,0.2826135189038593,0.1254204388179203,0.30144082993046706,0.16304111159438095,0.0786715003995165,0.06303718262683779,0.06965855874555897,0.05514672495412948
sage,qwen05,3,5,all,-0.140045547831804,-0.17881399010099053,-0.028845469643053928,0.2765129750449039,0.09769898494391338,0.28576652122398494,0.126505309388525,0.07771760254456916,0.048872132901515236,0.06328266329164346,0.04263834660296894
sage,qwen05,3,6,all,-0.06046299483108707,-0.04181613577084794,-0.0058120459983628525,0.09692276360874257,0.05510662783789463,0.0618767181970078,0.0504706362726407,0.03052000613460143,0.024707960136238577,0.02481566464790601,0.021424513168542825
sage,qwen05,3,7,all,-0.058773135719348925,-0.0685009246647531,-0.02363782359636417,0.2303150349258448,0.1618141102610917,0.1437173859590082,0.08747712545363169,0.0757842130543117,0.05214638945794753,0.04354534016590187,0.04048208132864225
sage,qwen05,3,8,all,-0.05188745613039134,-0.06170935647378868,-0.014444511539034158,0.1566219943615811,0.09491263788779243,0.08341774495586655,0.055887560918923794,0.050680204877502556,0.0362356933384684,0.032329747491273826,0.03050375146693579
sage,qwen05,3,9,all,-0.10447362709002754,-0.19620679993089551,-0.02947208483169872,0.30808627364945235,0.11187947371855685,0.13977685325376288,0.06050577806952656,0.07201662993296148,0.042544545101262765,0.04257046317601004,0.035688352454336485
sage,qwen05,3,10,all,-0.04920353427490351,-0.08397341449473002,-0.013132575187999741,0.18237673886337738,0.09840332436864736,0.09264165961982805,0.054916681590183945,0.04992406837737639,0.03679149318937665,0.03468690068046782,0.03233106720083372
sage,qwen05,3,11,all,-0.0509097638239874,-0.057983158253170686,-0.013727641870795095,0.1688701950395689,0.11088703678639822,0.09200883146282497,0.05955186523914532,0.0536360523942318,0.0399084105234367,0.03464744707443346,0.03250474421352594
sage,qwen05,3,12,all,-0.05612317702315336,-0.057528657858816515,-0.018829937943644362,0.17035140261169768,0.11282274475288116,0.0837319465133871,0.05956905324390876,0.0581094332603015,0.039279495316657136,0.03386038209473564,0.03196135278020435
sage,qwen05,3,13,all,-0.05895192623010981,-0.0678512665851744,-0.017417063528391022,0.17235805438450655,0.10450678779933215,0.08587321454664619,0.059272980764207395,0.055552715780545846,0.038135652252154824,0.034049058728696624,0.03246135858594824
sage,qwen05,4,0,all,-0.01554376648404443,-0.033271081150908585,-0.039063150954892954,0.15540628461238543,0.12213520346147684,0.1304879296135915,0.11012340114571295,0.08394095774151833,0.044877806786625375,0.06814002834966747,0.04018548011084789
sage,qwen05,4,1,all,-0.0032926971159738853,-0.020429695681874555,-0.04108551105801438,0.13631717087035314,0.11588747518847858,0.11554339549665564,0.10356901944007435,0.08133164876643613,0.040246137708421746,0.06871875344251625,0.035856890789485875
sage,qwen05,4,2,all,-0.0062827623323446725,-0.019150539725266466,-0.019616749270479003,0.09307612239093666,0.07392558266567019,0.07789425076382069,0.06764670469165159,0.0530365715568751,0.033419822286396096,0.045596161820595234,0.031042706478564438
sage,qwen05,4,3,all,0.0022062819830362956,-0.014525270819240946,-0.041371278541219914,0.12824329747780822,0.11371802665856727,0.11562933900290064,0.10831829673320365,0.07757390775217177,0.03620262921095185,0.06929286634938096,0.032758066003823215
sage,qwen05,4,4,all,-0.006587958239873866,-0.010304735346996871,-0.033413065086856056,0.13025212036376096,0.1199473850167641,0.09440711824626731,0.09969921907842964,0.0749773800682101,0.041564314981354045,0.05867295719184971,0.035950380154671883
sage,qwen05,4,5,all,-0.008979753796184634,-0.022515186745242263,-0.0401115067560147,0.14175655330222273,0.11924136655698046,0.12345334249399287,0.1063040227791613,0.08282921227665495,0.04271770552064025,0.06608288518618888,0.038445587788768866
sage,qwen05,4,6,all,-0.009664058142470936,-0.03204067040648642,-0.04423927666753977,0.1650413144835386,0.13300064407705217,0.14148262763031855,0.12366402979503595,0.09131099212429472,0.04707171545675495,0.07382455549519762,0.040933643526550344
sage,qwen05,4,7,all,0.008880991353380016,-0.011599780746249642,-0.006626192341799168,0.06810445560169419,0.056504674855444546,0.09042202146867902,0.032958496343609346,0.028401423763278148,0.02177523142147898,0.02114530900985528,0.016953237312553302
sage,qwen05,4,8,all,-0.012901033153013405,-0.024006557742999778,-0.005824928743660878,0.06780932242724158,0.0438027646842418,0.050852441539892095,0.025687962900002834,0.02108671137800282,0.015261782634341943,0.01490369844424426,0.013229936256872452
sage,qwen05,4,9,all,0.007593240190721287,-0.011239344219956884,-0.009775932776611474,0.08115803499947302,0.06991869077951614,0.08871704112587396,0.03457862649678514,0.031281802957379444,0.02150587018076797,0.022921071671335457,0.017522825266680076
sage,qwen05,4,10,all,0.022745779656215093,0.01415172836807041,-0.019071328787169786,0.10065208555517437,0.11480381392324478,0.09444617957947975,0.06149489213652393,0.060177662393351046,0.04110633360618126,0.036245273904504376,0.029480644963075786
sage,qwen05,4,11,all,0.027809017452421023,0.021222955585362593,-0.015234945734390565,0.06934305114716374,0.09056600673252634,0.06540437156146166,0.04613442035269388,0.04454167934115413,0.029306733606763568,0.027355690826318294,0.022488192335458335
sage,qwen05,4,12,all,0.008535763889111717,0.004033852705245346,-0.004198223715680273,0.06235174904200006,0.0663856017472454,0.08186651751134744,0.03933873335391418,0.03489916716410416,0.03070094344842389,0.02903993115573444,0.02766758306873389
sage,qwen05,4,13,all,-0.0058592808357183475,-0.008520494341392473,-0.008890935175510244,0.058040933937140195,0.04952043959574772,0.04729791422036659,0.03159987907903706,0.029259700981379987,0.020368765805869743,0.019722771275223306,0.016900775993659606
sage,qwen05,5,0,all,-0.031982367322276425,-0.03238450576802534,-0.010217370739807712,0.09309344780073052,0.06070894203270518,0.07706171115084741,0.06078694065075935,0.039883251523873585,0.029665880784065873,0.03669306407846066,0.023821458558836512
sage,qwen05,5,1,all,-0.03265802571963982,-0.0346329770839124,-0.01106940250214028,0.12319686450446161,0.08856388742054921,0.08303417574410728,0.08002914864883774,0.050099359655970815,0.039029957153830536,0.0429493631882168,0.03321551449981993
sage,qwen05,5,2,all,-0.03356101493256282,-0.03348756976411045,-0.01081241737982333,0.09696691711837924,0.06347934735426879,0.08269530968378368,0.06440559941577853,0.04233943967644429,0.03152702229662096,0.04027184290602221,0.025292995232605295
sage,qwen05,5,3,all,-0.031304859487476765,-0.03008391515614641,-0.010892417065432963,0.0895868248005222,0.05950290964437579,0.0753041102083406,0.05995736755760772,0.03987251561151062,0.028980098546077655,0.036732992879762984,0.023477422055746794
sage,qwen05,5,4,all,-0.029831679285059018,-0.03423149079825463,-0.011043311536155898,0.10876033419832516,0.07452884340007053,0.07733266481958913,0.07196303823862192,0.047950765400005126,0.03690745386384923,0.04178429280373672,0.031624411830130435
sage,qwen05,5,5,all,-0.03226257283557849,-0.034476524761792984,-0.013863270570191495,0.11593456987108497,0.08145804510929198,0.0810421218534729,0.07652084038493721,0.05115598079912942,0.037292710228937924,0.044260220243846245,0.030894634141358485
sage,qwen05,5,6,all,-0.02732683722104223,-0.030320855731778742,-0.011630673775847422,0.09922865066817732,0.06890779493639858,0.07195331917727243,0.06710195546444118,0.04564783639118483,0.03401716261533741,0.039503914937933836,0.030125321593119408
sage,qwen05,5,7,all,-0.03924591722019291,-0.04201549687953398,-0.010915956536073194,0.08555711585620751,0.04354161897667353,0.08329396395479415,0.06094077714118806,0.03389340283840946,0.02297744630233627,0.03869293887549404,0.022924806596852514
sage,qwen05,5,8,all,-0.019019858644018683,-0.005484611609210162,-0.006869159607398936,0.0443401464485609,0.03885553483935074,0.036412078543859354,0.03762430656849922,0.024470145336915567,0.01760098572951663,0.02366622235388063,0.0161370490660129
sage,qwen05,5,9,all,-0.027953213536496536,-0.03068787296455292,-0.006058570130147389,0.0847291177423516,0.05404124477779868,0.06808466204670155,0.0627745522754632,0.03677959341331521,0.03072102328316782,0.03688289381345287,0.030638222973304513
sage,qwen05,5,10,all,-0.039875983692832,-0.04153172688897325,-0.017345006867056277,0.10420323560223986,0.06267150871326661,0.10996562729649283,0.09390872024810992,0.043187690506424646,0.02584268363936837,0.05612809593644475,0.028785767359166894
sage,qwen05,5,11,all,-0.045703653633312115,-0.045040549450949305,-0.013818327628122441,0.12544384481420953,0.08040329536326023,0.09480337007071428,0.0958475884085669,0.046573775735898854,0.03275544810777641,0.047406622241635166,0.03099078880529992
sage,qwen05,5,12,all,-0.04195508200710115,-0.03986177810679814,-0.01335498544735464,0.11781311373779484,0.0779513356309967,0.08490010678751103,0.08517220497562926,0.045987035458873025,0.032632050011518386,0.04504887815247762,0.03024786059575588
sage,qwen05,5,13,all,-0.014766332299148548,-0.007124215738334959,-0.004670156308113483,0.03543554225762136,0.028311326519286403,0.03098369274993946,0.03122341411682311,0.01888085180206285,0.014210695493949368,0.019022296639331197,0.013164134045943193
sage,qwen05,6,0,all,0.012160810400834327,-0.03363686508054746,-0.0021858339108394714,0.07934716005487526,0.0457102949743278,0.0783741958891947,0.03627658563942048,0.022770217640952484,0.020584383730113013,0.022608929585099673,0.018803746309068378
sage,qwen05,6,1,all,0.013112216396002878,-0.011950095969542149,-0.002834942824067467,0.08638734543967702,0.07443724947013487,0.07867298642493092,0.0629531994139317,0.034947317924384526,0.03211237510031706,0.03413728102506553,0.031420288844743134
sage,qwen05,6,2,all,0.010953695855385475,-0.025407755854287846,-0.002311154551495404,0.06951740313883893,0.044109647284551086,0.06682323374077302,0.03663384063176093,0.02482003433445476,0.022508879782959356,0.02472512124648051,0.022269896465393582
sage,qwen05,6,3,all,0.010637950831269486,-0.03583526141543667,-0.003944142248690004,0.07486138642566134,0.03902612501022467,0.07429462074557726,0.031656106471721124,0.02029056348826219,0.016346421239572185,0.020078313446749162,0.016062194745011357
sage,qwen05,6,4,all,0.008684322356885802,-0.012484165830226282,-0.0007209725766434139,0.08614236635390721,0.07365820052368093,0.08201303814892914,0.06559141734873357,0.03430552385880611,0.03358455128216269,0.03340502193521956,0.03263120311721078
sage,qwen05,6,5,all,0.009746009555887681,-0.02507085275975257,-0.0035925465688408965,0.0894079831725804,0.06433713041282783,0.0823889606112383,0.05387460788231532,0.03083690504604565,0.027244358477204755,0.030320556191672083,0.02609938967372995
sage,qwen05,6,6,all,0.012673661344144585,-0.024077599090920165,-0.0028186693677405214,0.10503616918190069,0.08095857009098052,0.09885675843712353,0.06936124525469384,0.03832176078453633,0.03550309141679581,0.037527656416083764,0.03464188033192803
sage,qwen05,6,7,all,-0.010642106248720454,-0.018460007714585225,-0.014587070147827216,0.11526576039785814,0.09680575268327292,0.1023181106303153,0.09128767175173126,0.05681316284719525,0.042226092699368035,0.048105794170420095,0.036510816288967345
sage,qwen05,6,8,all,-0.030002929002763093,-0.04336922991457568,-0.011055778433655166,0.10438102792861202,0.06101179801403634,0.09467780431441507,0.057620293260698514,0.038252028781347126,0.02719625034769196,0.030110142609228365,0.02396986101101568
sage,qwen05,6,9,all,-0.018139081585505364,-0.023119219451759404,-0.010345210988240594,0.10735226002937477,0.08423304057761537,0.08385112784132477,0.07887060007260001,0.049536231499139716,0.03919102051089912,0.04354934319393255,0.03586550067866073
sage,qwen05,6,10,all,-0.03541855432916559,-0.05582360264439626,-0.012944288170777016,0.14996522086008016,0.0941416182156839,0.1250533991026975,0.08616834855393395,0.052237545955481475,0.03929325778470446,0.04183814049781414,0.035327549747496405
sage,qwen05,6,11,all,-0.00778534937646153,-0.031742527411328436,-0.02364935022084946,0.10998092114539172,0.07823839373406329,0.1088327710932057,0.07948952920367842,0.05474550293280065,0.03109615271195119,0.0496421727781576,0.030265301035292912
sage,qwen05,6,12,all,-0.03435801961672561,-0.06031342094335555,-0.01178421226462651,0.1657815265249298,0.10546810558157425,0.13821238440291425,0.09899316086311678,0.05677207541765534,0.04498786315302883,0.04761552859531402,0.04004006931347635
sage,qwen05,6,13,all,-0.029577245459215407,-0.032140065742742786,-0.006543960192621066,0.07981160257130691,0.04767153682856413,0.06277174069826437,0.04414997469206225,0.0275474264025406,0.021003466209919535,0.022513130155945586,0.018330909507770225
sage,qwen05,7,0,all,-0.027064662393871185,-0.03820948009983395,-0.015050946966100646,0.1291551097459993,0.09094562964616536,0.09955108642099542,0.08365440455540163,0.05448082585024613,0.03942987888414548,0.04585382148912784,0.034795111493067465
sage,qwen05,7,1,all,-0.03078763882311648,-0.05091190159581439,-0.021574507566537095,0.16116689870814743,0.11025499711233304,0.13534866553218897,0.10381893892103222,0.0709577524029445,0.0493832448364074,0.05993577496659173,0.040545983894970494
sage,qwen05,7,2,all,-0.03666537760633965,-0.04791675483136071,-0.029951819502628936,0.18031498762556786,0.13239823279420715,0.18220674260220615,0.12915146279908388,0.08745187523630953,0.05750005573368059,0.07673762169871283,0.04587960444834511
sage,qwen05,7,3,all,-0.0399774397814558,-0.06253918235314426,-0.027037250338043925,0.19321577403247273,0.13067659167932846,0.16356349056298533,0.12728826332437146,0.0853572150838852,0.05831996474584128,0.07007103201301679,0.04657481029534257
sage,qwen05,7,4,all,-0.027847356371542547,-0.0444419766512774,-0.01681904571296322,0.1312657867319409,0.08682381008066349,0.11750403798100507,0.08731651338282527,0.06044061682928683,0.04362157111632361,0.05253782803916007,0.037327115164037826
sage,qwen05,7,5,all,-0.0313532550287135,-0.043697801573543193,-0.026525469519941156,0.164904834625209,0.1212070330516658,0.16508849116285543,0.11639504668209448,0.07820838691734268,0.05168291739740152,0.06623038677344699,0.04242559572051611
sage,qwen05,7,6,all,-0.03326130796115939,-0.04750740774188722,-0.022420061371542406,0.16141029333923623,0.11390288559734901,0.1570709507937363,0.10974469779961009,0.07350507714016664,0.05108501576862424,0.06154735859476479,0.042578028908870295
sage,qwen05,7,7,all,-0.053528111604470685,-0.07922147401829736,-0.01900524955541468,0.18298596801795733,0.10376449399965997,0.20259271044233543,0.10871318247605176,0.06409415458967534,0.045088905034260655,0.06087194281133881,0.044697387335808324
sage,qwen05,7,8,all,-0.04096816505927738,-0.064870694797468,-0.012720564141941358,0.1401347562195582,0.0752640614220902,0.15325061146991928,0.08372621769602819,0.04847488998838422,0.035754325846442864,0.046677361586485895,0.036625636939417054
sage,qwen05,7,9,all,-0.04963749415655885,-0.0777276931346301,-0.01711002702829286,0.18141543015365227,0.10368773701902217,0.17961849284030673,0.1083551977886324,0.06018677232803743,0.04307674529974457,0.056164717969264394,0.04146868013235896
sage,qwen05,7,10,all,-0.04759499052015698,-0.06156019089581104,-0.016734889854605896,0.16150721024152234,0.0999470193457113,0.16333445066107052,0.10069399959011711,0.058219621070443116,0.04148473121583722,0.05379520650055769,0.03829450841121665
sage,qwen05,7,11,all,-0.0671597460850163,-0.10798611150038234,-0.028126954080986956,0.2489038403028511,0.14091772880246875,0.25440431895226984,0.154438045242216,0.0850971832940064,0.05697022921301944,0.08075936842225027,0.05666025803639952
sage,qwen05,7,12,all,-0.04375431149448831,-0.053284888322476284,-0.016149795503947857,0.14250020639386884,0.08921531807139256,0.14189375798426604,0.09028302257863363,0.05262965800739384,0.03647986250344598,0.04887185474521614,0.0334399150497447
sage,qwen05,7,13,all,-0.042640350437247336,-0.0657201992056214,-0.018179415023701045,0.13804922094969582,0.07232902174407442,0.1800050554226338,0.07426221416043273,0.050323759099021155,0.03214434407532011,0.04789999817813795,0.030363547606582785
sage,qwen05,8,0,all,0.21891493658434233,0.28677254653630746,-0.1616781801334594,0.15202194284590595,0.4387944893822134,0.041760981973919586,0.03922048639967728,0.23661052073595776,0.07493234060249837,0.023269794103889446,0.03181526766834796
sage,qwen05,8,1,all,0.26383299352248235,0.2939628138817652,-0.1980685159506425,0.10436143439581146,0.3983242482775767,0.036675481411926746,0.036120600996878464,0.2764778375173367,0.07840932156669417,0.021075397545199326,0.036606601763463954
sage,qwen05,8,2,all,0.33640255462578295,0.34483215501442016,-0.17592494456010194,0.14345835975026222,0.4882905147646824,0.05318619329591041,0.04935349396710569,0.29078004891016757,0.11485510435006561,0.026936372788580673,0.04966494826573553
sage,qwen05,8,3,all,5.2768213768590706e-05,-0.179706570075269,-0.038987149211671485,0.4231103182357576,0.24340374816048863,0.02633253572954057,0.026287517787677257,0.06513840660716297,0.026151257395491484,0.026078606587913316,0.026079893212092947
sage,qwen05,8,4,all,0.38617958714329137,0.35344571771185884,-0.20269929013539142,0.1507648821410382,0.5042105998528971,0.06916620186740166,0.0561272024136773,0.3366315405693617,0.13393225043397025,0.029388786345061608,0.05537464689176347
sage,qwen05,8,5,all,0.34850244089720217,0.2999064237353848,-0.1710176965372166,0.136682192745218,0.43658861648060276,0.06075609493810682,0.05370574159733288,0.2865791776238243,0.11556148108660769,0.029125541256888706,0.05033074374096989
sage,qwen05,8,6,all,0.31664552111014727,0.3058669258833173,-0.16852482277403513,0.13268246739521292,0.4385493932785302,0.05090668320416519,0.050416298595126224,0.2788965202444476,0.11037169747041248,0.02691653379574889,0.04831310796846192
sage,qwen05,8,7,all,0.0031758450493809937,-0.0018302539826487649,-0.0017652238977078454,0.04977755892033566,0.047947304937686896,0.04821655983446483,0.046993698013653336,0.030480608525564168,0.028715384627856323,0.02927681469703348,0.028047584121599536
sage,qwen05,8,8,all,0.036171875330036095,-0.0064725519101224704,-0.013246537346652286,0.10429903455563455,0.09782648264551208,0.13049331710404188,0.09799147327307862,0.05608455249827152,0.04283801515161923,0.054586243929834445,0.03934968477396264
sage,qwen05,8,9,all,0.05249264338887268,-0.007293571626307907,-0.017681589127632985,0.11570724571534836,0.10841367408904046,0.14846945862789193,0.1063617183164333,0.06209530993639664,0.04441372080876366,0.06061624954703703,0.04216266148334624
sage,qwen05,8,10,all,0.03806169435985585,0.0007307749377166162,-0.013125185996422026,0.09012064388022291,0.09085141881793952,0.11006566773320499,0.08731141191774444,0.05120398642534418,0.03807880042892216,0.049125660309800145,0.03705454148788574
sage,qwen05,8,11,all,0.04917237296977939,-0.011899524699891487,-0.01909845840452916,0.13081454782083024,0.11891502312093875,0.16859983483366167,0.11585233048563452,0.06788246785047063,0.04878400944594147,0.06600575149421183,0.04564281321042335
sage,qwen05,8,12,all,0.035852757156897265,0.003671811315652418,-0.011292130006682381,0.09469068833277304,0.09836249964842546,0.11300465045732348,0.09636933608416215,0.053260972580256465,0.04196884257357408,0.05091707198860227,0.038420083304599804
sage,qwen05,8,13,all,0.04193212371010496,0.0057098663240703895,-0.011921796549238292,0.09131279642932462,0.09702266275339501,0.11255426038401561,0.09378772178706629,0.052446880802130204,0.04052508425289191,0.04998873010149507,0.03786804697878827
sage,qwen05,9,0,all,0.018555688201677748,0.009595090606403262,-0.01989373165707784,0.08624230190976066,0.09583739251616392,0.07189660944477476,0.08308121218818683,0.0540052145895634,0.03411148293248556,0.04515245211705199,0.03102306856647513
sage,qwen05,9,1,all,0.021657649931445925,0.005342327422582352,-0.019630506569635303,0.08572255131997251,0.09106487874255487,0.07920586104131165,0.08631417214757568,0.056354907728374974,0.03672440115873967,0.04921389710039798,0.03346634132686926
sage,qwen05,9,2,all,0.03047239590837644,0.006079415999413765,-0.02790181507486012,0.10603903277161125,0.11211844877102502,0.09620568783601546,0.10226529390018917,0.06906343085233248,0.041161615777472356,0.06286240611012155,0.03576705753038219
sage,qwen05,9,3,all,0.037510811837299006,0.008205990477759495,-0.03503796712100258,0.10615988081197188,0.11436587128973137,0.09983667491211516,0.1096397777721072,0.07607711698833665,0.04103914986733407,0.07036219124800926,0.03373051389203636
sage,qwen05,9,4,all,0.02202710881080828,0.002632405949676883,-0.027440463518230325,0.09434181522587605,0.09697422117555293,0.08663487217877482,0.09105319312556658,0.06269295001804996,0.03525248649981964,0.05687939457262001,0.02972575922962457
sage,qwen05,9,5,all,0.021728514000778062,0.006607116747996411,-0.026828653659834438,0.10271516175283213,0.10932227850082854,0.09188393570574728,0.09910591744699104,0.06722825779205055,0.04039960413221611,0.05767019497244291,0.035362789182966946
sage,qwen05,9,6,all,0.022392741269508104,0.004297771122388036,-0.023941205095147182,0.09490553829349387,0.0992033094158819,0.08583371293104441,0.09492812633396282,0.06214406331926081,0.03820285822411363,0.05554476732288341,0.032186375284621344
sage,qwen05,9,7,all,-0.0037321753214668587,-0.004054429508726365,-0.00022187541241807177,0.0356803954289025,0.031625965920176136,0.04851885799137795,0.031396328280094206,0.01846899002962039,0.01824711461720232,0.01821973002647097,0.01788483172072025
sage,qwen05,9,8,all,-0.08031263230817155,-0.12982147097636973,-0.030656752497209172,0.2760100128446863,0.14618854186831656,0.36454823405852127,0.1466496615482846,0.09422625298387032,0.06356950048666114,0.09360723330656963,0.056663818970497326
sage,qwen05,9,9,all,-0.05311774371614166,-0.1164323563174278,-0.024314799826337323,0.22645928576296806,0.11002692944554027,0.2975023596348028,0.12295936292509646,0.07124610053664278,0.046931300710305456,0.06310791356872673,0.03885349225301134
sage,qwen05,9,10,all,-0.06791919234680932,-0.1107166405682683,-0.022487877911174084,0.24419918121196918,0.13348254064370088,0.34264714287310144,0.1394297294911021,0.08153996758728634,0.05905208967611225,0.07854764258987504,0.05499090200653409
sage,qwen05,9,11,all,-0.04229446728880388,-0.10972979935253638,-0.01981372797566197,0.2253980634123056,0.11566826405976921,0.31025733624984436,0.12615619619909027,0.0735232600807258,0.05370953210506382,0.07531982110283846,0.05254688666322984
sage,qwen05,9,12,all,-0.029411393904442317,-0.08658681596085661,-0.010100690365408338,0.1555076896801265,0.06892087371926987,0.2427226355355625,0.07879335284885043,0.04453146346016531,0.03443077309475697,0.04683125191450766,0.038171303638709006
sage,qwen05,9,13,all,-0.030029646301444002,-0.04807557423619567,-0.011746569837877637,0.1107044739993881,0.06262889976319243,0.13854061140234972,0.06518468844015896,0.04103668865079061,0.029290118812912973,0.03972575955178217,0.028651348666168835
sage,qwen05,10,0,all,-0.04467986656863702,-0.05159498119268072,-0.01692093529794738,0.11577917353468313,0.06418419234200241,0.1443367202679087,0.0644577912737118,0.048886288473777656,0.031965353175830276,0.044729008421105915,0.02518706581129086
sage,qwen05,10,1,all,-0.03251949476535616,-0.04349574783074435,-0.011867778139191452,0.10729085002114425,0.0637951021903999,0.14221584292057388,0.06674864544382746,0.049786292381119555,0.0379185142419281,0.04926163884972038,0.033110544686221786
sage,qwen05,10,2,all,-0.05134838165173069,-0.06680361946280002,-0.01545813078465147,0.16288746637439835,0.09608384691159834,0.16658305430699935,0.09958702953705485,0.060637985661405575,0.045179854876754105,0.052044990752899416,0.03883003722940728
sage,qwen05,10,3,all,-0.04239887862767918,-0.05308853481463109,-0.0133029875993766,0.12764216916391444,0.07455363434928335,0.1113434537402735,0.07130499076568675,0.0470889963823084,0.0337860087829318,0.03978912608909826,0.02968603875342717
sage,qwen05,10,4,all,-0.046492879535532626,-0.06331120626889085,-0.016058384117375868,0.14101434523034015,0.0777031389614493,0.16277825014477115,0.07721823839410763,0.06403874351327382,0.047980359395897954,0.05674168056086637,0.03782187780423892
sage,qwen05,10,5,all,-0.033078001700669206,-0.034400559288552776,-0.009484930625338919,0.08838940734237817,0.053988848053825395,0.07230589431231142,0.05049117513318637,0.03515217902142933,0.02566724839609041,0.030752952606751885,0.02204325163917024
sage,qwen05,10,6,all,-0.01819256768567763,-0.02630698889596437,-0.0030864853430345347,0.06739618300507971,0.041089194109115344,0.0695553130376716,0.043584292753777676,0.031153877883093692,0.028067392540059157,0.029388511259619745,0.027464610351588262
sage,qwen05,10,7,all,0.00385335191131377,0.00036446337204543156,-0.015083315854276413,0.08257768721029833,0.08294215058234376,0.07564406714490324,0.06959925643140398,0.04505112241417836,0.029967806559901944,0.04376142861245413,0.028118462726573062
sage,qwen05,10,8,all,-0.003610322050920022,-0.0003981068579841096,-0.018065759447718554,0.07072245021495722,0.07032434335697312,0.07330293968389923,0.061736549749165835,0.04381602807270032,0.025750268624981764,0.03947121167832871,0.024307094736500407
sage,qwen05,10,9,all,-0.0023908978843931727,0.0012765165694212932,-0.013440500523476565,0.06362900169937778,0.06490551826879908,0.04438438000255359,0.049482037460606025,0.037363600290171335,0.02392309976669477,0.030560672860565335,0.02160566016451529
sage,qwen05,10,10,all,-0.008641748464976673,-0.006081288253133366,-0.01403029556530878,0.07620915802131999,0.07012786976818662,0.058836285787028125,0.05570572879754204,0.040253057564215246,0.026222761998906465,0.03473599904953422,0.024653341853335092
sage,qwen05,10,11,all,-0.001284489752561092,-0.0007011357095345339,-0.017934448884875824,0.09210386104145042,0.09140272533191589,0.07011060155871497,0.07259434580229492,0.05154214964879231,0.03360770076391648,0.042080040293270025,0.031007900724293852
sage,qwen05,10,12,all,-0.0076946698100918,-0.006851051389035884,-0.014005910046962538,0.08516654848904041,0.07831549710000453,0.06964109816289955,0.06453872753195929,0.04496474767262762,0.03095883762566508,0.03986607443540146,0.028307492170181567
sage,qwen05,10,13,all,-0.004337000242511653,-0.0019752719478968034,-0.015841050360517982,0.07387991190959092,0.07190463996169412,0.07092670476912817,0.061981413105647365,0.041330415427829975,0.025489365067311993,0.04011105361628022,0.023035972801115422
sage,qwen05,11,0,all,-0.04112677366307987,-0.043188324890974836,-0.015486378095038611,0.12038714221691804,0.0771988173259432,0.093930084552017,0.07342168821193053,0.04719157141183015,0.03170519331679154,0.03973596532010623,0.03039281965157231
sage,qwen05,11,1,all,-0.061576825563439186,-0.08271205760173424,-0.013388033085140943,0.14536709891296873,0.06265504131123449,0.14098024333155043,0.0642213894847067,0.04433377995222526,0.030945746867084317,0.03640894805244798,0.02880104749852262
sage,qwen05,11,2,all,-0.04831675282512837,-0.058944765397307475,-0.016872859968695177,0.12611219356298564,0.06716742816567817,0.10856682315709648,0.06362134224700754,0.045772501186176436,0.02889964121748126,0.03705382460591678,0.02736332455441635
sage,qwen05,11,3,all,-0.03210849280012296,-0.041075896380734285,-0.019252058678341837,0.0964258738273651,0.05534997744663082,0.10190084732933351,0.05487768828627398,0.04447869981791879,0.025226641139576955,0.036696478790279645,0.02190832364600086
sage,qwen05,11,4,all,-0.03720729046595822,-0.04156928721718041,-0.014954502902164941,0.10481440089993277,0.06324511368275236,0.0932912223361088,0.06217686056667019,0.04335152120632576,0.028397018304160818,0.03745515332891751,0.02557937209897926
sage,qwen05,11,5,all,-0.029087080174847176,-0.03577861992459877,-0.0186081344202778,0.10603488629648987,0.0702562663718911,0.09171417489995065,0.06711080779037087,0.046844223997650036,0.028236089577372236,0.040350130125307394,0.02692575066366691
sage,qwen05,11,6,all,-0.026312287934877093,-0.028482911753597163,-0.012703176606876206,0.0831046925148455,0.05462178076124833,0.07109056716296484,0.05221755948718166,0.03605948853363231,0.023356311926756107,0.03189630596986235,0.021468898565395328
sage,qwen05,11,7,all,-0.0030985651368899375,-0.0011608364476014474,-2.5752084529144514e-05,0.03440398445883693,0.033243148011235485,0.03368762191098266,0.033881391926693885,0.02350612020184249,0.023480368117313345,0.02366341018148028,0.023466988053548812
sage,qwen05,11,8,all,-0.04573707482419814,-0.10940988577062896,-0.024682241540074205,0.16950001843295834,0.060090132662329376,0.18716058744038602,0.06780959653217168,0.049148029770525535,0.02446578823045133,0.04812869955567256,0.03801721777784977
sage,qwen05,11,9,all,-0.10628234509785746,-0.22365827330822577,-0.04926977126214079,0.36103632338109587,0.1373780500728701,0.2966532691652169,0.1611514968845838,0.10607767765187008,0.05680790638972929,0.10947958436294165,0.07621485270430643
sage,qwen05,11,10,all,-0.06454141264374437,-0.12763725770685708,-0.02735474559893527,0.25023714172138156,0.1225998840145245,0.23189077114683684,0.14318517035736197,0.0804225531333451,0.05306780753440984,0.08011317609709605,0.058226578276301656
sage,qwen05,11,11,all,-0.020465682781549917,-0.039982350209487316,-0.003702440006242081,0.083480578695453,0.043498228485965684,0.05652176776304558,0.04489120278106923,0.028138209709831694,0.024435769703589613,0.030027539132307702,0.02615495770422098
sage,qwen05,11,12,all,-0.08067132108782134,-0.1470928262751312,-0.03799576927528093,0.249408877547761,0.10231605127262978,0.23426046059000707,0.11476373004597158,0.0820870157441597,0.04409124646887878,0.07859776159288777,0.05610034743481107
sage,qwen05,11,13,all,-0.000903577949349102,-0.00033804237396733994,-1.5572135232573558e-06,0.03291365731012141,0.03257561493615407,0.03278030184784985,0.032581331993672275,0.023149251063710147,0.02314769385018689,0.02315900869874304,0.023164430549143956
sage,qwen05,12,0,all,-0.000307001815004683,-0.01230128080585493,-0.0016659950445725644,0.05256077849595208,0.04025949769009715,0.056948731683394836,0.04088084446456227,0.029183007752517375,0.02751701270794481,0.02834201617594213,0.027135166175258227
sage,qwen05,12,1,all,0.001308492744420212,-0.00035281821219098133,-0.0028609888802140146,0.025486526644616148,0.025133708432425166,0.02359908324551271,0.021496946999024408,0.014629238140621776,0.011768249260407761,0.013639296301639828,0.011484854918565787
sage,qwen05,12,2,all,0.0017848591614371319,-0.02210365302317309,-0.008232409538965403,0.0908485074840164,0.06874485446084332,0.08507635980681248,0.062299467786453344,0.037860806174368634,0.02962839663540323,0.03270162822192704,0.02748012963732702
sage,qwen05,12,3,all,-0.00243823170561637,-0.03395768826963378,-0.008477591837350203,0.06954087507888171,0.03558318680924793,0.06362826894693548,0.03542054891819132,0.02477583513622657,0.01629824329887637,0.021984957200624,0.01590997334690858
sage,qwen05,12,4,all,-0.0010244645470761395,-0.04694524577359903,-0.011036767677414967,0.0930215716375457,0.046076325863946666,0.08793135931078717,0.04909300595070811,0.03025687559517155,0.019220107917756583,0.02807035306813055,0.018773692143248134
sage,qwen05,12,5,all,-8.460242470296105e-05,-0.009068320228448598,-0.005612355503800761,0.045638853661568494,0.036570533433119896,0.04190377532775166,0.03337357543755765,0.022090165439544642,0.01647780993574388,0.01877968494034501,0.015821526764955244
sage,qwen05,12,6,all,-0.002410371700675961,-0.00841931421355925,-0.007233208973807925,0.07501786478551802,0.06659855057195876,0.05864154241973529,0.052161481746274545,0.033605615192547705,0.02637240621873978,0.026468080260200533,0.023553011309804556
sage,qwen05,12,7,all,-0.01142860629325248,-0.01775650984913106,-0.009367628890816482,0.09710087133002843,0.07934436148089737,0.07561809297082477,0.0680277089412559,0.04041839189167571,0.031050763000859228,0.03558183626325879,0.02930170206015145
sage,qwen05,12,8,all,-0.008896785631434936,-0.022971550295166482,-0.007235190638231484,0.11078782885425169,0.0878162785590852,0.08676467272816323,0.07730513920469392,0.04299834472826445,0.035763154090032966,0.03771982205447453,0.03332605098204263
sage,qwen05,12,9,all,-0.013783891853545819,-0.017557223325895557,-0.007700714538200513,0.09367628039648257,0.07611905707058701,0.06401396908164765,0.06368571978599762,0.03846246653202475,0.03076175199382424,0.033911384063742875,0.028643924482039396
sage,qwen05,12,10,all,-0.015667691899800416,-0.03189699425823943,-0.011405522635061581,0.11170902013181144,0.07981202587357202,0.09378450497409803,0.07359372228708826,0.04406873611631462,0.03266321348125304,0.04134982234421971,0.031194579379144466
sage,qwen05,12,11,all,-0.01515773243621781,-0.029725877451509217,-0.01136716113311137,0.10837943024574104,0.07865355279423182,0.09773886961226479,0.07245025042601816,0.04273577849184703,0.03136861735873566,0.04042727085836594,0.0304279962727946
sage,qwen05,12,12,all,-0.013659329560979414,-0.022728652359728985,-0.00759420259431047,0.10825739286752252,0.08552874050779354,0.07064321108049003,0.06879760656670646,0.04082512093248348,0.03323091833817301,0.0343332325594912,0.030169401693254095
sage,qwen05,12,13,all,-0.016601320362991615,-0.028314406200074624,-0.010775692268303733,0.09794791209740139,0.06963350589732677,0.08201090780052783,0.06507813903561294,0.03924952535402393,0.028473833085720195,0.03765770027235388,0.02783202586904353
sage,qwen05,13,0,all,-0.021878697942591684,-0.05453546052739004,-0.01091902315767685,0.12190520818672546,0.06736974765933541,0.11540157397936257,0.06298113557698745,0.04333645021541069,0.03241742705773384,0.04039606344916813,0.028238854680946262
sage,qwen05,13,1,all,-0.012702695457690788,-0.033041223502004086,-0.002837594408354349,0.103991762759067,0.07095053925706292,0.09482954162082073,0.06810520170630209,0.03719028943087278,0.034352695022518434,0.035435420273345536,0.029676808450679503
sage,qwen05,13,2,all,-0.019480800827839952,-0.07737621670020331,-0.00923594695164038,0.14620507239581224,0.06882885569560893,0.15579101642635793,0.06902944062234788,0.05126642096883422,0.04203047401719384,0.046784608380788024,0.03476731776340697
sage,qwen05,13,3,all,-0.00649979601440033,-0.016184233188063925,-0.0009348631523798251,0.057642076731594265,0.04145784354353034,0.05562405242276086,0.03979368886363792,0.029144467975989265,0.02820960482360944,0.028654588998375596,0.026720771250545974
sage,qwen05,13,4,all,-0.015278546777273269,-0.022404294332158195,-0.003672695117621385,0.08836430827985986,0.06596001394770167,0.06511366086441268,0.05870126532414338,0.03225393999677926,0.028581244879157874,0.030167574387281442,0.025332574305029835
sage,qwen05,13,5,all,-0.018677972238950246,-0.038931009770233525,-0.00474452330613612,0.0984745443665519,0.05954353459631837,0.09808357655555168,0.05838827616470771,0.035556424642882604,0.030811901336746484,0.033706058699556035,0.0232995819325466
sage,qwen05,13,6,all,-0.021307365247628204,-0.08208746384490316,-0.013509576629655268,0.1470267628612236,0.06493929901632044,0.1708819003564205,0.07153619830661322,0.052480908039458284,0.038971331409803016,0.048591525785262435,0.03492733146882928
sage,qwen05,13,7,all,-0.027925498987000568,-0.057294950380234064,-0.011005778960387992,0.11785192175647179,0.06055697137623772,0.136143788963454,0.07614540831470508,0.03885683696562967,0.02785105800524168,0.03790166956384315,0.027539814185251546
sage,qwen05,13,8,all,-0.03869919830287009,-0.08902461606103797,-0.01934451532151487,0.163180861572968,0.07415624551193002,0.19341198054019007,0.09800098363472816,0.05282394681103713,0.03347943148952226,0.04882321714903166,0.03374721262371746
sage,qwen05,13,9,all,-0.03691550915899239,-0.07358176088062908,-0.013504814776007103,0.152039929877161,0.07845816899653192,0.15809836095425986,0.09150998650825641,0.049764991140356256,0.03626017636434915,0.047914491538554094,0.032454423644371205
sage,qwen05,13,10,all,-0.026006104174691874,-0.045924898611690676,-0.006538663787247684,0.13759576411371913,0.09167086550202845,0.13223138554875905,0.09382716407320707,0.04653332113793398,0.039994657350686295,0.04511040450264247,0.03554800827940467
sage,qwen05,13,11,all,-0.026604335081714007,-0.04623105849181594,-0.006629754584173857,0.1112962141451126,0.06506515565329667,0.1138136386904522,0.0688174317287652,0.03868380060153286,0.032054046017359006,0.03815879127003119,0.027957905531167972
sage,qwen05,13,12,all,-0.032101776737538015,-0.058933455715502236,-0.013412859628020336,0.12746313664350886,0.06852968092800663,0.137679389032858,0.07797294775543327,0.042766982851599834,0.029354123223579498,0.04057726475156824,0.0280767438188786
sage,qwen05,13,13,all,-0.035698542515616806,-0.06731576895308647,-0.014705312508875863,0.14628546405792756,0.07896969510484109,0.15785267386592985,0.0909133984050342,0.048575928806981,0.03387061629810514,0.04731109537690816,0.033230302767316894
sage,qwen05,14,0,all,-0.06077845999812213,-0.06691031792816168,-0.024242775642210328,0.1458926171688991,0.07898229924073741,0.11130712231381396,0.08528498629744473,0.05875359482071671,0.03451081917850638,0.04394733175155718,0.030040805930592347
sage,qwen05,14,1,all,-0.01531095701796842,-0.019917166924564578,-0.0047288718149670235,0.0622121677116956,0.04229500078713102,0.0521772755905538,0.04224873799323223,0.032683377994071144,0.02795450617910412,0.029052787562646887,0.0272342096744046
sage,qwen05,14,2,all,-0.052359467136063896,-0.058559594785288646,-0.01749464873580312,0.13198102633155243,0.07342143154626378,0.09161231347226927,0.07235405956586936,0.0507917859881784,0.03329713725237528,0.03844335911096261,0.029143516689740124
sage,qwen05,14,3,all,-0.05275789909435232,-0.06022714331879986,-0.021701755042899697,0.1283820134675315,0.06815487014873164,0.09301687357752508,0.06969537609785631,0.05194234055280058,0.030240585509900882,0.04071204981959431,0.025312329200453603
sage,qwen05,14,4,all,-0.04918238188495253,-0.04743670983433007,-0.01504276602561722,0.1152906366357389,0.06785392680140882,0.07048255782845815,0.0592179144710577,0.043552935666973235,0.028510169641356015,0.033150505291202004,0.02499447623149482
sage,qwen05,14,5,all,-0.04227985017518182,-0.04260431989379066,-0.017166418588372475,0.10426052940963092,0.061656209515840256,0.073120975010147,0.05796134635116198,0.04347240664548835,0.026305988057115873,0.03397734054419983,0.022813460322608784
sage,qwen05,14,6,all,-0.06152679497511082,-0.07073504569722368,-0.024065389064157068,0.15206634163976554,0.08133129594254186,0.11009902353597867,0.08245961086299722,0.05770753374825225,0.03364214468409518,0.043622488299143725,0.0289522744388379
sage,qwen05,14,7,all,-0.021410039496437213,-0.02326114480664379,-0.008590159031334057,0.0924705494909641,0.06920940468432031,0.07320663869002964,0.06314940954057334,0.03939964454168072,0.030809485510346662,0.033228620891987214,0.025603025153765058
sage,qwen05,14,8,all,-0.015488546476942465,-0.019260326098093312,-0.009728587174355055,0.07035233934166417,0.05109201324357086,0.06855501054337317,0.055011361288109295,0.030949652593770662,0.021221065419415607,0.02869601350844081,0.018051620198091044
sage,qwen05,14,9,all,-0.02130552888129389,-0.026212546673368996,-0.011747876499823489,0.08017068776133933,0.053958141087970334,0.07951464360922032,0.05266911731829499,0.03538660088325303,0.02363872438342954,0.03136632017762551,0.020226906195122504
sage,qwen05,14,10,all,-0.004304194322194056,-0.010088100195859095,-0.0021083310521644097,0.0588581846537077,0.048770084457848605,0.04956285636531251,0.04768152915324168,0.032023611843989476,0.029915280791825066,0.03071138197714847,0.027973914823869492
sage,qwen05,14,11,all,-0.025897110859480127,-0.034221551653605645,-0.011075909620768695,0.09760009367602825,0.0633785420224226,0.08552926157152502,0.06153984736988242,0.03939744162714236,0.028321532006373662,0.03415566124476319,0.02493844324590237
sage,qwen05,14,12,all,-0.018257145894826774,-0.018498814971161848,-0.006988781620221353,0.05975732885906979,0.041258513887907945,0.05957146406977792,0.042835225161982037,0.02760899913343616,0.020620217513214807,0.025345222307688747,0.018508210361446144
sage,qwen05,14,13,all,-0.0218645620442971,-0.020547667139987152,-0.008043939561101075,0.07512233017856768,0.05457466303858052,0.07165163992281498,0.0518150565896754,0.03381783366123344,0.025773894100132366,0.030718412437448245,0.02246015091986341
sage,qwen05,15,0,all,-0.026684078889132806,-0.018545554851476895,-0.0150094101172808,0.07805988113837146,0.05951432628689457,0.08219663549800331,0.05527297037268924,0.03932325971487142,0.024313849597590618,0.03339716971413305,0.02281490507163217
sage,qwen05,15,1,all,-0.018740791000201564,-0.023796972693142668,-0.006376308644644519,0.0709663343828645,0.04716936168972183,0.07058968267759083,0.04538676909404757,0.03231354376613852,0.025937235121494002,0.028893398519436644,0.024764853987407215
sage,qwen05,15,2,all,-0.02973674657123675,-0.037488470901049134,-0.008486567617109073,0.10437261537535915,0.06688414447431001,0.11221142551494706,0.0625664825955942,0.04163500191512135,0.03314843429801228,0.0362374932044784,0.03161371344198737
sage,qwen05,15,3,all,-0.03574962149792082,-0.04114881114914368,-0.01324775061961625,0.11564987573529932,0.07450106458615564,0.10039674724592289,0.06710446557176246,0.04570771319639385,0.0324599625767776,0.03727848685059502,0.029265871440057867
sage,qwen05,15,4,all,-0.04272667451962831,-0.04627114134974877,-0.01834386061479923,0.13028603654578483,0.08401489519603605,0.14440494096881387,0.07907790587742063,0.05425107551010119,0.035907214895301964,0.047510775288909735,0.03516680047127099
sage,qwen05,15,5,all,-0.04340962093224867,-0.05349152119742796,-0.020152134113128828,0.14027259433044278,0.08678107313301482,0.1541684900481515,0.08522887245733053,0.05854393734828306,0.03839180323515423,0.05227947629416605,0.03745061086577709
sage,qwen05,15,6,all,-0.030998217956493702,-0.028211902851170943,-0.019038306787985147,0.08275372258250262,0.054541819731331674,0.12387859178002221,0.057340304690279564,0.0409130924988634,0.021874785710878253,0.03818515072200813,0.021461223689504216
sage,qwen05,15,7,all,-0.025517162521574946,-0.02105046025902415,-0.012756824916641433,0.07460539600470133,0.05355493574567718,0.07094956672925948,0.050260506687834605,0.03473748479542606,0.021980659878784625,0.030490526982630887,0.019784171114961276
sage,qwen05,15,8,all,-0.03056360601341555,-0.03374798737861212,-0.016276100638437725,0.09836025113407942,0.0646122637554673,0.09252383175226507,0.060890956749215235,0.04263174120993024,0.026355640571492516,0.03627619139871607,0.024531511554910457
sage,qwen05,15,9,all,-0.02953849420751892,-0.03188600304763693,-0.011821855905615644,0.08984960904618854,0.057963605998551604,0.07742572517792598,0.05429558654406979,0.037431360841511066,0.025609504935895422,0.032686115449412405,0.02358261481986773
sage,qwen05,15,10,all,-0.03580340486988521,-0.0472747255478843,-0.020147021670306308,0.1209257284255894,0.0736510028777051,0.12335876354463592,0.07209496724521185,0.05074363606901092,0.03059661439870461,0.04259901367598695,0.028085884300568364
sage,qwen05,15,11,all,-0.025669207799029054,-0.023464546821511938,-0.010984707532813099,0.07874205133394134,0.0552775045124294,0.06618188721366389,0.05003271745731288,0.03413419620170186,0.023149488668888763,0.029599373115984758,0.02147325118190779
sage,qwen05,15,12,all,-0.039177426954897114,-0.05615839655093096,-0.02167027286566563,0.11648018921636666,0.0603217926654357,0.12974067304055825,0.06610684833338708,0.048859286067966134,0.027189013202300504,0.042946909207360016,0.025033778473195257
sage,qwen05,15,13,all,-0.030062563331895303,-0.032395600098515845,-0.014647003178497705,0.09122021217170377,0.058824612073187926,0.08246065017216513,0.05568361180925547,0.03918577996052875,0.024538776782031046,0.03444619674404477,0.022423479175690986
sage,qwen05,16,0,all,-0.032493405193031656,-0.0920703766012199,-0.02184937069140576,0.19637460206098986,0.10430422545976996,0.17865114799196827,0.10459452331362314,0.06307772985278011,0.04122835916137435,0.0664590853176041,0.04050299292911782
sage,qwen05,16,1,all,-0.047255796210376254,-0.18081458921711663,-0.03589861777937827,0.27871274452037753,0.0978981553032609,0.2684844281103367,0.11621128848379254,0.07563281348498312,0.039734195705604845,0.07843860168118764,0.04528116622547767
sage,qwen05,16,2,all,-0.035568672530346276,-0.09238843271691068,-0.023296004066020518,0.1928959001071453,0.10050746739023463,0.165833985548383,0.10057569853598151,0.06113210945617006,0.03783610539014954,0.06417335845411119,0.03874659177499967
sage,qwen05,16,3,all,-0.042559649750118035,-0.11631224081293655,-0.02877028557958397,0.22408694504049942,0.10777470422756287,0.21607993949967463,0.11607831028798317,0.06896790332068663,0.040197617741102656,0.07276456149613379,0.04160494450467431
sage,qwen05,16,4,all,-0.0283585076506046,-0.07338192727705957,-0.021168936834862203,0.15177233517753863,0.07839040790047906,0.1359756055374925,0.0858520697885103,0.04948077487369832,0.028311838038836117,0.04987643038655148,0.029131449781219454
sage,qwen05,16,5,all,-0.027145541886684933,-0.07047574849720807,-0.01578365022138107,0.1890775817236724,0.11860183322646432,0.17279022923131637,0.11152832499655137,0.06109650835781558,0.04531285813643451,0.062145923336547476,0.045619714114159556
sage,qwen05,16,6,all,-0.04616828640308851,-0.14723973953615105,-0.03747833568747862,0.25900007545727544,0.11176033592112439,0.25003342868934936,0.12158846948048015,0.07807835716804547,0.04060002148056685,0.07960160783395576,0.04691034856491221
sage,qwen05,16,7,all,-0.08640349524633777,-0.1067670453364926,-0.012538060510224956,0.1900372219618185,0.08327017662532589,0.13285907606941225,0.0877416524376018,0.04827877576210562,0.03574071525188066,0.04620317522590617,0.032952303243673604
sage,qwen05,16,8,all,-0.08938014995163662,-0.12067820267290262,-0.011388189657974432,0.2137570318404629,0.09307882916756029,0.1703746417356954,0.10339893435160201,0.05126379893520449,0.03987560927723006,0.050801480561497324,0.03639199593477865
sage,qwen05,16,9,all,-0.09237012259553302,-0.1328844438918892,-0.014126280755023639,0.20923963251584063,0.07635518862395142,0.18022016171787017,0.09489936926847703,0.05099940435982835,0.036873123604804714,0.050094754868501686,0.033823226889336845
sage,qwen05,16,10,all,-0.07025189879817807,-0.08823820098834266,-0.006143806404351623,0.1763740637328827,0.08813586274454004,0.13656191340363913,0.09517088841162845,0.04816980384646239,0.04202599744211077,0.047894911034542444,0.038202053116194186
sage,qwen05,16,11,all,-0.09531818561656609,-0.11754379071437364,-0.008561626549688561,0.2240365721918595,0.10649278147748585,0.14510629532607186,0.11006074592357169,0.0555389846284528,0.04697735807876424,0.05430102364826273,0.04058456047550959
sage,qwen05,16,12,all,-0.09228438029313209,-0.11278329122708007,-0.012106477641331846,0.2011723385039342,0.08838904727685414,0.14021196965186392,0.08770231307697667,0.05080945101904442,0.03870297337771257,0.050301150232982005,0.036561873463186935
sage,qwen05,16,13,all,-0.09550976564234827,-0.12631482621889686,-0.015007068948397248,0.22034953244757113,0.09403470622867427,0.16466256546758037,0.10641215616318893,0.05531574281338416,0.04030867386498691,0.05384088250882605,0.038350965257761604
sage,qwen05,17,0,all,-0.013606191256619665,-0.011970412226651916,-0.004001168613385071,0.04091968456296012,0.028949272336308205,0.024155587084156393,0.023562888022630398,0.01696246288358319,0.012961294270198119,0.014410323691569237,0.011885933507863643
sage,qwen05,17,1,all,-0.014586219058177176,-0.014729961583685551,-0.003588678154391888,0.039370822700227896,0.024640861116542345,0.03714392872503322,0.026690587593182703,0.018597284788825295,0.015008606634433408,0.018508384444188005,0.014625293790419278
sage,qwen05,17,2,all,-0.010932504681948745,-0.009793377892839922,-0.0036001011821612944,0.03270014568338073,0.022906767790540804,0.02956447752855616,0.020797061103998038,0.014473876663628043,0.010873775481466749,0.013598716853174056,0.010362466446386326
sage,qwen05,17,3,all,-0.009682711316356323,-0.008584392622312517,-0.0033528909755825686,0.02934950680753386,0.020765114185221343,0.02355445089763114,0.019883908273413988,0.013888613622012996,0.010535722646430427,0.012610911982461526,0.009887884389550636
sage,qwen05,17,4,all,-0.019788957911251816,-0.016987373541076885,-0.006329853051541932,0.04166177473781852,0.024674401196741635,0.040034073034054506,0.027346394841117557,0.019781540576619117,0.013451687525077185,0.018269004770878113,0.013211731466250237
sage,qwen05,17,5,all,-0.017479307958813514,-0.017529729835905835,-0.004334411632589774,0.036736466855433365,0.01920673701952753,0.0375130766713009,0.024104826969651983,0.015606997039802574,0.0112725854072128,0.014637784209210877,0.011212166858245567
sage,qwen05,17,6,all,-0.017901220412143995,-0.020132211683540024,-0.00404714607659553,0.043519115764303236,0.023386904080763212,0.04347714074330822,0.028863734575893404,0.02097893698370402,0.01693179090710849,0.019813483384813948,0.016340189306182484
sage,qwen05,17,7,all,-0.04284081496488459,-0.05253820282528571,-0.012434182867288597,0.11955565917382009,0.06701745634853438,0.09039115423742188,0.06460084246831305,0.04539620695763125,0.03296202409034265,0.03792590923460839,0.02808243702730256
sage,qwen05,17,8,all,-0.04498679620733572,-0.057493673771767534,-0.01942142912918747,0.15004708743376052,0.09255341366199299,0.11466455568144801,0.09222247187529098,0.06424175895622218,0.04482032982703471,0.0551212543764519,0.03488835388335921
sage,qwen05,17,9,all,-0.056696442482143145,-0.06993138920263788,-0.017288962624062862,0.17449353346840213,0.10456214426576425,0.1203857748735324,0.11356420234655219,0.06679457370173318,0.04950561107767032,0.05454702052503308,0.03921671240431269
sage,qwen05,17,10,all,-0.04435407304213806,-0.05545647821630699,-0.015221684574977093,0.14162017149903772,0.08616369328273073,0.09477694865061388,0.08839758577698593,0.05568842550409716,0.04046674092912007,0.04456640194399652,0.03483932550388805
sage,qwen05,17,11,all,-0.04967209060790325,-0.05832672900794543,-0.016265164861319202,0.15041781370368978,0.09209108469574435,0.10584185248135485,0.093942047977432,0.06233849721539766,0.046073332354078456,0.0515791768194275,0.036433270153495685
sage,qwen05,17,12,all,-0.04625456649751556,-0.052360531920695064,-0.01168184863262188,0.1253464012867735,0.07298586936607843,0.09622290605154411,0.07538832466029467,0.05003823289185174,0.03835638425922986,0.04279216348392532,0.031234594995202643
sage,qwen05,17,13,all,-0.053835405853468916,-0.06716808589198205,-0.015901357466751025,0.16656202092173136,0.09939393502974932,0.11499453290777924,0.10896603757251765,0.0624679857431106,0.04656662827635957,0.050273237685987675,0.039004329952671474
sage,qwen05,18,0,all,-0.03496545282467371,-0.05659850581584856,-0.01900808315358326,0.13562756498799103,0.07902905917214247,0.15294887553274958,0.08251170481145201,0.0532653322080614,0.03425724905447814,0.05027487982409254,0.03098707808810315
sage,qwen05,18,1,all,-0.030743642279875638,-0.052093173330860526,-0.016522991033048655,0.12031291665568296,0.06821974332482243,0.14080312295250716,0.0774682698959528,0.052780693719932915,0.03625770268688426,0.04713776105204274,0.03080109258031742
sage,qwen05,18,2,all,-0.028829960628485637,-0.04582516952650094,-0.01848825327546405,0.1384540493794862,0.09262887985298525,0.12649334030792964,0.09238024877515076,0.056500577356475686,0.038012324081011635,0.05236543180482515,0.033147729725977654
sage,qwen05,18,3,all,-0.03898636560507055,-0.06501065918391248,-0.025141591686956163,0.18546604175027523,0.12045538256636275,0.19160977392845827,0.126524137933984,0.07614468686265156,0.0510030951756954,0.06909588080705968,0.044690116177325157
sage,qwen05,18,4,all,-0.02711779034984846,-0.04091813542773494,-0.025139443948652675,0.12865220142689232,0.08773406599915738,0.13778820408690684,0.09013736174014282,0.05892560073643819,0.033786156787785515,0.05378155991831015,0.031271127756629664
sage,qwen05,18,5,all,-0.032616323347386074,-0.04881830525257842,-0.026789039533822043,0.14694206124826947,0.09812375599569105,0.18624457361715985,0.1064477307990257,0.06681438486245588,0.04002534532863383,0.06252184303365936,0.03545124504653423
sage,qwen05,18,6,all,-0.027999965199953486,-0.04441647467821887,-0.025083939404218353,0.1391248691325758,0.09470839445435693,0.1516771348313404,0.09738015578005275,0.06294800919442861,0.03786406979021026,0.05896010858611492,0.034645184374266225
sage,qwen05,18,7,all,-0.026741180480888787,-0.039207791748629664,-0.018627095663611183,0.14256765611791736,0.1033598643692877,0.1488325216238286,0.10557209361787241,0.061599597298264974,0.04297250163465379,0.054417220195035726,0.03595225848308949
sage,qwen05,18,8,all,-0.02991164526126396,-0.042475347344471476,-0.018461672746009045,0.13843157838856315,0.09595623104409168,0.13763870166767797,0.09691885065791715,0.05809687709394789,0.039635204347938845,0.050314723076529476,0.03338692067893207
sage,qwen05,18,9,all,-0.007963194803181708,-0.02054301826948765,-0.012098003998764394,0.09185086501040256,0.0713078467409149,0.0829878872819053,0.07410787784382847,0.04345509134799419,0.0313570873492298,0.03738566360264862,0.027485703122210315
sage,qwen05,18,10,all,-0.02465692722398548,-0.031876713066171444,-0.01636958471556954,0.1130691219683904,0.08119240890221896,0.11376331779966566,0.08536890539786164,0.05085712067299767,0.03448753595742813,0.04338002293254989,0.03013724933677227
sage,qwen05,18,11,all,-0.02310886194022317,-0.03210219126018052,-0.015099196218638956,0.10784250589256685,0.07574031463238633,0.10622289005007757,0.07566828822495325,0.04762621637637643,0.03252702015773747,0.04280616451623256,0.029639421760641518
sage,qwen05,18,12,all,-0.02612540282366613,-0.037422746614459115,-0.015769137954422807,0.1237881331891882,0.08636538657472909,0.11922843679043942,0.08698147859173078,0.05175923116398601,0.0359900932095632,0.04479261556555969,0.03239737414378366
sage,qwen05,18,13,all,-0.033206477728700744,-0.035465375897491394,-0.020171612305551374,0.11614512726680838,0.08067975136931699,0.1328674428062588,0.08272394613411081,0.053486420816411945,0.03331480851086057,0.045615156651281186,0.026406219758841512
sage,qwen05,19,0,all,-0.040112272048018476,-0.039148513880286506,-0.02631294727662281,0.13620882749702118,0.09706031361673467,0.12230091607227005,0.09694801533856784,0.06628690512153695,0.03997395784491414,0.05612820270070384,0.04306660336196904
sage,qwen05,19,1,all,-0.04339112079786589,-0.0541893800767754,-0.026069829422022787,0.15750841733850554,0.10331903726173014,0.1393656756230586,0.1029575209295377,0.07051141230515305,0.044441582883130264,0.059112484815097475,0.04683886328372185
sage,qwen05,19,2,all,-0.031154334202931084,-0.037253248679015125,-0.02461889389091107,0.11567949043124158,0.07842624175222646,0.1299415331385903,0.08235669139688612,0.05889601271033137,0.0342771188194203,0.05653807080853903,0.03541255340328314
sage,qwen05,19,3,all,-0.04220926075058216,-0.05051314155554114,-0.026320531775057207,0.1635394411353374,0.11302629957979625,0.14552843565216492,0.10912381131282271,0.07345682977842459,0.04713629800336738,0.06343107782406752,0.04882958779735707
sage,qwen05,19,4,all,-0.03264635447027707,-0.028731510624341455,-0.018394415132070546,0.11473333064114534,0.08600182001680388,0.08731617837837592,0.07766316213154577,0.054039412960314746,0.0356449978282442,0.0444854645434589,0.03494879735914496
sage,qwen05,19,5,all,-0.03568638424350975,-0.04301180734379988,-0.019653535592862842,0.12716734958739567,0.0841555422435958,0.10363349024875577,0.08012083883177236,0.05690990115445818,0.03725636556159534,0.04754687825201163,0.03695694965528521
sage,qwen05,19,6,all,-0.0331290796945398,-0.03416849955312015,-0.01666786371850988,0.10425902315901246,0.07009052360589231,0.10865391574423773,0.07352154916879562,0.048430750995610165,0.031762887277100284,0.044866038068404855,0.030431090974495437
sage,qwen05,19,7,all,-0.02041355113036871,-0.03132897378494027,-0.013431009780440338,0.07815785525659204,0.04682888147165177,0.0826275143502828,0.05056246250769978,0.03608046706203303,0.02264945728159269,0.030919848399768093,0.021895644132141737
sage,qwen05,19,8,all,-0.02546784879408212,-0.02876336318699655,-0.0071835460860666285,0.083108815486717,0.05434545229972045,0.07236679494468183,0.051638083415784304,0.036527316814877524,0.029343770728810895,0.03410214784534593,0.028433681572685828
sage,qwen05,19,9,all,-0.031692929847803884,-0.03639617595574079,-0.01054619292490776,0.09821187877861588,0.061815702822875095,0.078142664010737,0.056018400922474974,0.03890222015019059,0.02835602722528283,0.034550364663487626,0.026794915119469607
sage,qwen05,19,10,all,-0.031544072413316256,-0.03740278116722926,-0.014457462961078554,0.09741859891541184,0.06001581774818258,0.08918566868280163,0.0574260984160286,0.04241923705122441,0.027961774090145858,0.03843071612896723,0.026566670240566154
sage,qwen05,19,11,all,-0.02534932218416976,-0.029495277835353773,-0.008087306856720978,0.08705143667292492,0.05755615883757115,0.061253512385242466,0.050204815783439216,0.03526836684930291,0.02718105999258193,0.030376122917369103,0.02555297909609013
sage,qwen05,19,12,all,-0.021515167550777318,-0.017364158938605226,-0.008182447934880818,0.062324670883104456,0.04496051194449923,0.04273666265117999,0.03836245295141632,0.027748513033701915,0.019566065098821098,0.024865583598386403,0.01811089814221638
sage,qwen05,19,13,all,-0.04278830837162118,-0.05787850227773167,-0.02118345439763717,0.1414388697753159,0.08356036749758422,0.11866970184108383,0.08292023215346805,0.05535537035349213,0.03417191595585496,0.048433862289158996,0.03560592170587923
sage,qwen05,20,0,all,0.0022941551241802923,0.010348394903454364,-0.018143480101075096,0.08063994416916942,0.09098833907262378,0.0811092823057176,0.07465466155459642,0.052985612591769614,0.03484213249069452,0.049439598525351354,0.031652755919797416
sage,qwen05,20,1,all,-0.011033226395622098,0.0023231168313017636,-0.018729648265671375,0.07842882884911863,0.08075194568042039,0.09681520949573745,0.06879670625690718,0.050880390892579785,0.03215074262690841,0.045686002571255345,0.03052307395794851
sage,qwen05,20,2,all,-0.00471607891843881,0.0041708649635792405,-0.017445080046004112,0.08762726784444104,0.09179813280802028,0.07929828892801842,0.07288221488955698,0.05200777282642438,0.03456269278042027,0.04101666721522936,0.030611849479471025
sage,qwen05,20,3,all,-0.024136740780346083,-0.007058289707482512,-0.0072217150651149,0.0507925885592436,0.04373429885176109,0.05604996696724649,0.03420941768286797,0.027455809065748082,0.020234094000633182,0.025143251722866935,0.018094209290760707
sage,qwen05,20,4,all,-0.009505167978718037,0.0024746016956753505,-0.008806270730489715,0.0515060588773531,0.05398066057302845,0.049586650397390374,0.04476716122726274,0.032637025428758654,0.02383075469826894,0.028648692707588963,0.02207217071709561
sage,qwen05,20,5,all,-0.014460716160384185,-0.0028567208533702843,-0.014216323607123712,0.06732185426152179,0.0644651334081515,0.07136401556278277,0.05738677417338902,0.04280079670165474,0.02858447309453103,0.03768129428461474,0.025762998154594676
sage,qwen05,20,6,all,-0.012781733102603866,0.0050916029402728324,-0.013013570503344628,0.050213400618848825,0.05530500355912166,0.0664804452364315,0.048172518305948174,0.03886651845211777,0.02585294794877314,0.03340361904626034,0.02283552973621052
sage,qwen05,20,7,all,-0.04076755128679304,-0.04002737249643111,-0.0033781561035273466,0.07222861030329485,0.032201237806863736,0.04971354001014455,0.03146130626524766,0.02212933177208544,0.018751175668558093,0.02142445393512631,0.018191633805828823
sage,qwen05,20,8,all,-0.036984688222924514,-0.028003440938648098,-0.0022943192709740205,0.05617389552692015,0.02817045458827205,0.04388652499177423,0.026631890732013757,0.02216901849528244,0.019874699224308418,0.022246285125069886,0.01935829408831708
sage,qwen05,20,9,all,-0.036966843165091086,-0.03507894135801827,-0.0024000609963688788,0.06569371916172397,0.030614777803705695,0.049547984566820524,0.029621923316231046,0.0224492789049462,0.020049217908577322,0.02256896329290668,0.019623859416739872
sage,qwen05,20,10,all,-0.029014431673140707,-0.027591033844813873,-0.0017382275278620858,0.05295784503347184,0.025366811188657967,0.04345643115946124,0.024913863866213776,0.01984596027728467,0.018107732749422584,0.019854077525050515,0.017972322849705045
sage,qwen05,20,11,all,-0.028993627466003268,-0.026567316924492535,-0.00140727412045253,0.05233367720287582,0.025766360278383287,0.04376626545874209,0.026226212797388303,0.02219123887173278,0.020783964751280252,0.022202386471440228,0.020619241870625943
sage,qwen05,20,12,all,-0.042739922876603616,-0.03029179117421681,-0.0030754883457543153,0.060795720063134,0.030503928888917193,0.0480522052759537,0.029672515352814788,0.023395037995550233,0.020319549649795918,0.023179298364255706,0.020000164675041333
sage,qwen05,20,13,all,-0.0396635516185447,-0.04091050374572318,-0.003555552510141162,0.08057104856098302,0.03966054481525984,0.0473735295340998,0.0362360592622421,0.023489353471725222,0.01993380096158406,0.021993897329543138,0.01868768149162226
sage,qwen05,21,0,all,-0.013278459747550835,-0.00757792415101052,-0.0017226250068552423,0.03627084087071627,0.02869291671970575,0.037821748370231265,0.028750002352843543,0.014451117608356288,0.012728492601501046,0.013247689609953074,0.011614229108520573
sage,qwen05,21,1,all,-0.02695845049905297,-0.009929770742657738,-0.00388768788335056,0.04565389176099601,0.03572412101833827,0.048806700124425166,0.033683778074521574,0.02007975212584436,0.0161920642424938,0.018253684390936265,0.014773262850976498
sage,qwen05,21,2,all,-0.022038194475429845,-0.01469390921463145,-0.003859613328204293,0.04643192003600743,0.03173801082137598,0.04719704015133052,0.029960920587108794,0.01713585275061207,0.013276239422407776,0.01554361802059523,0.01271306657315911
sage,qwen05,21,3,all,-0.01280157664074103,-0.008900815288579184,-0.0014364490307787955,0.036850604784821196,0.027949789496242012,0.03923649066849277,0.027076267687290562,0.014271645362813062,0.012835196332034267,0.013374579512741574,0.011958863091105871
sage,qwen05,21,4,all,-0.012371580373150268,-0.013577903584949192,-0.0027982820656602438,0.04265368510939471,0.02907578152444552,0.04493520924153372,0.027441761100899423,0.015298232422010111,0.012499950356349867,0.01400095269149295,0.011962387486783063
sage,qwen05,21,5,all,-0.013579918146860631,-0.014572344751071793,-0.002326902427148135,0.04207313258315007,0.027500787832078277,0.04597881839007404,0.027880255488787493,0.015698414008055293,0.013371511580907158,0.013811010868550798,0.012793194721315715
sage,qwen05,21,6,all,-0.024628762400792564,-0.011819605189683387,-0.004132625973739789,0.04155766393117217,0.02973805874148878,0.046698716586300794,0.030624826209224753,0.019266413268714044,0.015133787294974254,0.016803031234745077,0.014019891730175114
sage,qwen05,21,7,all,-0.056560055743786475,-0.0772647228769378,-0.00686193710497391,0.15609968398966967,0.07883496111273187,0.10745529199556031,0.07146819833477808,0.04516980044421839,0.03830786333924448,0.038568113363032036,0.03481986924038219
sage,qwen05,21,8,all,-0.08128272348971363,-0.0737900553682958,-0.009689579135720112,0.13978064931247267,0.06599059394417686,0.12494530314458215,0.07414911536998166,0.047798281596908854,0.03810870246118874,0.04305908759134921,0.032633257869690006
sage,qwen05,21,9,all,-0.014631051183827034,-0.01410767914805626,-0.0007617001708242373,0.0510925246924114,0.03698484554435514,0.04078359262750239,0.03569072819510874,0.028822366924255077,0.02806066675343084,0.027851911815404255,0.027543701186935388
sage,qwen05,21,10,all,-0.07307643286220272,-0.07349574819981014,-0.009630400716892487,0.1627751444770294,0.08927939627721926,0.14065012484231482,0.08967977020103611,0.04979346925966586,0.04016306854277337,0.045522427643014264,0.0325340242930986
sage,qwen05,21,11,all,-0.10122700722788257,-0.061135995847384786,-0.01550097835554326,0.13574114529622502,0.07460514944884024,0.1214422980285798,0.07710594529478289,0.05275564993572052,0.03725467158017726,0.04808350601743853,0.03241228700152788
sage,qwen05,21,12,all,-0.09265071506804479,-0.10309393547011765,-0.024131440274866578,0.21667861454809226,0.1135846790779746,0.18776287836069006,0.12316169302229345,0.0733563089429777,0.04922486866811113,0.05734647240165997,0.04333051469195905
sage,qwen05,21,13,all,-0.08073969761832499,-0.09180757756568846,-0.018050377507352354,0.16704878048783964,0.07524120292215118,0.1400278116207367,0.08057959438991352,0.05372634760653433,0.035675970099181976,0.04413027352765967,0.032194783186500056
sage,qwen05,22,0,all,-0.015440373562928442,-0.019606154453543148,-0.0019808730518436797,0.08452074161564571,0.06491458716210256,0.05897573013949916,0.05392602555612048,0.03141961339156888,0.0294387403397252,0.028383193606988825,0.02721655752752084
sage,qwen05,22,1,all,-0.012560138347810841,-0.014226064359361225,-0.0013864386150061053,0.0712427421643982,0.057016677805036976,0.05909596258125293,0.04281218076024638,0.026392192672762705,0.0250057540577566,0.02551241955007443,0.022903100054685165
sage,qwen05,22,2,all,-0.016587006724251407,-0.021649926130807295,-0.0021684056325664072,0.07207569717256676,0.050425771041759465,0.05985135553802904,0.04167254253957051,0.026970872399931147,0.02480246676736474,0.025493674746455922,0.023301322225246363
sage,qwen05,22,3,all,-0.014569605253816823,-0.01681876691450867,-0.0024974784174197906,0.07175054806368551,0.05493178114917684,0.059033825543602814,0.04493932084345054,0.028216341516752164,0.025718863099332374,0.02666374522164613,0.024322171074142473
sage,qwen05,22,4,all,-0.017086207925708086,-0.023005841039132002,-0.001260497911827193,0.09710109272444929,0.07409525168531729,0.06303663721539478,0.05794021625524906,0.03197613458787959,0.030715636676052396,0.029528253883277327,0.028782277486164697
sage,qwen05,22,5,all,-0.02272414596025571,-0.01942334278414782,-0.0013751152744395923,0.07699226658258478,0.057568923798436956,0.05654856819905313,0.04247701720272451,0.026402155581779007,0.025027040307339415,0.024991566188782417,0.022423159761345957
sage,qwen05,22,6,all,-0.012478409535617907,-0.018076837120208952,-0.002502612723400882,0.06966225491417873,0.05158541779396977,0.05055377981888664,0.04194892208221753,0.0274158241308579,0.024913211407457017,0.025673822455360734,0.023666928226987224
sage,qwen05,22,7,all,-0.010721400713010728,-0.009522505832477358,-0.0054309712025289135,0.0634105689700943,0.05388806313761694,0.0657796750968785,0.04517310514434273,0.030398855032172475,0.024967883829643562,0.02542176569338661,0.02354213600192685
sage,qwen05,22,8,all,-0.009407545037517033,-0.005017455796202677,-0.003102897301475671,0.06784060952473149,0.06282315372852881,0.05836403033177404,0.0475406230871839,0.029056196109348287,0.025953298807872616,0.026683989486593784,0.025122870968241968
sage,qwen05,22,9,all,-0.011257739448376212,-0.01789619214470526,-0.0037203810059379012,0.07037308802918313,0.05247689588447787,0.061155816664344165,0.045477860325902564,0.02851251553838598,0.02479213453244808,0.02700719879841022,0.024654535109328694
sage,qwen05,22,10,all,-0.010900121867203738,-0.013234264398745879,-0.004727845884913633,0.06730075378972465,0.05406648939097877,0.061799606267472385,0.04137757907989673,0.027801852348025815,0.02307400646311218,0.02646216824663855,0.022147195268038766
sage,qwen05,22,11,all,-0.010751967890421543,-0.013490907267307332,-0.0048242155811557,0.06672791261514315,0.05323700534783581,0.06787672205843447,0.04537906369885125,0.030424997266826497,0.025600781685670797,0.026953728706984762,0.024993501695047233
sage,qwen05,22,12,all,-0.009839247839948837,-0.05782071374895946,-0.00218660850683422,0.10209422133148309,0.04427350758252363,0.0903343892919818,0.042018797727687664,0.027228828307103742,0.025042219800269522,0.026154352508922233,0.022290658779590928
sage,qwen05,22,13,all,-0.0076169267701507,-0.025166576843362758,-0.0031284381046973973,0.06861967441818465,0.04345309757482189,0.0653217104578366,0.03841441620632628,0.025783695177489782,0.022655257072792385,0.024675228759513435,0.022366120463061297
sage,qwen05,23,0,all,0.0003094139613961551,-0.004058058803079065,-0.0014209759984938446,0.037542694027899705,0.03348463522482064,0.03255984522250131,0.025852990538211714,0.017105385187152405,0.01568440918865856,0.01532650340084047,0.013741331581910196
sage,qwen05,23,1,all,0.0012422006098819951,0.00017963471216880453,5.491963912078457e-07,0.02626050937616689,0.026440144088335695,0.02618685818444266,0.02622070597843364,0.025937313648005406,0.025937862844396614,0.025924227952782892,0.02592038180677353
sage,qwen05,23,2,all,0.007053724775171977,0.005938011376813435,-0.002591137109807101,0.04210321798984698,0.048041229366660415,0.037024078582164645,0.03227764435907229,0.021462266680936523,0.018871129571129422,0.01834996649184176,0.01666523599166123
sage,qwen05,23,3,all,0.00042578414228773565,-0.013142934935169381,-0.0013838750047162202,0.053986061934369646,0.040843126999200265,0.0354691669409393,0.029575613993698614,0.017678494162326152,0.016294619157609932,0.01585526660138439,0.014572118079212215
sage,qwen05,23,4,all,0.008690559463814076,0.0058048543068606046,-4.151162128653019e-05,0.036958288285458114,0.04276314259231872,0.03312175233041551,0.03224659328172485,0.026572231882927757,0.026530720261641227,0.025232137770056617,0.02515610509667922
sage,qwen05,23,5,all,-0.021764225743831734,-0.01761365063092792,-0.00257562186858442,0.047150474719625836,0.029536824088697917,0.03841684233692715,0.027020107104070813,0.020030717527841958,0.017455095659257538,0.017716871967831362,0.016414041459729595
sage,qwen05,23,6,all,0.012123756591644712,0.010197333735008397,-0.0008231730650783663,0.04174273760334026,0.05194007133834866,0.035430160932808354,0.03338934632514215,0.024680870733962676,0.02385769766888431,0.021740709980800684,0.021158671815465758
sage,qwen05,23,7,all,-0.019038089681599465,-0.01612343950477145,-0.0008507941367499883,0.06124175432845678,0.04511831482368533,0.04702354291867936,0.04096270604172114,0.02306195499865026,0.02221116086190027,0.022583900373549345,0.0212812524490206
sage,qwen05,23,8,all,-0.019002441339126524,-0.017741360546025806,-0.0026841126624348177,0.05900933938773601,0.041267978841710205,0.062125036261141166,0.03769840994621024,0.024752459616428316,0.022068346953993498,0.0236198154986406,0.02165022857009587
sage,qwen05,23,9,all,-0.012759428207303405,-0.01940542484623977,-0.0020727463516093184,0.060743773393619326,0.041338348547379555,0.05959328991304568,0.03783373293451154,0.022891707725634498,0.02081896137402518,0.02158932947249732,0.019946892808572054
sage,qwen05,23,10,all,-0.012368017406896718,-0.02162391680449257,-0.0009876976296149635,0.0653307681371657,0.04370685133267314,0.050903483853682686,0.04292674142153478,0.02389815732023882,0.022910459690623858,0.023168980180033247,0.021961708382450016
sage,qwen05,23,11,all,-0.015410049514326882,-0.021542847778231504,-0.0018258822624778355,0.06988353293314127,0.04834068515490977,0.05344358264929843,0.0373527200563153,0.02393590711274202,0.022110024850264184,0.022650399295719142,0.02107538560765772
sage,qwen05,23,12,all,-0.0154211196199936,-0.017826353418450278,-0.0018487575353141016,0.06823862437628915,0.05041227095783887,0.055299722454235645,0.04054376125627953,0.02516970042143235,0.02332094288611825,0.023619855970495016,0.02172570349064011
sage,qwen05,23,13,all,-0.0159751181564047,-0.019228462609474896,-0.0005934171216536929,0.056965180103737835,0.03773671749426294,0.05175673375507409,0.03814918256790817,0.02177890604546429,0.021185488923810596,0.021723598851046313,0.020300121500730652
sage,qwen15,0,0,all,0.030351902331903397,0.18568252002710015,-0.12949232155946372,0.24414467358608236,0.4298271936131825,0.017472214123478238,0.015417397603226022,0.19042892846149295,0.060936606902029226,0.012600278662893568,0.02210873935566661
sage,qwen15,0,1,all,-0.22245052927202838,0.0828904630816889,-0.0952855603528127,0.37859351532720487,0.46148397840889377,0.027338762818266235,0.027004546869014674,0.15973775141792132,0.06445219106510862,0.02851063525380776,0.032582388133075284
sage,qwen15,0,2,all,0.2623583534100944,0.2405992851692986,-0.09400607565528256,0.12578927298444983,0.36638855815374843,0.028690912898508242,0.02572687951879667,0.20567783411279952,0.11167175845751696,0.02071582826538299,0.044878750414418904
sage,qwen15,0,3,all,-0.05878482026960766,0.09551362499561727,-0.1000106056028554,0.4252709014958212,0.5207845264914385,0.025624789825552413,0.025771847510899715,0.15461673305058496,0.054606127447729545,0.025533646680724383,0.029002389342961638
sage,qwen15,0,4,all,0.13401864660014978,0.17550366453167118,-0.12572014707936324,0.14267546181231258,0.31817912634398376,0.015548872795171328,0.014957648018359646,0.2039430666851134,0.07822291960575013,0.012551329651356247,0.02732084332519133
sage,qwen15,0,5,all,0.22654856534392387,0.221726669539802,-0.09147457039517166,0.14842419842229196,0.37015086796209395,0.031848486179201434,0.028210237650026834,0.2085954556723555,0.11712088527718383,0.02340417864243424,0.04639258913993177
sage,qwen15,0,6,all,-0.006404281967562014,0.002193568607048557,-0.04658881325513714,0.49317036188861024,0.4953639304956588,0.026079383380565615,0.025843140380892467,0.08890676662743369,0.042317953372296546,0.025160474468009748,0.02644923206635069
sage,qwen15,0,7,all,0.027204584210985705,0.01719513752581392,-0.053118481888099964,0.4449789198984642,0.46217405742427814,0.03205635844747708,0.030379028659441167,0.17282486465646682,0.11970638276836686,0.026388838403252665,0.04289737360867383
sage,qwen15,0,8,all,0.22486290768910988,0.13777701877251786,-0.06858793429410792,0.3519010627930654,0.48967808156558323,0.05486292431134623,0.036819487187926735,0.24212667301956525,0.17353873872545733,0.029455223518139614,0.05973617642676456
sage,qwen15,0,9,all,0.29122105398331255,0.23701314582627114,-0.07932820479745514,0.2905423346588966,0.5275554804851678,0.03873891693209718,0.03800581837116802,0.2679229958625131,0.18859479106505797,0.024585046464341107,0.06073383498764242
sage,qwen15,0,10,all,0.02853919246623589,0.05260805750305686,-0.016059142629799142,0.5048258515058891,0.557433909008946,0.026739320152218696,0.02638637077574137,0.06563498103823061,0.049575838408431466,0.02552247105155793,0.02869642433448751
sage,qwen15,0,11,all,0.48966048798707323,0.3364453292292212,-0.08783339576866447,0.24017384185272683,0.576619171081948,0.0491602436769073,0.0460019191261841,0.3165747079353558,0.22874131216669133,0.029722035604906483,0.07386806420093533
sage,qwen15,1,0,all,0.050416317163118375,0.05447685232227577,-0.04772364134232517,0.08217681884412924,0.136653671166405,0.04375824454339225,0.028263124050789557,0.0865280251522258,0.038804383809900624,0.02063342262838271,0.02074420484050152
sage,qwen15,1,1,all,0.09025163153870468,0.08881307878072857,-0.06670693591042287,0.08683825965618512,0.1756513384369137,0.054511223266041076,0.03723227112611785,0.11793944312118188,0.05123250721075901,0.0256859667308991,0.02552496070928137
sage,qwen15,1,2,all,-0.0017406008348593432,0.0014183162592040222,-0.03289058089841301,0.09952668669244098,0.100945002951645,0.015246348138668068,0.015682523790289185,0.055236732542214555,0.022346151643801538,0.011033490685445213,0.011949731373969727
sage,qwen15,1,3,all,0.021744266443883272,0.026113059373731186,-0.028234298803151696,0.05871227826199029,0.08482533763572148,0.025679339104533603,0.017472862768182097,0.05071634112089015,0.022482042317738454,0.013705098143688072,0.01370481458787287
sage,qwen15,1,4,all,0.06874406359789191,0.0681257768536341,-0.059952792013899255,0.08914570052055981,0.15727147737419392,0.050022839939362546,0.034220276128985073,0.1053517114818616,0.04539891946796235,0.026769432611558727,0.026551722739363893
sage,qwen15,1,5,all,0.0022048872615166673,-0.021198646172769287,-0.03719262069090319,0.1023983300656381,0.08119968389286882,0.010304388703507064,0.013130698327186462,0.05329825468027385,0.01610563398937066,0.00901946430991653,0.008836555749771897
sage,qwen15,1,6,all,0.00020839065206787466,0.0013659538155577633,-0.00998461063290422,0.04032407090198379,0.04169002471754155,0.027486782497214823,0.03240947007907214,0.0296163198579474,0.01963170922504318,0.02519553804117358,0.018398393852088354
sage,qwen15,1,7,all,-0.0031500627628799163,-0.003709040559540251,-0.005199190843195586,0.04141635946666114,0.03770731890712089,0.026085323242191993,0.026980808176672578,0.02332376226462227,0.018124571421426684,0.019453529776956642,0.017084159921124494
sage,qwen15,1,8,all,-0.008381909954244418,-0.012882898042494227,-0.009561363226496006,0.06375090722593724,0.05086800918344301,0.03288890002889663,0.03694908987253549,0.03085394371651497,0.021292580490018965,0.026369599912774547,0.020335076214763326
sage,qwen15,1,9,all,-0.017158459133907802,-0.011200057685750324,-0.006022690691595705,0.07044887985015309,0.05924882216440277,0.04153948135994321,0.043650703662906375,0.036364698418328976,0.03034200772673327,0.028780628706485834,0.02859903416921628
sage,qwen15,1,10,all,-0.014281820632424627,-0.010552856098736046,-0.004161902379213177,0.06195545180088152,0.051402595702145476,0.03736253755735782,0.038316181715021665,0.03275472673655128,0.028592824357338106,0.027378411278168646,0.02708659616590171
sage,qwen15,1,11,all,-0.02778869974430996,-0.02503397220589801,-0.006460017221239098,0.08239425629047284,0.05736028408457483,0.04018616650949809,0.04200550559987575,0.03595541381155648,0.029495396590317382,0.027910678254870133,0.027867418547698395
sage,qwen15,2,0,all,-0.07750759606899288,-0.07939964154049454,-0.020916468036463548,0.14835865940197956,0.06895901786148502,0.1276110268139294,0.07365686779792736,0.055911281624678406,0.03499481358821486,0.044046870377888625,0.03304565864359759
sage,qwen15,2,1,all,-0.07789212375976447,-0.0848204307018776,-0.021539329748410985,0.1501637524248738,0.06534332172299619,0.10507813677176636,0.06423124848211727,0.05162020827023491,0.030080878521823926,0.04112680857598384,0.028801402109488436
sage,qwen15,2,2,all,-0.03488902217244775,-0.03208460415365409,-0.008781782586307105,0.059726610180813045,0.027642006027158956,0.07126246042099542,0.03011095330853167,0.024807672241853557,0.016025889655546452,0.0223634374889493,0.015054061571291343
sage,qwen15,2,3,all,-0.05019168267418156,-0.05206019393714451,-0.019857772993710297,0.11189551808928117,0.05983532415213665,0.10059419693147564,0.06435694223186161,0.05237559042914844,0.03251781743543814,0.040554135257186846,0.0302602587988228
sage,qwen15,2,4,all,-0.05672705709063763,-0.05905810470658488,-0.01644505716086898,0.11344522758719412,0.05438712288060924,0.09970129911855719,0.06142363241075524,0.04623216472376576,0.02978710756289678,0.03824794361170844,0.028392584387901872
sage,qwen15,2,5,all,-0.05082303974929981,-0.04954572743582633,-0.012494033010535425,0.0959172332203958,0.04637150578456947,0.0883274584108703,0.05059190033305533,0.03660454159307241,0.024110508582536983,0.031087193998016186,0.02212345675094581
sage,qwen15,2,6,all,-0.013739946569630214,-0.05678776043375908,-0.013143798980520996,0.1266828354829447,0.06989507504918563,0.06691078430369653,0.04616030384024845,0.046900484290025614,0.03375668530950462,0.03294761151543508,0.029494783493340785
sage,qwen15,2,7,all,-0.01140788855943218,-0.032731911512486125,-0.01628572536899482,0.1148884350852134,0.08215652357272728,0.06817719912673571,0.05298895569434211,0.055004433752779504,0.03871870838378468,0.0356573360242387,0.03304006051186706
sage,qwen15,2,8,all,-0.01083340776059978,-0.0390308322434149,-0.016070448836815694,0.11880699731837095,0.07977616507495605,0.07110891738734341,0.05131772645403985,0.053595137469658216,0.03752468863284252,0.03574939406101735,0.03296899080311145
sage,qwen15,2,9,all,-0.00892270492824763,-0.04208805175205989,-0.013566256162486509,0.11633642112272469,0.0742483693706648,0.06293822759183482,0.04809648440065669,0.04954810132021673,0.03598184515773022,0.034522979414648464,0.031367396686786675
sage,qwen15,2,10,all,-0.010714522482286035,-0.04355425973990422,-0.017625724589615976,0.13312471646768761,0.0895704567277834,0.07903800346386898,0.05913573481547731,0.05895956985399844,0.04133384526438246,0.03850755790975966,0.03524256756945763
sage,qwen15,2,11,all,-0.009198724230856539,-0.03026521039657616,-0.019406779221986158,0.12667193547394986,0.0964067250773737,0.07282934164904892,0.05878153331421567,0.06025112488511364,0.04084434566312748,0.03751824889848087,0.03482801685775771
sage,qwen15,3,0,all,-0.03382897481566642,-0.043916508836215826,-0.020766812294378656,0.10658198778139372,0.06266547894517789,0.07528279890750895,0.059062983280810576,0.05391850370325516,0.033151691408876506,0.044399447186976554,0.03205812487714065
sage,qwen15,3,1,all,-0.042982156281844215,-0.05481441380740855,-0.027763033097659325,0.13553896753510886,0.08072455372770031,0.10282685180105966,0.07508094552682858,0.06673105029091399,0.03896801719325466,0.05945026395076667,0.03713812167316019
sage,qwen15,3,2,all,-0.05287578740263226,-0.07305799928879599,-0.03440265852485494,0.16201915311037354,0.08896115382157756,0.12868984615030407,0.08540799999454346,0.07685573755315475,0.04245307902829981,0.06498515335691514,0.039822314481288264
sage,qwen15,3,3,all,-0.038474843636271454,-0.05447821524449335,-0.027108762608655308,0.1307751278144567,0.07629691256996333,0.10462003548018728,0.07283427511601907,0.06539925628019509,0.038290493671539784,0.056475418530037146,0.036311688044361475
sage,qwen15,3,4,all,-0.030263054589892962,-0.04496088229558989,-0.02406364678840922,0.11329261925365557,0.06833173695806567,0.09756455839883867,0.06826708577620685,0.058520271301668474,0.03445662451325925,0.05798252350870415,0.03305263345411608
sage,qwen15,3,5,all,-0.03275427385642072,-0.044637569427649654,-0.02099135554213337,0.10895587910874231,0.06431830968109266,0.08256988440924973,0.06091774395415193,0.055829164704946886,0.03483780916281352,0.04873043797016626,0.033584441359726824
sage,qwen15,3,6,all,0.006323866683166178,-0.008001780867803565,-0.01136154450911812,0.05252691423935559,0.04452513337155203,0.06265022528527243,0.03935818788320563,0.03553767610061587,0.024176131591497747,0.029665927329790984,0.022041235994346414
sage,qwen15,3,7,all,0.007763804038661617,-0.008263545999046384,-0.014863902509779887,0.046900159034452826,0.03863661303540644,0.06248704153222623,0.038605685559616326,0.0373495390041943,0.022485636494414412,0.027834555488013373,0.020345893416682373
sage,qwen15,3,8,all,0.008131819200628549,-0.002480863099722702,-0.01557849668599252,0.04844570771474093,0.04596484461501823,0.05212379801401675,0.038873517063681806,0.03773428633063831,0.022155789644645787,0.028468390486811778,0.019995703111709937
sage,qwen15,3,9,all,0.00032137168038289904,-0.020069172059583987,-0.011354864548676683,0.055471627106831733,0.03540245504724775,0.0666305083426769,0.033497481705505955,0.032010650886537734,0.02065578633786105,0.023816234789391936,0.01844530325618351
sage,qwen15,3,10,all,0.0071883527257298185,-0.008245627112960341,-0.019208238318646535,0.07182832206844462,0.06358269495548428,0.0849839635246551,0.05626266358127899,0.05145068934654647,0.03224245102789994,0.03988017737045977,0.029276503771527605
sage,qwen15,3,11,all,0.00024875036705248,-0.010571108602675554,-0.010329825854312908,0.037383338560838274,0.02681222995816272,0.04950192126612855,0.0255835503225814,0.02574861920141565,0.01541879334710274,0.018525186709752194,0.014792226485307489
sage,qwen15,4,0,all,-0.04651906088404733,-0.02790525165294292,-0.017805447460214317,0.07868686363122089,0.05078161197827797,0.07744450271144061,0.05426880633800855,0.043500213697399676,0.02569476623718536,0.03951695742861705,0.024604121329833927
sage,qwen15,4,1,all,-0.041137065575722435,-0.026258135308455298,-0.0186008822774047,0.0726506896988648,0.046392554390409506,0.08111493906654266,0.05380917602661797,0.042514940153171525,0.023914057875766826,0.03632407654874588,0.02167754775635267
sage,qwen15,4,2,all,-0.045867203015594014,-0.04006951361267445,-0.017765070052885426,0.09999624602386853,0.05992673241119408,0.08197389226738981,0.056719033830749686,0.04935390666203362,0.03158883660914819,0.043068755340179586,0.0302071340286451
sage,qwen15,4,3,all,-0.034176159579571964,-0.027158660716738454,-0.012896333058330055,0.06895282252979483,0.041794161813056376,0.059541102220844334,0.040634114101860484,0.03414634475526444,0.021250011696934388,0.03100731177683269,0.019706638673759793
sage,qwen15,4,4,all,-0.036309973450189464,-0.032040532337136336,-0.01448280835771885,0.079938946051811,0.04789841371467466,0.07510384183436386,0.05024353031479766,0.03914788166562374,0.024665073307904888,0.03688656915973776,0.022144665154980443
sage,qwen15,4,5,all,-0.03324825387136169,-0.03177227913715,-0.01490917169303228,0.08232538368653342,0.050553104549383415,0.06657016681912879,0.04612842992511035,0.0421014691958741,0.027192297502841817,0.03520603159218167,0.026389059984856026
sage,qwen15,4,6,all,-0.09268629623118331,-0.10034603106306692,-0.02043706904316249,0.17147414724847052,0.0711281161854036,0.14018668033203793,0.07188077393387168,0.05862849472167165,0.03819142567850916,0.050512613527150675,0.034981645892226916
sage,qwen15,4,7,all,-0.06840566861986488,-0.07012739570771184,-0.01388125228573154,0.12777527491331533,0.057647879205603485,0.11072240163008452,0.05736805372934984,0.04652186660325697,0.03264061431752543,0.04061864565003958,0.031264144469374186
sage,qwen15,4,8,all,-0.08867075799924685,-0.09257676224103509,-0.020401407531047105,0.16180389141413706,0.06922712917310198,0.14947766733921522,0.07009249161660794,0.0581095002811322,0.0377080927500851,0.04951121987610988,0.03508641992758015
sage,qwen15,4,9,all,-0.06477335978235976,-0.0683719588548927,-0.013319982510200078,0.12274048256347105,0.05436852370857836,0.11446064409510176,0.053904949311502214,0.04591429901744239,0.032594316507242316,0.040248342399807215,0.03117807944916581
sage,qwen15,4,10,all,-0.05239368419395271,-0.06148939918327954,-0.014726112473350934,0.10518024859795856,0.043690849414679024,0.12712747925791393,0.048801116942630486,0.0398561791539799,0.025130066680628962,0.03519145954731196,0.024683507679010706
sage,qwen15,4,11,all,-0.08383485875486997,-0.08252802441794356,-0.02017785936644155,0.14888183092039453,0.06635380650245097,0.15606611893630062,0.06738357695342694,0.057599072264937545,0.037421212898495995,0.04917422783289283,0.03477586134015126
sage,qwen15,5,0,all,-0.031245625209234993,-0.0295913932661927,-0.013687763063545817,0.09349100159057033,0.06389960832437763,0.07837586254625716,0.06914292525168864,0.04412716565379938,0.030439402590253562,0.04155331817194189,0.029996578221751127
sage,qwen15,5,1,all,-0.021423926595102834,-0.018566822044423316,-0.0029354821808740793,0.05814101667682506,0.03957419463240174,0.047708122205182744,0.039091568768628404,0.03092012972429113,0.027984647543417052,0.02972683091911975,0.027380490029911792
sage,qwen15,5,2,all,-0.030264731407789888,-0.022707899142877935,-0.014327151486954445,0.08994733249882812,0.06723943335595019,0.0742265447912684,0.06972746990866559,0.045740399754362206,0.03141324826740776,0.04188561513103517,0.028306976878694285
sage,qwen15,5,3,all,-0.04579333892474339,-0.05445025841076282,-0.005715974935914726,0.10147167375566751,0.04702141534490469,0.09467303665613681,0.05850711701581976,0.03285330262999251,0.027137327694077784,0.029508371558845958,0.023132970173160013
sage,qwen15,5,4,all,-0.01598143672661766,-0.005977016915279996,-0.006439785797042123,0.036116163700806864,0.030139146785526868,0.033102737766966775,0.02923727789637072,0.02295781262613909,0.016518026829096966,0.0211350177204094,0.01663746281445225
sage,qwen15,5,5,all,-0.027929821359574943,-0.02480015430653977,-0.005495596356979902,0.05589633985988299,0.031096185553343217,0.05125521158510008,0.03661205947177499,0.02601655639251944,0.020520960035539538,0.027028524744426862,0.020034703551580334
sage,qwen15,5,6,all,0.008156819244459074,-0.023299987840202353,-0.01100293519572117,0.07225836748337068,0.04895837964316833,0.09873869045815675,0.04791811287573431,0.04204876959289603,0.03104583439717486,0.03543844333209752,0.02986978532860199
sage,qwen15,5,7,all,0.008422895374848985,-0.04062241940835794,-0.024214220097934724,0.10626880179412412,0.06564638238576619,0.12582348885195174,0.06399532924453616,0.05854569705735185,0.03433147695941713,0.04940979853986791,0.03069952923121427
sage,qwen15,5,8,all,-0.0012131394978180388,-0.031484702634777796,-0.015516186455307824,0.09089696101096596,0.059412258376188166,0.11064507305256295,0.05852847250319406,0.046126960420344025,0.0306107739650362,0.039331935969494074,0.029230563190874286
sage,qwen15,5,9,all,-0.006686953074705931,-0.08817244929613476,-0.0255201134829124,0.18821212167685294,0.10003967238071819,0.21817081529281127,0.09713088541819322,0.0764901615744805,0.050970048091568104,0.05990662693306592,0.045942060521990326
sage,qwen15,5,10,all,-0.0010743558890011033,-0.05553352625095638,-0.024465763338445308,0.13092854091359415,0.07539501466263777,0.1646772325686555,0.07503351808022114,0.06236506789325808,0.037899304554812774,0.05302993230463741,0.03607607427488773
sage,qwen15,5,11,all,0.010079681595312825,-0.05358357412708048,-0.03306663269714199,0.1299836186007833,0.07640004447370283,0.16759340667364428,0.0762645509044123,0.07209539085286444,0.03902875815572245,0.06312282827174631,0.03728654300303153
sage,qwen15,6,0,all,-0.0017240030838417016,-0.006757477809867414,-0.0069299654961751354,0.04920246104191933,0.04244498323205192,0.06045979777892677,0.04310293173358785,0.027968629006983724,0.02103866351080859,0.028038585529168197,0.019597987412456948
sage,qwen15,6,1,all,-0.02466035776186447,-0.0361512098981075,-0.010052706493289654,0.08089761351566523,0.044746403617557724,0.13401598735995415,0.054281910379794414,0.04175461592188937,0.03170190942859972,0.04162689773470409,0.03137575964152659
sage,qwen15,6,2,all,-0.0052016121086971194,-0.004354163544466563,-0.010609991131355759,0.07533642992395896,0.0709822663794924,0.07130561886299679,0.06186539147070675,0.04128698792570222,0.03067699679434646,0.03671038526407309,0.028922629883249642
sage,qwen15,6,3,all,-0.011612648298139188,-0.02211103236201656,-0.005796192262452621,0.06332478167582528,0.04121374931380872,0.10088429281483602,0.04905743963001221,0.027310313327493303,0.021514121065040682,0.029461952675156926,0.018653140911199597
sage,qwen15,6,4,all,-0.011320799944623433,-0.01764498083524859,-0.008255250965149313,0.0795563168854696,0.06191133605022101,0.11582261685708684,0.06530703012836185,0.04120048169771679,0.03294523073256748,0.04325528765303876,0.03100220963742702
sage,qwen15,6,5,all,-0.012068927600876864,-0.012548050427106272,-0.01172994774221374,0.08973173220687704,0.07718368177977077,0.09558829904791556,0.07182234482115024,0.045330154483819156,0.033600206741605416,0.04145873705872544,0.030621081980686266
sage,qwen15,6,6,all,-0.06864667210491744,-0.08153702099980208,-0.011294656003461113,0.15667349081862977,0.0751364698188277,0.21153121164583077,0.0755080928444099,0.050614469292525464,0.03931981328906435,0.05236956880823778,0.04098254828699175
sage,qwen15,6,7,all,-0.06648369453011398,-0.07792006435399278,-0.01663325389672591,0.14715554657184016,0.06923548221784738,0.2115305280202784,0.06675585995230028,0.05160839659697992,0.03497514270025401,0.0484188559924889,0.03767866665683301
sage,qwen15,6,8,all,-0.06782975169381021,-0.07753477597457754,-0.007321689138682599,0.1581917223068938,0.08065694633231625,0.19922153233770135,0.08418985132190306,0.04894631130697897,0.04162462216829637,0.049496906219389424,0.04208669406662685
sage,qwen15,6,9,all,-0.05447790426949279,-0.06938349255720203,-0.011114287414191126,0.12744933169737396,0.05806583914017193,0.1888768087375047,0.05992131168639641,0.04658876663403585,0.03547447921984472,0.04458251126577401,0.03586453347351174
sage,qwen15,6,10,all,-0.047844694260782195,-0.05309566459308775,-0.004393717821148557,0.11547776349668208,0.06238209890359433,0.13274973852371388,0.06125946124976792,0.03716001553330087,0.032766297712152316,0.03668391107885676,0.03323985620272713
sage,qwen15,6,11,all,-0.043607465233041424,-0.04789315718936591,-0.003943547402615197,0.10439527475321136,0.056502117563845454,0.118416626705583,0.05624371720731785,0.03549722483060364,0.031553677427988445,0.035065227858326616,0.031249142376926553
sage,qwen15,7,0,all,-0.00438340141376594,-0.02914762173751606,-0.017855822549868738,0.08776273993276357,0.058615118195247506,0.08858229812690292,0.06767320030350478,0.0436785741550225,0.025822751605153762,0.0394728289334339,0.026819601138728676
sage,qwen15,7,1,all,-0.007125811228520247,-0.018052781731050856,-0.012973725883488746,0.07619525012463395,0.05814246839358309,0.0749212545083333,0.05926765409866166,0.04408628526658065,0.031112559383091903,0.036014667187139915,0.027994129771424972
sage,qwen15,7,2,all,-0.005367900574243113,-0.013716524129321714,-0.013876812312758533,0.06410864338576226,0.05039211925644055,0.06859464154747559,0.04969218789387412,0.038644725531203225,0.024767913218444692,0.03275823886014758,0.022548834081753528
sage,qwen15,7,3,all,-0.013473810048785291,-0.02201802401121479,-0.005818561430218187,0.06960645786078713,0.04758843384957234,0.06438669130869716,0.05187436440040503,0.03767558254077939,0.031857021110561205,0.034327475841593263,0.03020257787244425
sage,qwen15,7,4,all,0.0005530293273626162,-0.004572003653169898,-0.0070587978339029,0.037879434254156526,0.03330743060098663,0.03814346151041601,0.03159289807968905,0.024871591134028714,0.017812793300125813,0.021377892524156478,0.01685050269623931
sage,qwen15,7,5,all,-0.012911745521233123,-0.025804808018801716,-0.011894644676975784,0.08698142688516247,0.061176618866360756,0.07956352612797746,0.06599432368205257,0.047149391935438094,0.03525474725846231,0.04078192379743994,0.03373070567887276
sage,qwen15,7,6,all,-0.018301890608771937,-0.022649328589102916,-0.024448199697570113,0.09496004519578188,0.07231071660667897,0.04495177560321754,0.03782871810320524,0.05149331090601295,0.02704511120844284,0.025357713621857708,0.024100840488395323
sage,qwen15,7,7,all,0.006716418925801919,0.00970706090733571,-0.032022150554129075,0.07623642843347164,0.08594348934080735,0.05168139182572576,0.04061110476262684,0.062207658151750424,0.030185507597621352,0.026562910674097634,0.026017264364548265
sage,qwen15,7,8,all,-0.004619062319617358,-0.011637672185620285,-0.025370975683647226,0.08735201023396177,0.07571433804834149,0.05196306428821932,0.038530138099486626,0.05577300731172047,0.030402031628073242,0.028529140886793047,0.026862145416638273
sage,qwen15,7,9,all,0.0036237556840330123,0.007808048404048612,-0.032827179538289494,0.07799223355540567,0.08580028195945429,0.05090062238432297,0.04346248198872183,0.06340469053660525,0.030577510998315755,0.02731558936553406,0.02654276841567424
sage,qwen15,7,10,all,-0.0011762615248134916,-0.013537816551325924,-0.02771392037808998,0.09436423767244358,0.08082642112111765,0.053058347139366475,0.040718507016526066,0.05904994179639791,0.03133602141830793,0.02759357793355577,0.026563184890244885
sage,qwen15,7,11,all,0.005868514183149977,0.009271641362510324,-0.031219864294930233,0.0768896364706989,0.08616127783320922,0.050793737243257746,0.041713595485918825,0.060911557665132204,0.02969169337020197,0.027088588023472037,0.025985501122743494
sage,qwen15,8,0,all,-0.025378104688709675,-0.02969503788989398,-0.003794599723215303,0.0756748606807695,0.04597982279087553,0.0717013749271049,0.046805757668622695,0.02799634599421322,0.024201746270997918,0.026988583733483715,0.02409477935675093
sage,qwen15,8,1,all,-0.029244046724613986,-0.04002850295302823,-0.005560246199255627,0.08149790153583142,0.041469398582803185,0.09286106913478226,0.04798220545376649,0.029054319245920376,0.02349407304666475,0.02459550748008334,0.025476246374151395
sage,qwen15,8,2,all,-0.018637253726010657,-0.02242892747257,-0.002952444085965518,0.05566306878547644,0.03323414131290644,0.05718559555470387,0.034087028402624266,0.021905906708679018,0.0189534626227135,0.0202007302593847,0.01878965777970643
sage,qwen15,8,3,all,-0.04584159659029811,-0.05645764565637823,-0.009126386605464956,0.11675666714210503,0.0602990214857268,0.13695380477686533,0.06623908865684565,0.04195662855695545,0.032830241951490494,0.04055426338134924,0.03138594404348655
sage,qwen15,8,4,all,-0.038170715522621385,-0.055131470598777724,-0.005296162595547098,0.12085017823549744,0.06571870763671972,0.13048091490403732,0.07218015563687745,0.04028326729301021,0.03498710469746311,0.03783417710789919,0.03434955605894965
sage,qwen15,8,5,all,-0.024843805408163656,-0.030417943311172084,-0.0034626275208956073,0.08774613817447148,0.057328194863299396,0.08043884914376086,0.0564339717761943,0.03237624132648031,0.0289136138055847,0.030498311620630728,0.028780689291376286
sage,qwen15,8,6,all,-0.01599365614099779,-0.028653260728180377,-0.014558323271524995,0.08842069470480986,0.05976743397662948,0.09068998157464596,0.06183837416185937,0.046459868788618165,0.03190154551709317,0.04360513462390483,0.031034636307874206
sage,qwen15,8,7,all,-0.03736706596135257,-0.06100066692012192,-0.022947369365055682,0.12807642216376589,0.06707575524364397,0.12939394804203735,0.07318890064967513,0.053976664770843875,0.031029295405788193,0.051513408232034597,0.03258156305890799
sage,qwen15,8,8,all,-0.02329416598515481,-0.04791131046960702,-0.018647938888930092,0.11830843209246311,0.0703971216228561,0.12110739905660713,0.07430331804732099,0.053316205473417394,0.0346682665844873,0.050974015843282476,0.03362345923389743
sage,qwen15,8,9,all,-0.02085249011350221,-0.03647173030560879,-0.007641558330524281,0.08881481095969936,0.05234308065409057,0.08103299318399264,0.05623459489975546,0.03958125388118793,0.03193969555066365,0.037486377124347776,0.03047817553577467
sage,qwen15,8,10,all,-0.02686247168310778,-0.04866424866077888,-0.01232259456982715,0.11527775682640806,0.06661350816562918,0.11881891197731842,0.07163389115026042,0.047861946094702984,0.035539351524875834,0.04842010631835659,0.035412919861366035
sage,qwen15,8,11,all,-0.02099445328743872,-0.033555463644360586,-0.01529975187086395,0.10280889788184437,0.06925343423748379,0.09613092378622516,0.06733849950034061,0.05034982936920283,0.035050077498338876,0.046366272372654276,0.03276557921651664
sage,qwen15,9,0,all,-0.02464148351259837,-0.03508864577903771,-0.021105970767441272,0.09741641685453258,0.062327771075494864,0.07749140896089646,0.06129914183175542,0.05442414683913902,0.03331817607169775,0.050608856960264105,0.030742690083178936
sage,qwen15,9,1,all,-0.03364310489717475,-0.04755506899956129,-0.030454425670750553,0.12556133389091426,0.07800626489135297,0.10724195386903775,0.07543757494615715,0.06847519539856055,0.038020769727809996,0.06492836039210813,0.03488409415072879
sage,qwen15,9,2,all,-0.030282231793006095,-0.03919641385438222,-0.026908656492032113,0.11378484350277912,0.0745884296483969,0.09036112357311436,0.07133841572129085,0.062028111938845575,0.03511945544681346,0.05562299425647388,0.03268770128873243
sage,qwen15,9,3,all,-0.023140165096666183,-0.030229996416024675,-0.02207869048004328,0.08952354056012612,0.05929354414410145,0.07896283410232345,0.05865608552804108,0.054275285894562285,0.032196595414519004,0.05108638649066167,0.02838714776300028
sage,qwen15,9,4,all,-0.032062888654937595,-0.04422058367899205,-0.027253428920750417,0.11964878200215372,0.07542819832316167,0.08747042308274126,0.07218108241490101,0.062389658656968265,0.03513622973621785,0.05499866762755787,0.031851536215340356
sage,qwen15,9,5,all,-0.03029253506451454,-0.04074101976170587,-0.02719581436038842,0.11080776263428838,0.07006674287258251,0.09271761579523045,0.07042818845642497,0.06267023809021284,0.03547442372982442,0.055751309307298734,0.03254023047690336
sage,qwen15,9,6,all,-0.047974962021589275,-0.049080820916951616,-0.01957124928916972,0.09318830705247039,0.04410748613551877,0.1256277420392277,0.05064406739137175,0.04823715099099716,0.02866590170182744,0.04200709485103854,0.030675099452525917
sage,qwen15,9,7,all,-0.04880131065284136,-0.0475168262089506,-0.017824145372013787,0.10762122927602909,0.06010440306707849,0.12231786894130531,0.06445286846629598,0.047812517843511544,0.029988372471497757,0.044571491944792097,0.02981517542922825
sage,qwen15,9,8,all,-0.04069239247067476,-0.04419523722775016,-0.01536972430649743,0.0942784794552018,0.05008324222745165,0.11642868792513338,0.05689325412438462,0.04563217950135016,0.03026245519485273,0.04015833167654485,0.032784588730934074
sage,qwen15,9,9,all,-0.055550822438349856,-0.05459329802361201,-0.020995014731781076,0.114872927616727,0.060279629593114996,0.12999926732481645,0.06296777352968778,0.05063469289195487,0.029639678160173797,0.04608722864689019,0.02964844815557077
sage,qwen15,9,10,all,-0.0557321147627803,-0.05681342638139185,-0.01936277691583864,0.12852778109664575,0.0717143547152539,0.13917137793964268,0.07835697789109397,0.05485127532001872,0.03548849840418008,0.04920918387578305,0.033963741192413056
sage,qwen15,9,11,all,-0.05536616244100919,-0.06136806071477671,-0.020765394468804717,0.13404041549356574,0.07267235477878903,0.13632843557342458,0.07794059336462282,0.05789922093441784,0.037133826465613126,0.051078454097913444,0.03666756605263064
sage,qwen15,10,0,all,-0.05174676662647292,-0.04443500533016992,-0.017934373343642673,0.08943499928152665,0.04499999395135673,0.09567772148902602,0.05118733407627641,0.04944042796664857,0.031506054623005895,0.03979225833196496,0.027898570017572278
sage,qwen15,10,1,all,-0.05790090493494691,-0.05861120121291796,-0.019443192317719474,0.12671258879554997,0.06810138758263201,0.09689511268008154,0.06614803411528566,0.05272282486084335,0.033279632543123876,0.04468156044655589,0.02978568175849099
sage,qwen15,10,2,all,-0.03984448040693906,-0.025317145373065834,-0.014481270618906385,0.07391634731591784,0.048599201942852006,0.04895190312239014,0.044752314240452784,0.03884796713236074,0.024366696513454352,0.03439900692102888,0.02152687801824897
sage,qwen15,10,3,all,-0.05945070916871372,-0.05507201313914248,-0.022642310907967783,0.11945982823062525,0.06438781509148277,0.11256704084254619,0.06891501622871819,0.058059240087394694,0.03541692917942691,0.04854569288174667,0.03166043356668937
sage,qwen15,10,4,all,-0.04760097951227512,-0.04484905151727943,-0.013323842450013564,0.08872392483287554,0.043874873315596113,0.07992373903787207,0.04512163715464257,0.03884147136477092,0.025517628914757354,0.03638610574736215,0.02274425696718013
sage,qwen15,10,5,all,-0.01930772903090994,-0.017049123622117468,-0.0021229372020247182,0.05068628649212698,0.033637162870009514,0.040070113454352525,0.03276390693329579,0.02931116928386812,0.027188232081843403,0.02846445060311162,0.026481717564898158
sage,qwen15,10,6,all,-0.020546641089663576,-0.022197075322200742,-0.020902361058087186,0.07509335002618994,0.0528962747039892,0.06825498944486201,0.052547762429271894,0.04926004659615027,0.028357685538063084,0.03894309892259803,0.02649708623463375
sage,qwen15,10,7,all,-0.017227991065010263,-0.016630332105495298,-0.01737790397930421,0.06376967070271797,0.04713933859722267,0.05403732822322257,0.046022607403455484,0.042953929631197825,0.025576025651893614,0.034614975508118206,0.023762460085095388
sage,qwen15,10,8,all,-0.03378886209448979,-0.035368687548881735,-0.013439016372414809,0.08511401432403642,0.04974532677515469,0.06696180967313643,0.04944471941418741,0.043759366939379464,0.030320350566964655,0.03580629473865771,0.02813196561008365
sage,qwen15,10,9,all,-0.01919232668682294,-0.02122406462279712,-0.013651952269046273,0.06015002508522944,0.03892596046243232,0.05146585202360157,0.03919616700122493,0.03721082465238192,0.02355887238333565,0.02835919086513865,0.020880719217638833
sage,qwen15,10,10,all,-0.018443834640349713,-0.02195732460852514,-0.012336394001722241,0.06504985302823839,0.04309252841971325,0.055258473044398106,0.043123137032493965,0.03909697651645599,0.026760582514733747,0.031433603304811195,0.023757616691612887
sage,qwen15,10,11,all,-0.018153694306768327,-0.020526887283701327,-0.014784856912659287,0.07070466749985428,0.050177780216152955,0.05876891001408957,0.04826744756252067,0.04404776360752793,0.02926290669486864,0.0350732754747678,0.025404392860129067
sage,qwen15,11,0,all,-0.023428374526156648,-0.01899208696610271,-0.011449757607447347,0.0648891981510515,0.04589711118494879,0.06486258256011664,0.043265654005558866,0.0347776164447792,0.02332785883733185,0.03192005830551536,0.02174571648766939
sage,qwen15,11,1,all,-0.03525874607723086,-0.03401922959175879,-0.01808358882442479,0.10977078925681331,0.07575155966505452,0.08977513535828859,0.06905429079691411,0.052436546233538245,0.034352957409113455,0.04505328225727464,0.031469936694151046
sage,qwen15,11,2,all,-0.032206443548779606,-0.03208379059915564,-0.014874340893646563,0.09627511270129774,0.0641913221021421,0.06991156877218016,0.05750539089761947,0.04544914444463679,0.030574803550990227,0.03695211725621372,0.029392807004107718
sage,qwen15,11,3,all,-0.02551044578941014,-0.01946350820611479,-0.01316800445864719,0.06545345854381952,0.045989950337704734,0.05839915360487907,0.04399029518218318,0.03633467701181397,0.02316667255316678,0.030801964252907058,0.021600449594884052
sage,qwen15,11,4,all,-0.03774813186907297,-0.0405125385894496,-0.017001636729179072,0.11192472168994023,0.07141218310049063,0.08591000509593144,0.06551988173407126,0.050968073633237854,0.03396643690405878,0.04336594792351397,0.0319335863726947
sage,qwen15,11,5,all,-0.03122419595270152,-0.028217082252700268,-0.018635622648783677,0.0965425177076985,0.06832543545499824,0.08330580485623397,0.0658672896676391,0.05089002581245605,0.032254403163672375,0.04390579382988791,0.029703246592106127
sage,qwen15,11,6,all,-0.02016923498336019,-0.011332471126462428,-0.00993637041649972,0.0444511021379092,0.03311863101144677,0.06101885425695811,0.03224642714415194,0.027591739402185067,0.017655368985685347,0.024974887219109107,0.01706860305036314
sage,qwen15,11,7,all,-0.02277740517134384,-0.01733963670162033,-0.012154606511519554,0.05005080462719019,0.03271116792556986,0.06723091532863744,0.030830983935112077,0.029173480300209696,0.01701887378869014,0.027262930303424433,0.016897005854875496
sage,qwen15,11,8,all,-0.01672751594619212,-0.014970276013839226,-0.0036985968945582176,0.04965767839054983,0.034687402376710606,0.05289088756652895,0.034281357933046125,0.03092922809604379,0.027230631201485573,0.029320278775345706,0.02703922361535964
sage,qwen15,11,9,all,-0.029543573518479815,-0.023005096880104665,-0.015087378811216568,0.0681613524747214,0.04515625559461673,0.08512607976813535,0.04185290852811658,0.038332803055257963,0.023245424244041395,0.03460025394462283,0.022447946498022436
sage,qwen15,11,10,all,-0.019013078162310983,-0.010030694293423788,-0.008185343358554382,0.040914550180824905,0.030883855887401116,0.0473800818176428,0.028986871522734173,0.025745270785746056,0.017559927427191674,0.02311066677102649,0.016822882422425103
sage,qwen15,11,11,all,-0.0359173355409538,-0.037429949912682975,-0.02165029384441202,0.10211375476207028,0.06468380484938731,0.12374982766279302,0.06221869619194966,0.0517078482492316,0.03005755440481958,0.04839925974438248,0.02980905081935743
sage,qwen15,12,0,all,-0.020832712385292457,-0.0493892633853703,-0.014876988440163066,0.10432708631035843,0.05493782292498813,0.13220308759994084,0.06481628928298326,0.04154567979201121,0.026668691351848142,0.03808185491650943,0.029911873553546936
sage,qwen15,12,1,all,-0.02345867889697731,-0.05416112593146415,-0.015868333633657698,0.10356291763559129,0.04940179170412714,0.13156295669701046,0.06252363523475159,0.04148576326448198,0.025617429630824282,0.038023347063711486,0.0276267483127408
sage,qwen15,12,2,all,-0.012668639670640526,-0.027401567792649108,-0.008143312921176045,0.07697116543464173,0.049569597641992626,0.09492761696037677,0.049808198935812426,0.03124127225337527,0.023097959332199224,0.029911075465149758,0.023632935210610762
sage,qwen15,12,3,all,-0.019297212925291244,-0.050890407835220045,-0.014911992895352697,0.08957531212335772,0.03868490428813767,0.11628556151618519,0.0498469932172379,0.034417151657753955,0.01950515876240126,0.030792054116236024,0.02374987873025459
sage,qwen15,12,4,all,-0.01819158836728176,-0.02009374620941106,-0.0043214463592116375,0.043428126758904416,0.023334380549493355,0.04963983512091038,0.024418579295986523,0.01911392791730723,0.014792481558095592,0.017798439269980842,0.016205283569280058
sage,qwen15,12,5,all,-0.014736886500331963,-0.03823036583412682,-0.008875105054492943,0.08650997022817064,0.04827960439404382,0.1119357832353926,0.05258136763569135,0.0320936954508189,0.02321859039632596,0.030657719897347224,0.025203225046969608
sage,qwen15,12,6,all,-0.03330998601287799,-0.04944421632646368,-0.009154325824005966,0.1023508186344985,0.052906602308034824,0.10358176036772059,0.057800677713275066,0.04640976588365107,0.0372554400596451,0.05001518064420999,0.03140755411300771
sage,qwen15,12,7,all,-0.036282051709261236,-0.039365829718868164,-0.012240045477310623,0.09641714944636358,0.057051319727495414,0.07419665716031014,0.0585717614458543,0.042347532933586146,0.030107487456275523,0.04136845641355142,0.02851164399809679
sage,qwen15,12,8,all,-0.043928104570891,-0.051499575321471966,-0.0167228971949552,0.11630734751171407,0.0648077721902421,0.0949716741419425,0.06871842092131523,0.04991609981873241,0.03319320262377721,0.04868812429475423,0.030942145077912264
sage,qwen15,12,9,all,-0.04082051661894832,-0.04310756946012205,-0.015713011515873863,0.10278007916336569,0.05967250970324364,0.08389464606583769,0.06381691218292841,0.04825445262981734,0.03254144111394348,0.04787177084092755,0.029995226484975424
sage,qwen15,12,10,all,-0.035066991673397004,-0.037686968289639515,-0.014161921677557223,0.09065713910832836,0.05297017081868884,0.07367646890063119,0.05514189538800398,0.04272257700344023,0.02856065532588301,0.0430852202608096,0.026962554839101576
sage,qwen15,12,11,all,-0.03600985793461959,-0.04028766065939677,-0.013536799143635554,0.0945006908561391,0.05421303019674233,0.08147301055351981,0.058181809177538235,0.043179030653187206,0.029642231509551652,0.04383848541351785,0.02792802357745808
sage,qwen15,13,0,all,-0.021759431334642417,-0.03256000686019603,-0.02647671666474516,0.11607469729155338,0.08351469043135736,0.08993976316521919,0.09005075618445013,0.06199491693837362,0.03551820027362846,0.05351357584109768,0.03450341407768747
sage,qwen15,13,1,all,-0.008573612426585475,-0.03233195442612227,-0.02013539108655828,0.09488816418059122,0.06255620975446895,0.10939464319243142,0.07700695104754401,0.04903680817039278,0.028901417083834497,0.04276079022985326,0.031155804709021382
sage,qwen15,13,2,all,-0.01528336970421093,-0.02352083369013412,-0.026637654938211887,0.10743199870933222,0.0839111650191981,0.08526119636066644,0.08590174742727513,0.06173350128067473,0.03509584634246284,0.05247367581063355,0.033583066606741756
sage,qwen15,13,3,all,-0.013649184545278845,-0.030573213995166937,-0.03089982081118612,0.11891550201654423,0.0883422880213773,0.09879727246298338,0.0959326789705061,0.06839501754589362,0.037495196734707505,0.057658236570420345,0.03551356297557643
sage,qwen15,13,4,all,-0.01730372588127933,-0.02436226206426593,-0.013092816613777657,0.08329501274671408,0.05893275068244815,0.06754769692818495,0.06196876204011304,0.04311442791108996,0.0300216112973123,0.03756757842104785,0.02951206403421811
sage,qwen15,13,5,all,0.001126087664991805,-0.012305371614504373,-0.031421653851720494,0.0828020874321053,0.07049671581760093,0.07720545582183126,0.08261186004905542,0.06128460427263393,0.02986295042091344,0.053249285975096455,0.02891387172268761
sage,qwen15,13,6,all,0.014422247902422476,0.008696851502892046,-0.009808879023043067,0.051651385871616884,0.06034823737450893,0.061119536133308734,0.05403533319554104,0.03650632040116875,0.026697441378125686,0.035367327624387886,0.025223172894713056
sage,qwen15,13,7,all,0.013034297883569313,0.008696263273014808,-0.008099994062729474,0.04607923884935719,0.054775502122372,0.06208910532480564,0.05051925914637045,0.03363414195768771,0.02553414789495824,0.03334053366719835,0.02408635967493691
sage,qwen15,13,8,all,0.012549873036184468,0.007017385591152253,-0.009399410605466518,0.051967790274002244,0.0589851758651545,0.062496332756632085,0.051628356280347454,0.03579307232124402,0.026393661715777502,0.034532123758712736,0.024804504542359874
sage,qwen15,13,9,all,0.016610300998820358,0.008951595679277863,-0.010028323724551636,0.05145504108340674,0.0604066367626846,0.0719667078212254,0.056255396557563224,0.03714275479651444,0.0271144310719628,0.03629114886262331,0.025554468587590584
sage,qwen15,13,10,all,0.014393314970604436,0.006038716342105427,-0.012757778010189163,0.0551038381799972,0.06114255452210263,0.07588139373013235,0.05629702318756944,0.03888565826617381,0.026127880255984646,0.03762798544191487,0.024667831160201496
sage,qwen15,13,11,all,0.014432305875575058,0.004416186916599361,-0.010882319598058954,0.05681241976253091,0.06122860667913027,0.08351278518354933,0.060170715321999114,0.03909721529540484,0.028214895697345883,0.03916928842391199,0.02674061743024304
sage,qwen15,14,0,all,-0.06545089036418648,-0.09052497651562721,-0.021181212492159762,0.15781442415046087,0.06728944763483366,0.21462297200561573,0.07463582444668308,0.05912411318225508,0.037942900690095316,0.05014600736316485,0.03415376411610125
sage,qwen15,14,1,all,-0.03288673548107254,-0.05246054514492807,-0.01862431990660941,0.10766346084155759,0.05520291569662952,0.14526418634529026,0.05955050186579978,0.046086029600007794,0.027461709693398385,0.039518064703912455,0.024805134129106194
sage,qwen15,14,2,all,-0.041645565529295214,-0.06772481116937326,-0.01677646806415239,0.11273277615797983,0.045007964988606576,0.16022582513281833,0.051456876808289,0.040680448799493736,0.023903980735341345,0.035935229169557666,0.02074722078809095
sage,qwen15,14,3,all,-0.05969061424805275,-0.06892506011192101,-0.013937427824508242,0.1183951735295627,0.04947011341764169,0.14533573738415415,0.04895311473208119,0.042548145315170316,0.028610717490662074,0.038292666901108365,0.02663036002065604
sage,qwen15,14,4,all,-0.08134931826420815,-0.10020899520157815,-0.021482595534849325,0.16781764701222435,0.0676086518106462,0.23909329993944825,0.07117410173735873,0.05821650399260319,0.036733908457753865,0.048555825470683926,0.03311074878693397
sage,qwen15,14,5,all,-0.05890044529195932,-0.06634761966023142,-0.014503888467779388,0.11400547684540185,0.04765785718517044,0.16941102294547605,0.05102514019390351,0.04197953181253782,0.027475643344758435,0.03735860723433268,0.027537322589666107
sage,qwen15,14,6,all,-0.08001815587015183,-0.08097875572767677,-0.011095977729916672,0.1290150307242274,0.048036274996550644,0.10657751298814629,0.04843100488810837,0.037351738402929734,0.02625576067301306,0.03218878219734268,0.02224417114534304
sage,qwen15,14,7,all,-0.07507284631835186,-0.0790690238069131,-0.014295009628891298,0.14600547136442785,0.06693644755751475,0.11236579134725977,0.06548501107217901,0.047040474858662536,0.03274546522977124,0.03592762401173816,0.02930866249458706
sage,qwen15,14,8,all,-0.06347870358261894,-0.06797680291545105,-0.012493404292627765,0.13004531006889095,0.0620685071534399,0.09000644720972774,0.05665928677390613,0.04236340352150698,0.029869999228879212,0.032792210724761274,0.027915009497071087
sage,qwen15,14,9,all,-0.04653275265811591,-0.056982994459373396,-0.00818898733004084,0.10691412001291166,0.049931125553538264,0.08188840670268636,0.048834403628927325,0.03779254879318222,0.029603561463141376,0.03193974048289352,0.028785562613832638
sage,qwen15,14,10,all,-0.07286600324110654,-0.07335253218540044,-0.013371307107672491,0.12943915964377653,0.056086627458376094,0.10293560066872665,0.055406516755698555,0.04280707567928146,0.029435768571608966,0.03198276626274147,0.024687585647383437
sage,qwen15,14,11,all,-0.07873838978434644,-0.07998152517014326,-0.012427960666943742,0.13721076457352713,0.057229239403383876,0.10067875397461155,0.05449854169365111,0.04214996516066227,0.02972200449371853,0.03362475366772052,0.026026781865281762
sage,qwen15,15,0,all,-0.04199415050235788,-0.039404212281761775,-0.012608259259669984,0.09135447426206922,0.051950261980307444,0.1194059802037536,0.052830015287458926,0.040537876995671414,0.02792961773600143,0.037413298570720045,0.025484814783889295
sage,qwen15,15,1,all,-0.03885485350282852,-0.031003083639472878,-0.012038435557047662,0.07474750698783614,0.04374442334836326,0.09836120634884378,0.042716764557162744,0.03558451159914664,0.02354607604209898,0.03349584526404308,0.021149332818373664
sage,qwen15,15,2,all,-0.04231664741427323,-0.03698814135914721,-0.012872049944043045,0.08068572145705331,0.04369758009790611,0.11547831609640696,0.042920759161317136,0.036681217357830066,0.02380916741378702,0.03451279786339517,0.02108782536630732
sage,qwen15,15,3,all,-0.0341090157727013,-0.038083273311270704,-0.014997939975558965,0.07677752762916845,0.03869425431789775,0.12555346199893075,0.04224817308672687,0.03455976997012663,0.019561829994567664,0.033736084499869805,0.018986102706615892
sage,qwen15,15,4,all,-0.047139278359760305,-0.0437839623156581,-0.01652490423386812,0.091882433054919,0.0480984707392609,0.13899668909424368,0.049702938098991255,0.04179545990971697,0.02527055567584885,0.03990913052091676,0.023154140094949233
sage,qwen15,15,5,all,-0.03242279746431786,-0.033437456033569415,-0.0046496040824637805,0.07657516196501778,0.04313770593144836,0.08800083492043113,0.04590195998562435,0.03411824916241712,0.029468645079953337,0.033128737997403616,0.0285105167558968
sage,qwen15,15,6,all,0.037077820176538476,0.0307675916594988,-0.035802742456101336,0.08227660497256338,0.11304419663206218,0.03494229490911933,0.030985619835811634,0.065383399096425,0.029580656640323666,0.020462789919331068,0.01663248251662293
sage,qwen15,15,7,all,-0.0011375313880362878,-0.11332854781298089,-9.575694240857024e-06,0.14067273997200325,0.02734419215902235,0.026173581272160545,0.026175436715092704,0.026099024933602926,0.02608944923936207,0.026088866348416662,0.026088575945775443
sage,qwen15,15,8,all,0.04178440602417207,0.02996949632085956,-0.02531155569225925,0.10171767254214777,0.13168716886300733,0.0482835829626199,0.03890731130116613,0.05961983501228301,0.03430827932002376,0.027153009101094625,0.01966766359205675
sage,qwen15,15,9,all,0.11644963885590114,0.10100016349511494,-0.05565100771648634,0.09618524648190423,0.19718540997701917,0.06947590313386816,0.05995110268899534,0.11060756250587757,0.05495655478939123,0.03419800802598973,0.031460498847174244
sage,qwen15,15,10,all,0.10366680322126005,0.07911895059102171,-0.039986875707879385,0.0965783385031961,0.1756972890942178,0.06456390384218223,0.05296679373149979,0.0911539204353689,0.05116704472748951,0.03193511908496655,0.027061194097397778
sage,qwen15,15,11,all,0.045123805830173926,0.04401637510387031,-0.0491799699230418,0.09342564531975832,0.13744202042362863,0.03715957928296846,0.03465619113098189,0.08518887107906932,0.03600890115602752,0.021968348544852603,0.02118605198761786
sage,qwen15,16,0,all,-0.018074283227531122,-0.04299238968728366,-0.0119616749986757,0.08654238018870553,0.043549990501421866,0.09149817378416623,0.045108807536156224,0.036127856444874734,0.024166181446199034,0.031726054170743145,0.02143861578246982
sage,qwen15,16,1,all,-0.02070228234866805,-0.051158603824421604,-0.011151916669377985,0.09351293780208393,0.04235433397766233,0.10412718652338182,0.04494389220772382,0.03497486569507308,0.0238229490256951,0.03109996311195233,0.02024945925723026
sage,qwen15,16,2,all,-0.025050531738413012,-0.06257465904426482,-0.014598431246034733,0.10605101128286847,0.043476352238603654,0.10949193722459839,0.04785622502422223,0.03949895596800058,0.024900524721965845,0.03423510657305038,0.021505406298757062
sage,qwen15,16,3,all,-0.017023984492851744,-0.04461862250700148,-0.01067716975988028,0.08281403859196163,0.038195416084960146,0.08923851681629143,0.04093312775380675,0.031818887219382086,0.021141717459501806,0.02793279513191604,0.018635605105330088
sage,qwen15,16,4,all,-0.018551909513972748,-0.0419098039606335,-0.010322630673130589,0.08523348005451899,0.04332367609388549,0.08907005011862905,0.04473977047866193,0.0340950591810003,0.023772428507869713,0.029850905433364064,0.021086194592354047
sage,qwen15,16,5,all,-0.01713084464643606,-0.02730694277960754,-0.00836076834716902,0.06593120671637727,0.03862426393676973,0.06742296871378302,0.038611632430679,0.029584893420423756,0.021224125073254736,0.026542951464423672,0.019597605932261754
sage,qwen15,16,6,all,-0.01472260633338225,-0.017554653949748728,-0.005416012470942394,0.05974398474309686,0.042189330793348134,0.05044786786065822,0.04142484787826052,0.028856991721356032,0.02344097925041364,0.02492888111310884,0.021384729774362763
sage,qwen15,16,7,all,-0.023497704563680537,-0.02037537376164543,-0.007800641595525994,0.06518074275176393,0.0448053689901185,0.06505937772033508,0.05005995146151815,0.03274951836383535,0.024948876768309355,0.026494887177194216,0.021658127713259426
sage,qwen15,16,8,all,-0.013437157445017452,-0.016096696808264463,-0.006143474803170974,0.07131068235584774,0.05521398554758328,0.05891946052568039,0.05478574860720057,0.0350018357700671,0.02885836096689613,0.029253499007434135,0.025165882735972145
sage,qwen15,16,9,all,-0.010343949033472907,-7.784417506631613e-05,-0.006738582232452238,0.031824473145769444,0.03174662897070313,0.03216530234427147,0.027452145615519608,0.023468365216990555,0.016729782984538318,0.02155604010216057,0.014530912514148356
sage,qwen15,16,10,all,-0.028913413269127258,-0.028730344974558876,-0.00962765451855618,0.07922294920715868,0.050492604232599804,0.07949506825376011,0.05890059920531468,0.03925810781295445,0.029630453294398267,0.03156023634397201,0.02447682271226621
sage,qwen15,16,11,all,-0.03909407305192362,-0.04315155564261501,-0.012010145284337064,0.08937268686189291,0.0462211312192779,0.10154907000165397,0.05696288264943324,0.041188052356016774,0.02917790707167971,0.036331637934390405,0.024678805878827318
sage,qwen15,17,0,all,-0.04804876915390344,-0.05268546443500804,-0.005504382500231605,0.10577537023486479,0.05308990579985675,0.07933187043153726,0.05134700905555126,0.034187073001229716,0.02868269050099811,0.03189403707179684,0.026793343028923434
sage,qwen15,17,1,all,-0.058228485638744186,-0.06130418105112885,-0.006278846197187882,0.10950849206256101,0.04820431101143216,0.09546685352870828,0.050190595696584406,0.03133465497694987,0.02505580877976199,0.03040578616113016,0.022501789866842172
sage,qwen15,17,2,all,-0.0566459280243183,-0.05877074614437284,-0.007958799383867069,0.10493187930657093,0.04616113316219809,0.08863553069820614,0.0441771744609366,0.031210455565042722,0.023251656181175653,0.02970820928088036,0.021205610371426622
sage,qwen15,17,3,all,-0.05838012142224177,-0.062001623950168276,-0.006984950549821109,0.10656184208724129,0.04456021813707301,0.08086253734147975,0.04311033571945422,0.03107746888711442,0.02409251833729331,0.030098125315135348,0.02258516029530119
sage,qwen15,17,4,all,-0.05286212752665594,-0.05723523547524727,-0.006217186291491712,0.10565497186011212,0.04841973638486485,0.08012640524439098,0.04610388844285015,0.03167474137142446,0.025457555079932748,0.029165314493410237,0.023223297719890134
sage,qwen15,17,5,all,-0.05370719221370803,-0.06045931520517374,-0.006978079409273245,0.1148758088425678,0.054416493637394064,0.09589341249051105,0.05222850018085931,0.03431488046566041,0.027336801056387167,0.03211838813253435,0.024309919913665008
sage,qwen15,17,6,all,-0.026555489807245022,-0.0261566453059809,-0.010396054596792995,0.07290470408765289,0.046748058781671986,0.07347531980110482,0.05234625647000838,0.03350591631719394,0.023109861720400946,0.028963066214790584,0.021500632203516723
sage,qwen15,17,7,all,-0.01155224832143765,-0.007151480015283582,-0.009767647816790728,0.03845065071646627,0.03129917070118269,0.03888719544474973,0.039733558336105985,0.025092934205958938,0.01532528638916821,0.024754020020637316,0.014515455797732585
sage,qwen15,17,8,all,-0.020706363810005634,-0.02111537946596563,-0.01995529036945158,0.10688337624156014,0.0857679967755945,0.09245553867706757,0.09471675897439792,0.06031229327587053,0.04035700290641895,0.051753400704162345,0.03390254451790669
sage,qwen15,17,9,all,-0.022828254762027562,-0.021052343651015694,-0.006662676172161812,0.05776257591531442,0.036710232264298724,0.05485668121384533,0.041619338878052796,0.026757025025793805,0.020094348853631993,0.023844496245740254,0.018423242328044556
sage,qwen15,17,10,all,-0.01946195740594515,-0.022606462019766953,-0.011363412249576287,0.06385106877256781,0.04124460675280086,0.06623941417561348,0.05340715376520169,0.0302821764292598,0.018918764179683512,0.02809019574027405,0.018109982262877366
sage,qwen15,17,11,all,-0.0260698326548289,-0.026108381383114623,-0.01031933746836311,0.06052932760942444,0.03442094622630982,0.06103558632530098,0.0382371096946403,0.02857880343512821,0.0182594659667651,0.02569147213734235,0.018143093791664042
sage,qwen15,18,0,all,0.003700341451850169,0.00030786117670900115,-0.02515223684845108,0.07659591229114142,0.07690377346785042,0.07201889044870793,0.06924877649402902,0.05717737740943693,0.03202514056098585,0.05057427885029714,0.027789404562616984
sage,qwen15,18,1,all,-0.015055460695143736,-0.018963936912018135,-0.01432317589660587,0.07473186079679285,0.055767923884774716,0.09536051872338602,0.057573955485227285,0.04281002701531358,0.028486851118707707,0.042232794364895715,0.025634935351829365
sage,qwen15,18,2,all,0.0048323930417821515,-0.002920441524158379,-0.022396716263404406,0.08147975564302333,0.07855931411886495,0.08120000314816629,0.07124241327463827,0.05725425623608973,0.03485753997268532,0.05174438872813117,0.030352240298462077
sage,qwen15,18,3,all,-0.007477270013694551,-0.01003123688126814,-0.017331973386189043,0.06529962095558453,0.05526838407431639,0.07556072581388533,0.05533543757966908,0.04549198575918944,0.028160012373000396,0.04296470632876284,0.025072241560327252
sage,qwen15,18,4,all,-0.002776136159389662,-0.0056995015816295735,-0.020975041718208694,0.08018626295548135,0.07448676137385178,0.07646630701499363,0.06542762272569963,0.054065423893079195,0.0330903821748705,0.04651347883325472,0.02932598853940181
sage,qwen15,18,5,all,0.008308826871797447,0.005116243222261549,-0.02355578364648094,0.06487335681798108,0.06998960004024263,0.07315792185994739,0.06551434775139693,0.05358247953947465,0.03002669589299371,0.049648092356866104,0.02573383481194073
sage,qwen15,18,6,all,-0.042662211823264407,-0.023321365941570603,-0.01789082634183139,0.07441249287156174,0.05109112692999113,0.08090104832693835,0.03209367669968597,0.04052086686455075,0.02263004052271936,0.030965204065055135,0.02209062996538898
sage,qwen15,18,7,all,-0.08807657678668068,-0.05829263520279916,-0.024005216851341243,0.14634756148114206,0.0880549262783429,0.09591584544440679,0.05655657962891522,0.05589365150226603,0.031888434650924787,0.039675329256487424,0.029866901522180706
sage,qwen15,18,8,all,-0.05260174592522828,-0.03618916734556832,-0.011473626006422405,0.11014640579107988,0.07395723844551157,0.061441541867508616,0.04936558211354578,0.0426355031906048,0.031161877184182396,0.0310741902811222,0.027897629796739463
sage,qwen15,18,9,all,-0.0757901750467963,-0.04298082114796607,-0.02380724657941087,0.1323598881270648,0.08937906697909874,0.11349726182821045,0.05675234820500671,0.05861653541395575,0.03480928883454488,0.04387965996417879,0.0330309965731028
sage,qwen15,18,10,all,-0.024753864330672032,-0.01702569561898458,-0.0013185597259036848,0.05072493954216086,0.03369924392317628,0.02947473772737186,0.028294771008855534,0.027329081098322022,0.026010521372418337,0.026070414190032667,0.025758777836977498
sage,qwen15,18,11,all,-0.06253455620091751,-0.04674843783159331,-0.022755286862938217,0.1304787954605819,0.08373035762898857,0.07135152563633027,0.054707747888361156,0.053282818435296246,0.03052753157235803,0.03653323304388234,0.027258362087660738
sage,qwen15,19,0,all,-0.03440813147995548,-0.06002982475788117,-0.014442218141402556,0.1288680919184716,0.06883826716059042,0.12308066560193968,0.06737698683161532,0.0468087483934905,0.032366530252087945,0.044293355003940695,0.030852425982358156
sage,qwen15,19,1,all,-0.036918460761365686,-0.06915408499435839,-0.01278027377443667,0.14055341590990858,0.07139933091555019,0.12285233585794715,0.06623220375660745,0.04701642397148143,0.03423615019704476,0.04338355716741558,0.03375059547229408
sage,qwen15,19,2,all,-0.029018815207854737,-0.04938760444684151,-0.009388134459789817,0.10294856288217241,0.0535609584353309,0.100291649247235,0.05295999884244796,0.038479789904013455,0.029091655444223638,0.037735308883228506,0.028259417692446942
sage,qwen15,19,3,all,-0.028056865111733848,-0.04254654269955347,-0.008094050462343745,0.10337837747911145,0.06083183477955798,0.09059626959963725,0.056436166316318086,0.04006958726646185,0.031975536804118104,0.03923813330010371,0.031089475071480185
sage,qwen15,19,4,all,-0.028441953572557965,-0.046164943390856,-0.008924272283163177,0.10889336186507768,0.06272841847422168,0.0979722037561163,0.05973062531252393,0.03976578296948357,0.030841510686320392,0.03944077273673562,0.0294699043467004
sage,qwen15,19,5,all,-0.040616416902154964,-0.07795139020424308,-0.01842087290913947,0.14623646104105958,0.06828507083681651,0.1299555920690561,0.06779421523448322,0.05252353834571569,0.03410266543657622,0.05043378261098499,0.033536783121086454
sage,qwen15,19,6,all,-0.013848135137984935,-0.011867129535996834,-0.0028107659059652852,0.043144499439849764,0.03127736990385293,0.03873162720550454,0.029833357567670003,0.028483168068880394,0.02567240216291511,0.02684380235448994,0.025320462417499565
sage,qwen15,19,7,all,-0.05918085542911883,-0.0585099826160036,-0.022658114373397285,0.12109939960254588,0.06258941698654229,0.15639077500685925,0.05878471834348178,0.055920729420444786,0.0332626150470475,0.054409473270627895,0.028808889199783947
sage,qwen15,19,8,all,-0.05514132811990722,-0.05563603154813759,-0.023037760795612393,0.11510318645832168,0.05946715491018409,0.14536251639140454,0.05687300379325135,0.05329220697369801,0.03025444617808562,0.04826235702730581,0.027314584026218666
sage,qwen15,19,9,all,-0.036776896415419584,-0.025412094655352192,-0.01616452686284443,0.06623626395560178,0.04082416930024959,0.08271119107374071,0.03739981435521289,0.03606783476383874,0.019903307900994312,0.034236129112025664,0.017888192435974972
sage,qwen15,19,10,all,-0.056470131174474504,-0.052338240980516516,-0.020704554595646185,0.11467050144201775,0.062332260461501234,0.15474191625018874,0.05943260081062742,0.053795043389703034,0.03309048879405685,0.051873146746903374,0.027744532043850936
sage,qwen15,19,11,all,-0.05061341080760782,-0.04810185343072881,-0.016474460445835903,0.1044276657576763,0.05632581232694749,0.1096899748399946,0.05138776221143155,0.04623175823386849,0.02975729778803259,0.04046945896921999,0.026277485731019772
sage,qwen15,20,0,all,-0.032162505439195604,-0.030583879808599244,-0.007132782162411224,0.08652569167815109,0.05594181186955185,0.07542205084514875,0.05385189503152001,0.03507812889457174,0.02794534673216052,0.03286909044934649,0.027267756674680583
sage,qwen15,20,1,all,-0.04247760479427957,-0.039961267051998435,-0.011763467414429872,0.09611395731143439,0.05615269025943596,0.0892944524370089,0.05613461788764712,0.04036859786763849,0.028605130453208616,0.03803444361935403,0.028954481180264054
sage,qwen15,20,2,all,-0.03571316798579505,-0.03410649402092745,-0.006938951371706022,0.08495137525611263,0.05084488123518518,0.0840369465725211,0.056543430379891096,0.03665360830492812,0.0297146569332221,0.03493023547198381,0.029839442895804782
sage,qwen15,20,3,all,-0.041153884382475005,-0.03981259942971221,-0.008264285480801669,0.09464198055993563,0.05482938113022342,0.08876282109101301,0.0524612939952561,0.0370869707532271,0.028822685272425434,0.03613223162396683,0.02839352564007531
sage,qwen15,20,4,all,-0.04364705852743824,-0.04432060809802139,-0.009659224035280835,0.10165754138556245,0.05733693328754106,0.09323543904701163,0.05621788671065044,0.03838372415211951,0.028724500116838678,0.03792463824234158,0.029300458955626312
sage,qwen15,20,5,all,-0.0433770411008508,-0.043342195509394485,-0.00953841431683448,0.10056442658218438,0.0572222310727899,0.09098152287013456,0.054144472649371965,0.03741279966488476,0.02787438534805028,0.03584195588003552,0.02770297772244785
sage,qwen15,20,6,all,-0.018409932319702012,-0.031225640140435988,-0.015043588891454403,0.07386827958273041,0.042642639442294426,0.08053267912604496,0.04522264454527639,0.03829934685612164,0.023255757964667233,0.030787771207249664,0.021821520919708914
sage,qwen15,20,7,all,-0.004017205949234444,-0.005924216476826699,-0.005671294951456799,0.04651899312482035,0.04059477664799365,0.040039545674345346,0.03645711281795533,0.030101073811183477,0.024429778859726678,0.025853778872902546,0.023448137014384796
sage,qwen15,20,8,all,-0.006037647510289994,-0.021429168672474255,-0.012538675196731703,0.07607910703330335,0.0546499383608291,0.07585856707064428,0.051310229063429635,0.04045743293543334,0.02791875773870164,0.033580446394970424,0.025667005765443184
sage,qwen15,20,9,all,-0.02351868170825336,-0.04305153395146836,-0.017794165518182078,0.09040976108296506,0.0473582271314967,0.10573458614691979,0.04956311842352529,0.04355986734225622,0.02576570182407414,0.037365448345570866,0.02382693931434134
sage,qwen15,20,10,all,-0.016740165809265652,-0.02985711367422445,-0.014815214981529125,0.07465250581171548,0.04479539213749103,0.0828198993397062,0.04729979693789326,0.039965844036017995,0.02515062905448887,0.031093666485400847,0.02323662748614722
sage,qwen15,20,11,all,-0.01793060786023119,-0.02948124297085432,-0.012969072697363991,0.07447836692416308,0.044997123953308765,0.0784823799750409,0.046179204477244495,0.037625546574531106,0.024656473877167115,0.031031123901422108,0.02283214704676965
sage,qwen15,21,0,all,-0.016656898568559755,-0.008671687416762365,-0.02235473874603625,0.05220856554138481,0.043536878124622445,0.06637628358206275,0.04191008435258687,0.04149165355926929,0.019136914813233038,0.031703536698263514,0.018017411000385352
sage,qwen15,21,1,all,-0.011512857065593093,-0.011717471106341443,-0.020598890367716522,0.05155461559027036,0.039837144483928916,0.057834935782593,0.039469653485344515,0.038647242970813754,0.018048352603097232,0.030782655501830014,0.017619131400505302
sage,qwen15,21,2,all,-0.007094904730440287,-0.005313795975357336,-0.009232087231647807,0.0330502416616393,0.027736445686281964,0.029588956104507732,0.026269744150372865,0.02365482894574202,0.014422741714094212,0.019918712906103753,0.01382603144969041
sage,qwen15,21,3,all,-0.00820623797835131,-0.010632788843060494,-0.021587316725332567,0.06591888896003387,0.05528610011697337,0.06168390827724322,0.050089136858273514,0.047282929624762576,0.02569561289943001,0.03920444635482175,0.023939547085718438
sage,qwen15,21,4,all,-0.010055145041890595,-0.005280003981696993,-0.02207900230867528,0.054608689908692255,0.04932868592699526,0.06122152535678962,0.04678433102365568,0.04357416061159844,0.02149515830292316,0.03630767566447435,0.020371938512393956
sage,qwen15,21,5,all,-0.018532349102880014,-0.006735181528019198,-0.01283817204287446,0.04062334238566887,0.033888160857649674,0.05203466162618317,0.03468210241481018,0.03087339860993356,0.0180352265670591,0.023679907666155606,0.017684368057571603
sage,qwen15,21,6,all,-0.030949019458213944,-0.03252044904723082,-0.005277503971876284,0.07777127851016029,0.045250829462929465,0.08897056483618439,0.05154324056682579,0.03440082859688722,0.029123324625010938,0.03033723424272855,0.02524522289233766
sage,qwen15,21,7,all,-0.024007242419230246,-0.0204661712379166,-0.004937890602860241,0.07356406181879592,0.05309789058087932,0.07009168697151345,0.0518102614690058,0.03290501381694256,0.027967123214082318,0.02937117806519088,0.02557820368453481
sage,qwen15,21,8,all,-0.030571023294652822,-0.030704445293826453,-0.007500190753015123,0.0815288332581856,0.050824387964359154,0.08463853480131299,0.05213121292368705,0.035928690165871795,0.028428499412856672,0.03134182746160153,0.026177226825148076
sage,qwen15,21,9,all,-0.03283271266175258,-0.029883356080837815,-0.006256442746224607,0.0792958411594629,0.04941248507862508,0.08634285339730478,0.053304304479681465,0.034730168881661,0.028473726135436393,0.03142865862954077,0.02577773313089933
sage,qwen15,21,10,all,-0.034093423274792554,-0.035090503002048565,-0.01028519425954684,0.09793317581488385,0.06284267281283529,0.107438567799577,0.06510383830296644,0.04192229255852028,0.03163709829897344,0.03520571555979465,0.02867049670248906
sage,qwen15,21,11,all,-0.042389866854799924,-0.041651621142373106,-0.006239716736151361,0.09007453390474862,0.048422912762375515,0.10184771243397163,0.054789256554133026,0.03982587116746185,0.03358615443131049,0.036469082764321085,0.02796549676741048
sage,qwen15,22,0,all,-0.03207178178953589,-0.036724420697699406,-0.00826746165732481,0.10877813427734521,0.07205371357964581,0.0861645329724614,0.07954547489131257,0.043045069739027074,0.034777608081702265,0.040181802792767916,0.03425124753607641
sage,qwen15,22,1,all,-0.025223652141128063,-0.033796748776243946,-0.008393685552344293,0.09785211349313057,0.06405536471688662,0.07644762646576432,0.06733985054301493,0.04025419568352962,0.03186051013118533,0.03759879029589759,0.03065844170741726
sage,qwen15,22,2,all,-0.04693393462584103,-0.055327281970179706,-0.012393166536738831,0.14880181845941964,0.09347453648923994,0.12392716774093344,0.10355472783214302,0.05443785169973612,0.04204468516299729,0.05016254733490575,0.041039490486225766
sage,qwen15,22,3,all,-0.017729499060882056,-0.026567962228147057,-0.01075367789722215,0.0967048588327191,0.07013689660457205,0.07598564570134313,0.07275495904808926,0.041768686024130496,0.031015008126908345,0.03885101569103828,0.029767556123453137
sage,qwen15,22,4,all,-0.019653615080542794,-0.02605277095249104,-0.01049228394673513,0.08327345956567482,0.05722068861318378,0.06762432462129164,0.059728477661030364,0.038466724681822,0.027974440735086873,0.03699192418692716,0.027859210880761497
sage,qwen15,22,5,all,-0.023874650989807306,-0.03176562331717515,-0.006138723619141754,0.08348413287231433,0.05171850955513919,0.0656519455027312,0.054744888926539025,0.03431725871983559,0.028178535100693836,0.03311972365936548,0.02717239301146314
sage,qwen15,22,6,all,-0.056686003414691356,-0.03487017435346247,-0.015209463895343198,0.0807292357122356,0.04585906135877313,0.08993654508243669,0.05332615419424469,0.04312377634879405,0.027914312453450853,0.04051569419210571,0.025985649125325916
sage,qwen15,22,7,all,-0.05433511063474392,-0.05506887907304582,-0.015795809298471863,0.10741365099474483,0.05234477192169901,0.10891974281891577,0.05220698681795267,0.046058689977292004,0.03026288067882014,0.04135490204470543,0.02900841017143969
sage,qwen15,22,8,all,-0.058451344995159464,-0.05547339039792572,-0.018728855136217547,0.12077116242172953,0.06529777202380381,0.10753215416690014,0.06294590388523362,0.05366765554035328,0.03493880040413573,0.04935348677792111,0.03259643199855377
sage,qwen15,22,9,all,-0.05458086007170782,-0.05502850154409197,-0.021877329249862215,0.12306524334136416,0.06803674179727219,0.09372660045656804,0.06771427379220234,0.057206380563818736,0.03532905131395652,0.046924839490221026,0.03287475332045051
sage,qwen15,22,10,all,-0.05864349386887318,-0.058172704367583206,-0.02616062260498278,0.12301020804793521,0.064837503680352,0.11138797762556703,0.06648681655260598,0.06088815589985172,0.03472753329486894,0.04734980859778962,0.0308877659953309
sage,qwen15,22,11,all,-0.06509364133047474,-0.0662497486344586,-0.02692867750202066,0.12458881825599503,0.05833906962153645,0.11285274967067288,0.05915566339482925,0.05855166561248603,0.03162298811046537,0.0480959427528738,0.02893802248434345
sage,qwen15,23,0,all,-0.01824643965026954,-0.012089810559529741,-0.004159623302373298,0.047574271348918305,0.035484460789388564,0.047237233047227746,0.03543079041131713,0.021207845579945078,0.01704822227757178,0.020656212590628945,0.016450130478273522
sage,qwen15,23,1,all,-0.025309486516377124,-0.017233813996519652,-0.003381014889285286,0.05460241097477184,0.037368596978252185,0.05319585200720117,0.0381127692826586,0.022391145455593887,0.0190101305663086,0.02134121273883573,0.01747476283293974
sage,qwen15,23,2,all,-0.01968240721961016,-0.014351873576994592,-0.001861785400561717,0.05123447081304431,0.03688259723604972,0.04679763090969455,0.03715265682230225,0.01989921620172063,0.018037430801158914,0.019693527602213243,0.01768459150721738
sage,qwen15,23,3,all,-0.025187308190295497,-0.021154140198450418,-0.003237830907982818,0.06187374157931891,0.04071960138086849,0.05577650302626641,0.04413003412207706,0.02456242683042414,0.021324595922441323,0.024348180664235188,0.019406388774740487
sage,qwen15,23,4,all,-0.0221702443262872,-0.011378612030163875,-0.005161938056843184,0.04738182683233019,0.03600321480216632,0.046418349554128095,0.035958270286607676,0.021198436195504797,0.016036498138661613,0.020061165268526523,0.015626175449323
sage,qwen15,23,5,all,-0.029938039324875498,-0.021332333207568333,-0.00391477792286898,0.06115876449586629,0.03982643128829796,0.05870881646333381,0.046118587490244695,0.02626883482981829,0.022354056906949308,0.025370798746166583,0.020785830661985184
sage,qwen15,23,6,all,-0.002528228703084362,-0.010073484386060053,-0.01578084090041744,0.08027960765235659,0.07020612326629654,0.06826501858315664,0.07449887666962325,0.047946600483732844,0.032165759583315405,0.044164814548569346,0.030201493473297415
sage,qwen15,23,7,all,-0.001099614093885116,-0.008609656928255764,-0.005569284522612926,0.05467545868755447,0.046065801759298704,0.04963096458477737,0.047094588176217554,0.03272796528483326,0.027158680762220333,0.03158739150497346,0.026094121985331856
sage,qwen15,23,8,all,-0.01002305585713509,-0.026115348837280186,-0.017209168520338557,0.07947282737741139,0.053357478540131204,0.07734746532117592,0.05477231968550438,0.04317783189337234,0.025968663373033784,0.03974398630470539,0.024773711400546874
sage,qwen15,23,9,all,-0.005191040201465348,-0.013555786056986804,-0.011890822317349045,0.08559300131334628,0.07203721525635948,0.07333269503862637,0.0737332976580906,0.04770346864724755,0.03581264632989851,0.04283272260810061,0.03340962004316139
sage,qwen15,23,10,all,-0.003641813164373615,-0.013320048565690842,-0.017007392942270647,0.08294322984239333,0.06962318127670249,0.06968200386434262,0.07215201719510193,0.04923858815436364,0.03223119521209299,0.04313007050717854,0.029125911821442158
sage,qwen15,23,11,all,-0.005304257131278596,-0.01920619886045659,-0.011410716654129946,0.08576699207614696,0.06656079321569038,0.0722982542395575,0.07191793099310674,0.04525562928569496,0.03384491263156501,0.0416222632189362,0.031149591365445758
sage,qwen15,24,0,all,-0.02204842067583296,-0.03928351355627883,-0.011280122942229819,0.08921718009942091,0.04993366654314208,0.08429342745105023,0.04700074174493929,0.03572448887299907,0.02444436593076925,0.031360387642530234,0.023779482147211886
sage,qwen15,24,1,all,-0.023908900802605243,-0.044841184423274796,-0.010332532303867624,0.09641770544853666,0.05157652102526186,0.0913929376754156,0.04660658670741783,0.03629933159453309,0.025966799290665463,0.03265712363787301,0.024698903983312454
sage,qwen15,24,2,all,-0.010416702033149858,-0.012823358217052605,-0.005713863595361263,0.049162421200773715,0.03633906298372111,0.03649656707659691,0.03043865498075185,0.025165816220426837,0.019451952625065574,0.02188025178631017,0.01873022971280637
sage,qwen15,24,3,all,-0.02155835141355472,-0.0382837890714588,-0.00992824441543311,0.08600668552157033,0.047722896450111525,0.07856819920843004,0.043141362086059655,0.03390826583183313,0.02398002141640002,0.030710570944155066,0.023185177536987723
sage,qwen15,24,4,all,-0.020825200564698946,-0.030104357682421375,-0.008583428272342684,0.07881865291275561,0.048714295230334236,0.06453838803509619,0.04327993100608069,0.03414089354311796,0.025557465270775275,0.030366318625076296,0.02518673076360145
sage,qwen15,24,5,all,-0.017621994713438026,-0.03507350213119485,-0.008981039773709364,0.07876354236448908,0.04369004023329423,0.07441724029125585,0.03889052032086907,0.03138454386618799,0.022403504092478627,0.028554999002411974,0.021886710409617264
sage,qwen15,24,6,all,-0.08934811135267245,-0.07807756743638461,-0.012220091549135677,0.15162521604944698,0.07354764861306237,0.17099174403657624,0.08386192338542575,0.054516531929582834,0.04229644038044716,0.050656623181783045,0.034490533317943974
sage,qwen15,24,7,all,-0.05628081136265947,-0.056029515711434164,-0.006289012854597709,0.13256566771352837,0.07653615200209421,0.11444308043526026,0.07369877692986072,0.044990109880707556,0.03870109702610985,0.044396249901791106,0.035692780139430925
sage,qwen15,24,8,all,-0.06366280617776195,-0.058932387542754996,-0.007057041984261943,0.1222033765018074,0.06327098895905241,0.10299270181953916,0.06227215869489647,0.03933004858191655,0.032273006597654606,0.038242654273712526,0.030429833455979088
sage,qwen15,24,9,all,-0.09067668792753734,-0.08442563529549936,-0.012642432208672574,0.15751843589203887,0.07309280059653951,0.14488602636409662,0.08384011068054469,0.04677932901578835,0.03413689680711578,0.043685832941370635,0.032505583418222156
sage,qwen15,24,10,all,-0.08744916815194632,-0.06466363498045248,-0.010568229341663439,0.12841104836877337,0.06374741338832089,0.11689372903797617,0.06594997575450492,0.04455750747615317,0.03398927813448973,0.04489039282666842,0.03057959754851984
sage,qwen15,24,11,all,-0.08826225102252734,-0.0668308855657828,-0.01146828415785131,0.13755217154180116,0.07072128597601836,0.14962090371476947,0.07657329221716246,0.0483292500100295,0.03686096585217819,0.04957554368625822,0.03241448513672334
sage,qwen15,25,0,all,-0.052316350437141605,-0.051306119223660414,-0.018376255652569305,0.1115358525235224,0.06022973329986198,0.09096155970244123,0.0571955484459453,0.04958286826343348,0.031206612610864173,0.0431124176452109,0.02961731577092626
sage,qwen15,25,1,all,-0.046818141202922235,-0.053976732645020675,-0.015527332359484794,0.1167018098627909,0.06272507721777022,0.08689085903516885,0.061801935576773624,0.05009295045604396,0.03456561809655916,0.042854053511171115,0.0335145235968421
sage,qwen15,25,2,all,-0.06989668182214988,-0.06766138472920318,-0.022680112780004445,0.1521325808197985,0.08447119609059532,0.12756070946210177,0.08541722359999375,0.06398948973419515,0.0413093769541907,0.056870339534805636,0.03924093344399945
sage,qwen15,25,3,all,-0.033479237207751276,-0.03560671261965288,-0.008088592137137262,0.08554273897555316,0.049936026355900276,0.06655842962389634,0.047318376008868575,0.0389591824287854,0.030870590291648136,0.0351215896637832,0.030134002320150274
sage,qwen15,25,4,all,-0.048427064615260584,-0.04527724648376324,-0.016071279554136775,0.1023358833249879,0.05705863684122466,0.08345549216841726,0.057197392581332863,0.04563231445079863,0.029561034896661852,0.03803378189869911,0.027773268477994842
sage,qwen15,25,5,all,-0.055530848415777184,-0.04249535187414973,-0.020498512296907263,0.10410029578760853,0.0616049439134588,0.09770460925774523,0.067040014167865,0.050746457775704835,0.030247945478797573,0.0500473592231419,0.030908176113323315
sage,qwen15,25,6,all,-0.019079594430698205,-0.018245277484689237,-0.001918905432447552,0.04501891192090007,0.026773634436210836,0.03997730125058755,0.026701225436048245,0.019477980799236377,0.017559075366788825,0.021178788092104925,0.01688101344306193
sage,qwen15,25,7,all,-0.031328604726488636,-0.014826658149733971,-0.0021715897318363535,0.03929108838414563,0.024464430234411656,0.0432807386220449,0.024900309765723504,0.01911468301902495,0.016943093287188595,0.01928166213021093,0.016317648111263666
sage,qwen15,25,8,all,-0.052729594357709214,-0.011385800692137654,-0.005469761120447933,0.0435108584212986,0.032125057729160945,0.055839125845537164,0.0302735230584457,0.026384457691156396,0.020914696570708463,0.02545373831396115,0.020653170814089784
sage,qwen15,25,9,all,-0.021989291659175476,-0.013599594092469712,-0.003827749111499301,0.04029605423793591,0.0266964601454662,0.03990107429697696,0.027920491986608845,0.021961628019157953,0.018133878907658652,0.022196551557710904,0.01806528577749893
sage,qwen15,25,10,all,-0.032467464924615254,-0.015980911832915248,-0.003035181870757162,0.04241835534356129,0.02643744351064604,0.04162374243048926,0.0271832943681591,0.020418833430498783,0.01738365155974162,0.02013427455489677,0.016844204394601322
sage,qwen15,25,11,all,-0.03417852227048094,-0.014564130656621342,-0.002386570976947413,0.042774334957326875,0.028210204300705533,0.04301761941543475,0.026251268924136345,0.022004190579818533,0.01961761960287112,0.022277219219508107,0.019046245296509747
sage,qwen15,26,0,all,-0.0333922241000249,-0.02816281527202722,-0.008027271979472561,0.06856198873094273,0.040399173458915506,0.05399075526566773,0.038390922261451965,0.03077921007054363,0.02275193809107107,0.025612433770291963,0.02151327120302469
sage,qwen15,26,1,all,-0.034286157021182574,-0.023876052769059873,-0.005995833326328914,0.05404969800496703,0.030173645235907154,0.0472722518367385,0.032519159628773144,0.027040026451940757,0.021044193125611843,0.02565306414497016,0.02077160811280203
sage,qwen15,26,2,all,-0.03384821137780895,-0.02775231867760094,-0.005483854327278458,0.057298849737678105,0.029546531060077166,0.049110227366370336,0.031388056456511874,0.027364392726077758,0.0218805383987993,0.02497018469127632,0.021228300427472157
sage,qwen15,26,3,all,-0.03462296284833192,-0.020856779050103337,-0.006092983352141819,0.05309495306291056,0.03223817401280722,0.050804870491671844,0.03219153236494403,0.027425032818332414,0.021332049466190595,0.02547600467236284,0.021027959265726672
sage,qwen15,26,4,all,-0.02016582077252223,-0.016378409994641685,-0.0060139620656381836,0.04860883134363645,0.032230421348994766,0.0491086001987516,0.032133880452007886,0.026752451015023843,0.02073848894938566,0.023675569982017888,0.02035010464985638
sage,qwen15,26,5,all,-0.03789912592372595,-0.04043522531882542,-0.007009757655325074,0.09080537249980343,0.05037014718097801,0.06247243141526587,0.04427388124214491,0.033622321245538635,0.02661256359021356,0.029968338833433483,0.02511070642819892
sage,qwen15,26,6,all,-0.04270093722204463,-0.030182046629831205,-0.008732960200206124,0.07181265823320122,0.04163061160337002,0.09185889888481923,0.05432820539971506,0.03610366634036553,0.027370706140159403,0.03164883635636125,0.026269950035212597
sage,qwen15,26,7,all,-0.036825796448011316,-0.03411292753047971,-0.005634317584578576,0.07219231535415782,0.03807938782367811,0.08875567076302056,0.04443792190625986,0.030023627343785594,0.024389309759207018,0.02838963681720032,0.023970886701661417
sage,qwen15,26,8,all,-0.03392929695170256,-0.027907924467273658,-0.00734690651210761,0.06913240738244893,0.04122448291517527,0.08543373913796289,0.051883806763376526,0.03362603020428028,0.02627912369217267,0.031235108862496395,0.025066059249113325
sage,qwen15,26,9,all,-0.03375351711305629,-0.038147738329139896,-0.006142081480663648,0.07701072617693416,0.03886298784779427,0.09115555313921105,0.05426019799881612,0.03202360548760485,0.0258815240069412,0.028927451489454758,0.024948786909820247
sage,qwen15,26,10,all,-0.024556776453932616,-0.02792149939272863,-0.003597781543791676,0.08189092745866193,0.0539694280659333,0.08371716201387193,0.05620334485503916,0.034514807198024446,0.03091702565423277,0.030411557175115022,0.0278011382725277
sage,qwen15,26,11,all,-0.03752948231174163,-0.02894474326050988,-0.011112471974856437,0.06764127638688432,0.03869653312637444,0.09161432078160003,0.052823053527558984,0.03652863436111004,0.025416162386253605,0.03347230190462195,0.025051155333438657
sage,qwen15,27,0,all,-0.0028254236470296283,-0.0058656819540215295,-0.0036903933770398127,0.031978227125473525,0.026112545171451996,0.02909152896605746,0.02242215249572722,0.018841912215623115,0.015151518838583303,0.016283539076831693,0.014884965127765474
sage,qwen15,27,1,all,-0.003170276259930467,-0.006987845737381013,-0.00318930154369226,0.031606479897837686,0.024618634160456673,0.02927994252937093,0.021847937942334254,0.018162538179953055,0.014973236636260795,0.016001875885641458,0.014709347433888418
sage,qwen15,27,2,all,-0.001979874630439181,-0.0035660545510870258,-0.003756017573894179,0.030198545912130437,0.02663249136104341,0.028569907989905094,0.024542570620051756,0.019583400242190668,0.01582738266829649,0.017215278187444765,0.015479563471111436
sage,qwen15,27,3,all,-0.0018312492990299422,-0.0033549771886249823,-0.003716764535004663,0.029775227954222175,0.026420250765597193,0.028080532454997684,0.023277042095721113,0.019009667981813055,0.015292903446808392,0.016673759115598864,0.014924861046671034
sage,qwen15,27,4,all,-0.003962895969856199,-0.00626083757658831,-0.003176541292125896,0.03305089176725859,0.02679005419067028,0.031114435355089374,0.022694571833675112,0.018679960110327503,0.015503418818201607,0.016449638851500487,0.015350879417723569
sage,qwen15,27,5,all,-0.003333821810278352,-0.005076121421438675,-0.003971453833300886,0.03254204067900705,0.027465919257568378,0.028911765883297292,0.02388469883858761,0.02014657135424497,0.016175117520944082,0.017470504783577704,0.015551657087437535
sage,qwen15,27,6,all,-0.0038988115670899916,-0.007302216510024065,-0.0040511271291024005,0.04012053451914933,0.03281831800912526,0.033125892474879064,0.026610559311103857,0.022056853697405152,0.018005726568302752,0.019261705064014475,0.01747572541402458
sage,qwen15,27,7,all,-0.0033412316043417655,-0.008070974602536557,-0.004952310175374137,0.039722461418213895,0.03165148681567734,0.03373599405922569,0.027693428094832995,0.02360363668036707,0.018651326504992932,0.020394044765659577,0.01807490363655279
sage,qwen15,27,8,all,-0.0051117391255581035,-0.009119472879681054,-0.004076503315731988,0.04262992322705691,0.033510450347375854,0.034878463178514146,0.027861873758126987,0.022692602441319387,0.0186160991255874,0.02000909538344982,0.018057604015238333
sage,qwen15,27,9,all,0.001105130571899424,0.0005118102380541195,-0.006923870270309468,0.04246797693792923,0.04297978717598335,0.03456514277333205,0.03618814776465316,0.02983793856397551,0.022914068293666042,0.024673128566361075,0.02203621824086822
sage,qwen15,27,10,all,0.004050381840842534,0.0030870965908928946,-0.004229408234534063,0.037851713217410966,0.04093880980830386,0.033895544978931116,0.03615763690210425,0.030225972771083135,0.025996564536549072,0.026940499879229255,0.02534000978728444
sage,qwen15,27,11,all,-0.004327002516079928,-0.012109338039131515,-0.004486089669468559,0.04405592854276597,0.03194659050363446,0.03514478976651795,0.027714707076163497,0.023084575438860444,0.018598485769391885,0.020285065029344043,0.017935153026004253
sage,smol036,0,0,top,0.00012283669775988186,0.0023210463108018584,-0.00015781100122623862,0.01097760318372818,0.013298649494530038,0.01105292763959907,0.012863137304871116,0.009918219172140948,0.00976040817091471,0.00993319135078614,0.009606860109661676
sage,smol036,0,1,top,0.00010327791818225318,0.0009106141981501722,-3.0347707883567748e-05,0.009554623380721503,0.010465237578871675,0.009669778424620594,0.010287992048247695,0.012433332767591026,0.012402985059707458,0.012409137393607944,0.012382190168853549
sage,smol036,0,2,top,7.255729504238738e-05,0.0013519016631107442,-0.0004337709066590655,0.009662011764623444,0.011013913427734189,0.009508477977691047,0.010613676016517479,0.008659478842831974,0.008225707936172909,0.008775399811241546,0.008173089858577945
sage,smol036,0,3,top,0.0005816511652696919,0.00026620569993303714,7.305065497209551e-05,0.009245590565248506,0.009511796265181543,0.008974984330278407,0.009221123307999292,0.007053385550487501,0.007126436205459596,0.007342702111071671,0.007011353415433466
sage,smol036,0,4,top,0.004701296062960693,0.00288371559152268,-0.0026043885661023343,0.03809910239868544,0.04098281799020812,0.039336359067685046,0.03787980934812151,0.029028625903444225,0.02642423733734189,0.026358996210463476,0.025589875429095205
sage,smol036,0,5,top,0.0076804888285602725,0.011166581740944079,-0.0045405469087831,0.047119024501188954,0.05828560624213303,0.04069721823756801,0.05428001192362442,0.03562201208204688,0.031081465173263777,0.033443655789160594,0.02974769269837324
sage,smol036,0,6,top,0.004744555437588075,0.00786599917100492,-0.0006646144929233384,0.023516494424156712,0.03138249359516163,0.02293010729277063,0.030353369142147864,0.020015052463997044,0.019350437971073706,0.020458346914574366,0.019036080028020114
sage,smol036,0,9,top,0.0016513723622762378,0.0031427233178319344,-0.001864283248901883,0.02990301803013326,0.033045741347965195,0.028221467536612862,0.03075360842402351,0.024627752488052074,0.02276346923915019,0.023655420879251914,0.02312624717682452
sage,smol036,0,10,top,0.00019198990868992457,0.0020840356511778978,-0.0002774143457050654,0.029093842117202912,0.03117787776838081,0.02523520908743969,0.030413971259392412,0.018696952461847428,0.018419538116142362,0.018817148070765642,0.0183276239423479
sage,smol036,0,11,top,0.0003935162360410611,0.005950362516420955,-0.00011850634731681853,0.027489786083310777,0.03344014859973173,0.024538010866182732,0.03081827198003373,0.019908394003924995,0.019789887656608177,0.019906059163927497,0.01962427832863417
sage,smol036,0,12,top,0.0002951634013134135,0.009463433609239742,-0.004554761442600176,0.039259466949677566,0.04872290055891731,0.03539491718948106,0.04602745530470138,0.04038460478683728,0.035829843344237104,0.04022346560984164,0.03514976006082648
sage,smol036,0,13,top,-0.0001554672744228733,0.0013989975884069056,0.0001626561611843616,0.028167672487507397,0.029566670075914302,0.026297638973834733,0.029831166290048807,0.02522004351084273,0.025382699672027092,0.024863774970131165,0.02522627345179937
sage,smol036,0,14,top,0.00010837846085700964,0.0013133297661106474,-0.0005474047039559383,0.009786501215118426,0.011099830981229073,0.009765490631447772,0.010661872778276087,0.01218187913070811,0.011634474426752172,0.011855133028079409,0.011798572628175331
sage,smol036,1,0,top+random,0.0140406734812372,0.005598216976662428,-0.009114707519847238,0.043807940880620545,0.04940615785728297,0.031494589645530376,0.038062481618980765,0.03153535342158764,0.022420645901740404,0.022386404538693273,0.02138176247837295
sage,smol036,3,5,random,-0.004175052180521687,-0.005871998441570169,-0.0011893997815905829,0.03578137824056199,0.02990937979899182,0.029260095849333128,0.0245621783621692,0.015542108103880908,0.014352708322290325,0.014668630263602198,0.013848799935340569
sage,smol036,4,3,top,0.00065019610545404,-0.003735983086734604,-0.005868014577703133,0.08187115433813237,0.07813517125139777,0.07582526565649882,0.06776201244535142,0.0415461645799127,0.035678150002209565,0.03741200297144676,0.03329193959901821
sage,smol036,7,4,top+random,0.0034284689734935397,-0.0016832055728362993,-0.015153744341146327,0.05792827187791272,0.05624506630507642,0.04001217618160554,0.044012293845546856,0.03744648584068883,0.022292741499542506,0.03234924302221637,0.020243140653590973
sage,smol036,7,8,random,-0.016335327774937156,-0.021950451610911567,-0.011668546716436943,0.08257045038158987,0.06061999877067831,0.06433161015172507,0.05351526629114447,0.039924179410325604,0.02825563269388866,0.034857182024293935,0.025155950428514273
sage,smol036,7,10,random,-0.022693989760146027,-0.026010641247785543,-0.008499516067522674,0.09299078675154128,0.06698014550375574,0.07406793267208711,0.06050995938612747,0.04213397976792971,0.033634463700407034,0.03757645326696297,0.030385009867670894
sage,smol036,8,2,random,-0.02469972076378614,-0.04624731487705405,-0.019224725098986206,0.12594981050034434,0.07970249562329029,0.1013732176791074,0.07689093955002571,0.055232507192342,0.03600778209335579,0.04667298857787253,0.033366973035528
sage,smol036,9,8,random,-0.04771939300469666,-0.08855407938368645,-0.01331912753056469,0.17174128997954752,0.08318721059586107,0.15447316898726834,0.08233823064227541,0.049665114095277185,0.036345986564712496,0.04425061828205007,0.033692054477919585
sage,smol036,11,4,random,-0.03413875034301218,-0.04268451370064652,-0.010748398449828292,0.10846587909659089,0.06578136539594437,0.1183213634280082,0.06327444907605229,0.04217243990674854,0.03142404145692025,0.03652161266052268,0.030453545036792387
sage,smol036,12,0,random,-0.004454684328638862,-0.033217879306166896,-0.011778233834447465,0.09240432569497374,0.059186446388806845,0.10003669493179952,0.06635846875075903,0.04124510639661014,0.029466872562162672,0.038916312169818355,0.02839820224949047
sage,smol036,12,4,random,-0.02536208152238134,-0.017270044978673113,-0.009789483974275256,0.06876376208612152,0.051493717107448406,0.05062916807745644,0.046754608968988996,0.03507478543631657,0.025285301462041315,0.02963323378358119,0.02297890030496169
sage,smol036,12,8,random,-0.035005283507138094,-0.0475096583928256,-0.019637317674355566,0.14105547166353768,0.09354581327071208,0.11069111200655346,0.0905983774244505,0.06233915211446226,0.042701834440106695,0.05143081385985138,0.03882030747788961
sage,smol036,12,13,random,-0.021349218328018695,-0.028729655859991238,-0.011720812301233674,0.09705087623586582,0.06832122037587458,0.08316356425460329,0.06946058102712714,0.045833861754397576,0.0341130494531639,0.04089248515616339,0.032653787712356885
sage,smol036,13,0,random,-0.009584179885869057,-0.025349983925132977,-0.010681471479173171,0.10091562603702792,0.07556564211189494,0.10415646006404349,0.07761456057871959,0.048371925764631236,0.037690454285458065,0.04448611558111037,0.0362757906879457
sage,smol036,13,5,random,-0.027817690932903785,-0.03759155869872656,-0.0024430099653624457,0.1145284336606468,0.07693687496192024,0.09345010513381798,0.07535853531862123,0.04497272489547035,0.042529714930107904,0.04014049892259574,0.03488092660120239
sage,smol036,15,12,top,0.004019748470612335,-0.007126979874654514,-0.01251753208871675,0.06820718436149269,0.06108020448683817,0.06573927824793487,0.058402140856916446,0.0391694902093695,0.02665195812065275,0.032075199786361246,0.025737503960233027
sage,smol036,15,13,top+random,0.003197016058669816,-0.01729928504413867,-0.010248665595339372,0.07453954117907093,0.057240256134932256,0.07506721928484111,0.053574165265456254,0.03597521742390477,0.025726551828565397,0.029848102937250664,0.024832600164325855
sage,smol036,15,14,top,0.0017605457204793544,-0.005185661294458424,-0.009660529736010167,0.058478759901106216,0.05329309860664779,0.05733164932190726,0.048433208094958935,0.03527022332873413,0.02560969359272396,0.028283491070970515,0.024517729224979575
sage,smol036,16,0,random,-0.009832601571144808,-0.015007970341412352,-0.02047361355495487,0.083160031544966,0.06815206120355365,0.07689441492075721,0.0680860918289235,0.05286260293299699,0.03238898937804212,0.04152277932763012,0.027768067875069958
sage,smol036,16,10,random,-0.005828579422979224,-0.022679116567631295,-0.009780348334894818,0.07263488969817165,0.04995577313054036,0.08276580931741882,0.05148626677867899,0.034126818754959265,0.024346470420064447,0.03260815932483909,0.021749168234329333
sage,smol036,17,13,random,-0.007605527474665305,-0.021926960956549356,-0.012585623869189166,0.07542805335825557,0.05350109240170622,0.09112371633595055,0.04897030611618031,0.03743825641034788,0.02485263254115871,0.02915544777142653,0.02407232215260571
sage,smol036,18,3,top,-0.0002319950946238214,-0.026162728788926892,-0.008501070463509213,0.06612708230996599,0.039964353521039095,0.062551981864194,0.042674030964077764,0.027350704742835977,0.018849634279326764,0.024710987564761987,0.015081018869885885
sage,smol036,18,7,random,-0.012405719951939434,-0.010462885949065998,-0.011409739616019411,0.08552254167270103,0.07505965572363503,0.07252563943506242,0.06981672048708669,0.04202667336492814,0.030616933748908726,0.03322564110354142,0.027776730955038645
sage,smol036,18,13,random,-0.015026241358486849,-0.0259175829364739,-0.011570846803287783,0.08766551905539353,0.061747936118919634,0.0861124400143062,0.061525654316267435,0.0390103494459277,0.027439502642639915,0.03791217841187824,0.02584905437406304
sage,smol036,19,2,top,0.0006355625727634909,-0.004352496476342241,-0.012946651056617103,0.06948838648697164,0.0651358900106294,0.06095688769153087,0.058123438888252395,0.04514334570778467,0.03219669465116757,0.03641984219067976,0.030221266168871063
sage,smol036,19,11,top,-0.0006665605293352366,-0.01854335650954584,-0.012427115019544067,0.07323946654130174,0.0546961100317559,0.06108792034010028,0.05313861021358779,0.038322555104472404,0.025895440084928337,0.03217986775566966,0.022537509540663327
sage,smol036,19,13,top,0.0014069408452133624,-0.0038752093881715896,-0.009500586812394352,0.05219406855270142,0.04831885916452983,0.052597770897699625,0.0418062423053022,0.030811237563117044,0.021310650750722693,0.026170176189759937,0.02151197001234008
sage,smol036,20,3,random,-0.03915272126552418,-0.06310166575682238,-0.009395331684625856,0.1255496422468663,0.062447976490043904,0.10907026640523826,0.07013685344642286,0.037888478792061704,0.02849314710743585,0.031462521234581986,0.02696385239299418
sage,smol036,21,4,random,-0.01876342471489113,-0.03246452707801069,-0.014770262639101757,0.10862712724721058,0.07616260016919989,0.10045070062999728,0.08189695658683678,0.051221991403811756,0.03645172876471,0.04649771963724667,0.033523532857693376
sage,smol036,21,8,random,-0.04769768102376388,-0.05763553665005946,-0.004445678294648255,0.10387194434742447,0.04623640769736501,0.1062141875572175,0.04640102769541366,0.030957661092537184,0.02651198279788893,0.027622108279641195,0.02418352906335274
sage,smol036,21,13,random,-0.031428087884097386,-0.03904235614376223,-0.00818120710083058,0.09434090555236252,0.05529854940860029,0.07564738092557628,0.051523056485844536,0.03430737100971689,0.02612616390888631,0.02874305539021003,0.024379662313255893
sage,smol036,22,7,top,-0.00028967632472959765,-0.024425657766758396,-0.0201476105449104,0.09698963520347344,0.07256397743671504,0.0977822094466198,0.06817727610400377,0.04859028214237948,0.02844267159746908,0.042419256293314854,0.026460701646636883
sage,smol036,22,8,top,0.0030215402807851183,-0.031389440848226154,-0.008383732660227752,0.07071991081732178,0.03933046996909562,0.07975658174832236,0.045416280706806894,0.02731885670714317,0.018935124046915417,0.02106040273186839,0.017088283483435027
sage,smol036,22,10,random,-0.02024514899789093,-0.025926346003632965,-0.004941742044499382,0.07502281828104623,0.04909647227741327,0.06520791066301498,0.045499460188987005,0.032645420861448705,0.027703678816949323,0.028296555682926994,0.025684092050914
sage,smol036,24,12,top,0.0021239923550049494,0.0005280982555354308,-0.008791630808060912,0.04400434310760242,0.04453244136313785,0.05466582318646562,0.044646157337868676,0.026403021505358153,0.017611390697297242,0.03235664324565446,0.01810635647454474
sage,smol036,24,13,top,0.0035477108770814746,0.0008553335787425988,-0.003872556348552037,0.01850391745074005,0.01935925102948265,0.01676291269387785,0.01666499986324774,0.014224855460679418,0.01035229911212738,0.012526122900419087,0.009977668169970361
sage,smol036,25,2,top,0.001484220177011777,-0.026305259075637383,-0.012469810706724763,0.09146486767313562,0.06515960859749824,0.10077905140762565,0.06267788442445289,0.04165614118064356,0.0291863304739188,0.039264729405013105,0.028487560522423253
sage,smol036,25,4,random,-0.01885444271175488,-0.021338333171392873,-0.013340889762012715,0.08878800447009089,0.06744967129869801,0.09985917367505504,0.0640130356734556,0.04089094851133429,0.027550058749321576,0.03551027356496447,0.0263242150891724
sage,smol036,25,13,random,-0.027339440764159163,-0.03114268430289617,-0.010194076666166077,0.09990898876362216,0.06876630446072599,0.0840169741282296,0.07732420732955596,0.043819426717645625,0.03362535005147955,0.04058973495421971,0.032480742349243995
sage,smol036,26,4,random,-0.046765804371128955,-0.06971083583695198,-0.005933462593953085,0.12889688862464127,0.0591860527876893,0.11100814826150264,0.061009777012445705,0.034692014232469696,0.02875855163851661,0.03254890113465019,0.027043261585956314
sage,smol036,28,10,random,-0.00951102835214692,-0.021332198598170836,-0.0045405338216230225,0.06789611291179785,0.04656391431362702,0.06650984085698913,0.053862357432115836,0.024956235165625396,0.020415701344002373,0.02386333190940693,0.019000933593671623
sage,smol036,29,7,random,-0.045310956907387456,-0.02715864877351129,-0.011468677379456428,0.10046291362091063,0.07330426484739934,0.09757409894632192,0.065790906841622,0.04846460247719342,0.03699592509773699,0.038079443166793646,0.03402343661559275
sage,smol036,30,13,random,-0.008746577707726392,5.230075142884788e-05,-0.00985087370373107,0.06148425444649799,0.06153655519792684,0.047083188069461594,0.048116446111101135,0.038436789280328815,0.028585915576597745,0.03319145085811447,0.02722683880555996
sage,smol036,31,6,top,0.0015692849409562708,-0.01687123295842611,-0.007570529502539922,0.06315247217689891,0.046281239218472804,0.05684007703948866,0.04457318038127297,0.035662469364715364,0.028091939862175442,0.03213658850289101,0.028471267872426792
sage,smol036,31,8,top,0.0028897527139412926,-0.040873393724793594,-0.017968241404484116,0.10799220423302534,0.06711881050823175,0.09411728072480403,0.06522270864589284,0.04947864976726202,0.0315104083627779,0.0426205703328227,0.03287738362005994
sage,smol036,31,12,top+random,0.00448700331641274,-0.013243105845313553,-0.005602634299571092,0.04598019870647086,0.03273709286115731,0.038289746561673416,0.030081840181294114,0.022653322693286976,0.017050688393715884,0.018302189476295545,0.016392845525673626
sage,smol036,31,14,top,0.002705990864394702,-0.004003483928471746,-0.00748977435104518,0.05224077048023778,0.04823728655176603,0.047491974650892416,0.03949853078961366,0.029980997677858043,0.022491223326812863,0.025986273225013134,0.021826689718747263
sage,smol17,0,3,random,0.0011294504363655838,0.00239022328664755,-0.00015057781615538182,0.03139256348762293,0.03378278677427048,0.031120080312021934,0.0329806424405751,0.02404556023464198,0.023894982418486598,0.0238142090058206,0.023743049488436238
sage,smol17,0,5,top,0.014008002707370038,0.015747008215116723,-0.006022240386975304,0.07384986378089126,0.08959687199600798,0.05806812449415471,0.0699392004815498,0.043279913239851676,0.03725767285287637,0.03354220154267435,0.03398080829881042
sage,smol17,0,6,top,0.011204015946255171,0.010819642332716269,-0.0018305375023432852,0.04480306959655699,0.05562271192927326,0.04144739685160895,0.048863514872598435,0.03049436492604968,0.028663827423706396,0.027025108052024432,0.02774243649496065
sage,smol17,0,8,top,0.020339338627219254,0.012117918412911606,-0.008144108310425488,0.056834613187444545,0.06895253160035615,0.046368987204754415,0.06608784227868679,0.04293862392066774,0.03479451561024225,0.04304252186095223,0.03316051457035022
sage,smol17,0,9,top,0.01034518037056237,0.012599260770186235,-0.0036737876967423873,0.04640949640997102,0.05900875718015725,0.04298089799642587,0.05348437775358053,0.03484475970390029,0.0311709720071579,0.0325040475764907,0.0302204840107107
sage,smol17,0,13,top,0.01399829359689868,0.011898552501619648,-0.00043378961682111195,0.05921383788381427,0.07111239038543392,0.0481362904967678,0.06423435814265839,0.03540378061281107,0.03496999099598996,0.03255887187072539,0.032171448880006746
sage,smol17,0,25,top,0.005464785629305677,0.005925226102631905,-0.002157941563700312,0.026329270300297355,0.03225449640292926,0.02245846334658017,0.029394232360872418,0.020333451083079036,0.018175509519378723,0.018834026971080536,0.01745722494018449
sage,smol17,0,27,top,0.009028939767150903,0.011730059007344536,-0.0041424741125944756,0.05753514069325726,0.0692651997006018,0.0524277981039337,0.06170067389333354,0.03749127805275729,0.03334880394016281,0.0328572358800873,0.031008083135080574
sage,smol17,0,28,top,0.008659933027007594,0.008839990965470931,-0.0025175421370051757,0.03980016103410693,0.048640151999577864,0.03588237821903875,0.04078360976617045,0.028337834743684783,0.025820292606679607,0.025313287056178125,0.024830456602217398
sage,smol17,0,29,top,0.01213534175390342,0.0056143745803999,-0.0027656905086884606,0.046430169676657945,0.052044544257057845,0.03938452847993001,0.04710745859901603,0.02918297534684611,0.02641728483815765,0.025753779591519265,0.024657662249810697
sage,smol17,1,7,random,-0.0006560431442736691,0.0024284770999596916,-0.010906734927476312,0.06250733666146295,0.06493581376142264,0.0535268519956654,0.05151599654789884,0.04156678308749461,0.0306600481600183,0.030989919144725556,0.027658310969282066
sage,smol17,1,12,top,0.007005177430330615,0.0027604873640346833,-0.00983096565540234,0.06982008751512457,0.07258057487915925,0.0566481425536702,0.06253700566723389,0.04229890895436741,0.03246794329896507,0.036907427926127494,0.03062889665236036
sage,smol17,1,20,top,0.0085290989069325,0.010409826168989993,-0.00987242309994215,0.03521307863487761,0.0456229048038676,0.03143293293789876,0.0386506408270782,0.030555229751870878,0.020682806651928728,0.02614940343141472,0.019793157278701293
sage,smol17,1,22,top,0.005560161618593801,0.003099652317330004,-0.004557668552650988,0.038033094170288516,0.04113274648761852,0.03491574136134987,0.043886301953023725,0.0304938404553322,0.025936171902681212,0.02870672613362482,0.025096321277886125
sage,smol17,1,24,top,0.006660193015312214,-0.0004103672760834773,-0.003196274758505601,0.050155697223833166,0.04974532994774969,0.04459975811089726,0.0449506235227364,0.03121024826246639,0.028013973503960787,0.029590212882112762,0.027217444765715523
sage,smol17,1,29,top,0.004421714061616132,-0.0006815811044497272,-0.01384098761483498,0.10984061185273726,0.10915903074828753,0.09014783185413838,0.09292070882930664,0.05521942445223199,0.04137843683739701,0.049046896209529726,0.03795562208847013
sage,smol17,1,30,top,0.008745519685962898,0.005807387068282516,-0.007749643544819138,0.0566984141532309,0.06250580122151342,0.04645318375050844,0.04252715109870533,0.037162564437509135,0.029412920892689997,0.03151271405199654,0.027249629752789856
sage,smol17,1,31,top,0.008892729975123628,0.013790216207944614,-0.009812641528134432,0.045784609633692054,0.05957482584163667,0.03950617739139849,0.047283572362225725,0.036634052837251886,0.026821411309117454,0.033062883058330016,0.025339756272353967
sage,smol17,2,1,top,0.005590606075143975,0.0045312645452005446,-0.010312042917095202,0.05087912212112163,0.05541038666632218,0.059100391886553395,0.06166350179323349,0.03524243090932463,0.024930387992229425,0.03229979936022156,0.023601257256110786
sage,smol17,2,11,random,-0.01170641664824421,-0.005963054145702709,-0.02178175386024917,0.09034182952215208,0.08437877537644937,0.0875700570347348,0.07440981461894337,0.057176017585875184,0.03539426372562601,0.04349708551128081,0.03319691265748343
sage,smol17,2,13,top+random,0.015784583395800928,0.003193695802898959,-0.003656116212007423,0.040141625736532266,0.043335321539431225,0.046971313359035566,0.04025318378726445,0.02669168264125905,0.023035566429251628,0.025712774840032464,0.02413218940274689
sage,smol17,2,25,top,0.00951195664114913,-0.010092141059186432,-0.011221352334984613,0.0876973111920591,0.07760517013287267,0.08608772731505147,0.07875076512459522,0.042748773626970854,0.03152742129198624,0.04011680432409374,0.03018549268081952
sage,smol17,3,19,top,0.005454345593651308,-0.010202055678902311,-0.008221028275187971,0.042121915044199536,0.031919859365297225,0.0362849225148077,0.03031199350347598,0.021440763142724518,0.013219734867536546,0.021380078679817328,0.013040046103126673
sage,smol17,3,21,top,0.012218198917646035,0.007833117870909338,-0.003701564048075215,0.05279799883803912,0.06063111670894846,0.05069746927626381,0.0574537468935773,0.032472877856869475,0.02877131380879426,0.029225155813021788,0.02804525346782752
sage,smol17,3,26,random,-0.0005058369448281927,-0.0031066573736689695,-0.01339712003682126,0.10830274961457222,0.10519609224090325,0.09609148867810786,0.09223524568026958,0.05226587521517448,0.03886875517835322,0.04602519463258933,0.03502838341735396
sage,smol17,3,28,top,0.004385024957660651,-0.004621613617645744,-0.009227985044600946,0.05858266940930574,0.053961055791659995,0.05291147854982361,0.05156757107113138,0.0321903302722958,0.022962345227694855,0.028299890481183376,0.021623994510429165
sage,smol17,4,17,top,0.005269268716006792,0.0035832694646210986,-0.00494152850840399,0.024580661561059942,0.02816393102568104,0.021590495179744155,0.0268974155282245,0.024389550393490264,0.019448021885086274,0.024808099937548723,0.01934950745452355
sage,smol17,4,26,random,-0.02405085059820662,-0.03700480614420079,-0.014159480884070465,0.10372574965248987,0.06672094350828908,0.09406155694140146,0.0657050599531448,0.04843991845474388,0.034280437570673415,0.039547125521869154,0.031842278153155774
sage,smol17,5,0,top,0.008657994211385927,0.02238558756054132,-0.03277089390990718,0.05539314700145956,0.07777873456200088,0.056014180561483946,0.07005746781399252,0.062257459531229,0.02948656562132182,0.04751858048021098,0.029919329672280132
sage,smol17,5,5,random,-0.00447460182675682,-0.00980258841973361,-0.01216937945429973,0.11009358468341555,0.10029099626368194,0.08722530153156377,0.0838865991693838,0.05037101365825137,0.03820163420395164,0.04296038738563357,0.03486709941386198
sage,smol17,5,13,random,-0.009897347714178823,-0.015106637664557887,-0.017350547968595947,0.10761499818900039,0.0925083605244425,0.09163887789203944,0.08340676436194228,0.05416544883959736,0.036814900871001414,0.04751654479662023,0.03433354925854485
sage,smol17,5,20,top,0.00462270528467137,-0.0039186504749242485,-0.010071017807851197,0.08758457761975236,0.08366592714482811,0.08940752222531019,0.07707061077777234,0.04554783218083658,0.03547681437298538,0.040497460237209994,0.03597293484978977
sage,smol17,5,23,random,-0.009983410016769728,-0.022068424885624514,-0.008274519266294234,0.08396568145905563,0.06189725657343111,0.07191913776713178,0.05834639709399236,0.03785157853128183,0.029577059264987594,0.034998950239790654,0.02930474294368177
sage,smol17,5,27,top,0.004082529139019954,0.013209346215028797,-0.01717868115540892,0.06273021915117477,0.07593956536620357,0.0750438355466491,0.07028128643645325,0.046424247095866046,0.029245565940457127,0.039787451416597924,0.029071431375436486
sage,smol17,5,30,top,0.007564218091234212,-0.008943666284946208,-0.013999519086977788,0.11326843242849349,0.10432476614354728,0.10642037710987452,0.10200996558897846,0.056898233274513856,0.04289871418753607,0.06313022245103196,0.03974654124875123
sage,smol17,6,6,random,-0.013304469340572453,-0.014211235665001154,-0.020768286191286005,0.09786125756283655,0.0836500218978354,0.08529673910074957,0.07801236134308005,0.05710467371967415,0.036336387528388144,0.04775594181315459,0.03461812701810716
sage,smol17,7,12,random,-0.0314585216164582,-0.05184820922034536,-0.018946937689159192,0.13880551305813907,0.08695730383779371,0.11738028694550018,0.09392650592238981,0.05749786531308767,0.03855092762392848,0.051907613642085106,0.03664329056094764
sage,smol17,8,5,random,-0.014500816582682078,-0.019154625536461675,-0.0126933105753016,0.08345536892341077,0.06430074338694909,0.07998328504005052,0.062392885832168204,0.04379207831295543,0.03109876773765383,0.03607954602603349,0.02787358062038416
sage,smol17,8,9,top,0.008836636902573162,0.010748574126389965,-0.011818785659546232,0.038596282094236246,0.04934485622062621,0.04574246981334278,0.052914933536236636,0.03195499938451183,0.020136213724965598,0.027710301606774946,0.01839415814874214
sage,smol17,8,21,random,-0.015682893030540643,-0.03302501210061363,-0.005284059409871741,0.09509623396385337,0.062071221863239746,0.09355707055332473,0.06646914742368393,0.04060642281246673,0.03532236340259499,0.038161218454736016,0.03494776182172787
sage,smol17,9,4,random,-0.024756421048108965,-0.027797344132942277,-0.015907586415705527,0.08977465047834798,0.06197730634540571,0.09190291894676393,0.07352416648210978,0.0484976214892611,0.032590035073555575,0.04820681786586486,0.02841581601188718
sage,smol17,10,23,random,-0.029996413435899164,-0.0389068275855321,-0.02271025378936695,0.10544844840447203,0.06654162081893993,0.1286211379126001,0.07075393024527236,0.05180725940823905,0.029097005618872098,0.044007267911688665,0.030060003530148104
sage,smol17,11,18,top+random,0.007802914827555023,0.005467645680227791,-0.015297030510318253,0.051956132485657884,0.057423778165885675,0.06185562644671195,0.06450816426374567,0.042821568328243374,0.02752453781792512,0.035199754038923496,0.02503767920317647
sage,smol17,11,20,random,-0.03271861353576955,-0.041283023541094664,-0.018130225422586837,0.1034725702410706,0.06218954669997593,0.10274367188842964,0.06463077616407752,0.04868938379175319,0.03055915836916635,0.04626257751788393,0.029922321004750507
sage,smol17,11,26,top,0.006448574760921537,0.005593944693319863,-0.01924356805433445,0.05090069985003833,0.056494644543358195,0.0576718443968415,0.06573572860001892,0.04231676084615651,0.02307319279182206,0.0366279129264963,0.021650168987720292
sage,smol17,12,0,top,0.004737316272987906,0.0038540193317617363,-0.009308241230079464,0.03783387705455232,0.04168789638631406,0.036014507761797085,0.03730979050146388,0.029278114420898737,0.019969873190819273,0.02245316604339065,0.01846595753038847
sage,smol17,12,3,random,-0.08335721486310327,-0.10104117943267929,-0.008852815941024293,0.16016126941508096,0.05912008998240167,0.13745777246291097,0.06334861597350146,0.044926940452408054,0.03607412451138376,0.042338716398833874,0.03044857229496967
sage,smol17,12,15,random,-0.016954621639225988,-0.025118293621792485,-0.010881614365076172,0.06992527811837455,0.04480698449658207,0.05670349091562119,0.044329486627046694,0.039080802187520955,0.028199187822444783,0.03180178756592395,0.028435070273521323
sage,smol17,12,20,random,-0.02748327362448767,-0.0537379298467741,-0.010506241791597974,0.1142665919069034,0.0605286620601293,0.11176504109338904,0.06219633730068159,0.04107884041078574,0.030572598619187763,0.03793403225533613,0.029364809323215918
sage,smol17,15,13,random,-0.049006305450403714,-0.07153671938835765,-0.010838729294443804,0.11777677814473714,0.04624005875637949,0.0943272496973226,0.050069999518017966,0.03300643209296223,0.022167702798518426,0.029083012325009785,0.02067336072624909
sage,smol17,16,17,random,-0.014844255311248717,-0.027709774056666976,-0.009589306546512633,0.08956322271898241,0.06185344866231544,0.09062205271922286,0.060262058415446025,0.037173009712282906,0.027583703165770274,0.03234325431430663,0.02685180029495357
sage,smol17,17,9,random,-0.030569252585672568,-0.05607524226602098,-0.017316474299877024,0.14742233106269728,0.0913470887966763,0.16439965794154923,0.09253048494355098,0.056526387082952,0.03920991278307497,0.0575037126961817,0.03729471563303236
sage,smol17,17,10,random,-0.038408891793797195,-0.03462414826890313,-0.020465563463430543,0.10733331662678412,0.072709168357881,0.10437734564989298,0.07730969217293891,0.05475989762516218,0.03429433416173164,0.044458391259429714,0.031704818996101385
sage,smol17,18,22,random,-0.06786703630343713,-0.060269680723077514,-0.006366635173317644,0.1220667926477733,0.06179711192469579,0.10479572246499358,0.059913687684423345,0.037138955123359726,0.030772319950042083,0.033912945227810486,0.02799095175804825
sage,smol17,19,1,random,-0.058181051972269825,-0.05263541001187092,-0.005138098768349326,0.10265683783053459,0.050021427818663665,0.0781647944581479,0.05117590762819488,0.03258189772154796,0.027443798953198633,0.031174441233966788,0.02789130672365568
sage,smol17,19,9,random,-0.06433117303259488,-0.07630547244753569,-0.009251792093330172,0.13923061574367876,0.06292514329614307,0.11056092109614653,0.07256140250242439,0.04256948112401213,0.03331768903068196,0.037277014154124315,0.029782384111711007
sage,smol17,19,14,random,-0.027651181663796324,-0.03587857792922071,-0.01955086330808037,0.1069252412965749,0.07104666336735418,0.09726769434126477,0.07316030417789111,0.05410164017036747,0.0345507768622871,0.04690679855665436,0.03204224437293594
sage,smol17,19,18,random,-0.031100302271088138,-0.04823266981399878,-0.005842396389815888,0.09290010949667345,0.04466743968267467,0.10625681594728907,0.045771234471255993,0.029063610709814117,0.02322121431999823,0.03297741448327583,0.019840052205417864
sage,smol17,21,15,random,-0.05803074991037055,-0.061421320477982905,-0.0062843479250594796,0.12419339635449068,0.06277207587650778,0.08596956534545085,0.060720040014209976,0.03676436716054626,0.030480019235486783,0.0344259227371293,0.028124362029751326
sage,smol17,21,16,random,-0.0022732858501173236,-0.006058433806536576,-0.0156611983609794,0.08337285346850425,0.07731441966196767,0.07679249454179837,0.07859231071813795,0.050427567531012456,0.034766369170033055,0.04338569823642488,0.03082122972042035
sage,smol17,21,21,random,-0.0169227977940805,-0.020356855056340162,-0.02057044857134143,0.09085252531281558,0.07049567025647542,0.0890176776893139,0.0714320052377849,0.0522670355595933,0.03169658698825187,0.03999946433891796,0.029195093226182748
sage,smol17,23,12,top,0.013581704730918841,-0.015524180633469303,-0.01085447526685827,0.08701863165748193,0.07149445102401263,0.08524501087896791,0.0688711255708695,0.041674984828051986,0.030820509561193716,0.03661193494396776,0.030741641734059067
sage,tiny11,0,3,random,0.000500485763581093,0.025138505820690046,-0.006314478809850598,0.023508470832393883,0.04864697665308393,0.017965322707376285,0.03887671661785728,0.020715317126274547,0.014400838316423949,0.02139856833829702,0.014478392430692743
sage,tiny11,0,5,random,8.804306302447335e-05,0.0031933997362937295,-0.0006453003792450604,0.005939365912984375,0.009132765649278105,0.005867024288689061,0.009063746745636633,0.008971792414513333,0.008326492035268272,0.008945931868154526,0.008372639611656527
sage,tiny11,0,8,top,0.0011321626197935938,0.005326269852780719,-0.004403973472350584,0.019042059523041385,0.024368329375822104,0.018435723296357884,0.025141858087586653,0.022443502144781812,0.018039528672431228,0.022524365547538033,0.01804236296146163
sage,tiny11,0,9,top,0.0005441020005923574,0.0038102830872293186,-3.224813167345547e-05,0.01743462405239991,0.02124490713962923,0.017570156022669463,0.02143291289135291,0.020548630017568962,0.020516381885895506,0.020499331454803104,0.020634287902580196
sage,tiny11,0,11,random,0.0004192222442319922,0.0036594022670052087,9.488727554363141e-05,0.01916533263040748,0.02282473489741269,0.019348734204628685,0.02293046027982298,0.021377506184254703,0.021472393459798334,0.02140561198621624,0.02158377758661949
sage,tiny11,0,12,top,0.0008129274052758338,0.006183411184210206,0.0006957525501483375,0.020692049191679524,0.02687546037588973,0.02174659129075901,0.02784977638771871,0.022409360350869833,0.02310511290101817,0.022577473416984604,0.02310200509725328
sage,tiny11,0,28,random,0.00046250170176842634,0.004356458429414928,5.3447024939010795e-05,0.022171291358593456,0.026527749788008384,0.0220211293343642,0.02636873957958323,0.021699313760159777,0.021752760785098788,0.021731462725204976,0.021859468007553545
sage,tiny11,1,1,top,0.0011819519726401506,0.002873441411999293,0.0005123917408902633,0.0419874741241954,0.044860915536194694,0.037977226316870644,0.03812444718153406,0.023813317367936283,0.024325709108826546,0.023388924271046763,0.023493973793454675
sage,tiny11,1,3,top,0.0008817553780918636,0.003750790380349825,0.0005700648726423285,0.06309663646138018,0.06684742684173,0.05513744501238971,0.05893084359828373,0.032771828213855776,0.033341893086498105,0.03162761037286322,0.03234157758453851
sage,tiny11,1,4,top,0.0014220550957472565,-1.630984516762246e-06,-0.00013630668957897475,0.02583082256426493,0.025829191579748167,0.024082683995027027,0.02486387679769056,0.014755330559179125,0.01461902386960015,0.014357405260736785,0.014317935141772938
sage,tiny11,1,5,top,0.005381467284316102,0.010743906322588564,0.0013021108063987624,0.04821914046408749,0.058963046786676056,0.04187443125285156,0.05494988515774365,0.028308133867779944,0.029610244674178707,0.02798338633832967,0.028090328107302793
sage,tiny11,1,6,top,0.0025662181444735532,0.005573720933457739,0.0015464636694014662,0.05865312068085244,0.06422684161431018,0.051611995492064806,0.05973038960699397,0.03110714888538935,0.032653612554790816,0.029791596926526637,0.0307979218572661
sage,tiny11,1,7,top,0.000989382109902022,0.0012135768463438779,0.0005928938208022601,0.04096995026676853,0.04218352711311241,0.0384102962116189,0.04046443326367321,0.026468739887907263,0.027061633708709523,0.026084947723800638,0.026550068872937205
sage,tiny11,1,8,top,0.0008969536141793128,0.0011088751063643362,0.00034834314550827306,0.060273579843705107,0.06138245495006944,0.05112630289113517,0.055848753582411835,0.03543240953478019,0.03578075268028846,0.033555903014082844,0.03500395374100342
sage,tiny11,1,9,top,0.003068424683822247,0.009887385991012111,0.0006204726233991487,0.057538977138524426,0.06742636312953654,0.051526092763711985,0.05554346060470624,0.0341680129083513,0.03478848553175045,0.03229843259287809,0.03336179726600414
sage,tiny11,1,14,top,0.0024190848321519556,0.0019848380928517567,-0.0006970221602016768,0.06312521055173105,0.06511004864458281,0.0528870714002759,0.05887696117764643,0.03660576035258404,0.03590873819238236,0.033758818422780466,0.03508428974120699
sage,tiny11,1,15,top+random,0.0005504985797409901,-0.0011630923206872798,-4.6294153739682986e-05,0.03928785307890703,0.03812476075821975,0.03924520334675316,0.0373491687239935,0.024736449424013398,0.024690155270273715,0.025023350284177386,0.024817727920036933
sage,tiny11,1,16,top,0.003031812563214982,-0.0032192362351881956,-0.0005263491394166958,0.03886980127925835,0.03565056504407015,0.035364195721250796,0.03668717625464123,0.02680759183525895,0.026281242695842255,0.026008021253560883,0.0256881403945709
sage,tiny11,1,18,top,0.0046732273872115765,-0.0006496137941590652,-0.00012512948908265445,0.03730429924951182,0.036654685455352755,0.03316538810441683,0.03305167996208829,0.026173158244784864,0.02604802875570221,0.026528983261575472,0.025468422285523356
sage,tiny11,1,21,top,0.0018529868553391234,-0.002224643224308258,0.0006728861735326268,0.03664161067364632,0.03441696744933806,0.03246677785050836,0.033866536679560404,0.025657226850010997,0.026330113023543624,0.026177666448639392,0.02548031306300415
sage,tiny11,1,22,top,0.003914914961353253,-0.0001228411357425685,-0.0011296233845502976,0.04779514739773092,0.04767230626198835,0.04209711296548274,0.04731184373622573,0.02971119929562303,0.028581575911072733,0.029656931083560958,0.02821652189786009
sage,tiny11,1,23,top,0.0026955906221021882,-0.0008578415070646453,-0.0005628395902800565,0.036820889856081535,0.03596304834901689,0.03457676635771729,0.03809504656524734,0.02684393885524557,0.026281099264965514,0.026147384086636555,0.026397560133601807
sage,tiny11,1,24,top,0.006387691748627591,0.0014469244243716858,-0.0004291392663803295,0.035460307601358564,0.03690723202573025,0.02932903157047514,0.03382564288167961,0.02056305054642905,0.02013391128004872,0.020772824017284957,0.019698991196585167
sage,tiny11,1,26,top,0.0028151049671316986,0.0031577068754883725,0.0003649670222204207,0.038584348688439775,0.04174205556392815,0.03443110615441042,0.04067223235890516,0.027340495647364387,0.027705462669584808,0.027117135727815187,0.02693125942224135
sage,tiny11,1,28,top,0.0016989188641823017,0.0007701540278773206,5.8151395748377854e-05,0.03381172314281925,0.03458187717069657,0.030335719012858992,0.03339287719158995,0.023606739684086327,0.023664891079834705,0.023508632244957306,0.023630153323898662
sage,tiny11,1,29,top,0.0016322740908612475,-0.0014773775256969254,0.001240419699582912,0.06031667690880534,0.05883929938310842,0.04929616012823155,0.05381362307057943,0.032247154822946496,0.03348757452252941,0.03197725507199572,0.0322651025025861
sage,tiny11,1,31,top,0.01393072264935761,0.01220057688495298,-0.0007302258571862952,0.030541544855512155,0.042742121740465135,0.02648222023069291,0.037525364503291914,0.020361043132534368,0.019630817275348073,0.020285763062136423,0.018851648372668357
sage,tiny11,2,16,top,0.0012447806417529756,0.0035209232381752872,0.0013619747619928978,0.05888327529652513,0.06240419853470042,0.0518947170013549,0.05601902772362999,0.030297040264704072,0.03165901502669697,0.03044331047950867,0.031055583682116954
sage,tiny11,2,17,top,0.0029837333648562218,0.0023255064476661452,-0.0001934612756905596,0.051275211996247995,0.05360071844391414,0.04665490072779698,0.052718638881902195,0.028499240818743953,0.028305779543053394,0.028379130610305874,0.028112053913219928
sage,tiny11,2,18,top,0.005221836763967967,-0.0034137394760255513,-0.000295537810809942,0.02722035711013741,0.02380661763411186,0.028189470564753533,0.023758207302489495,0.018961844362736253,0.01866630655192631,0.018696365986978238,0.018278588601332663
sage,tiny11,2,25,top,0.0016463745203993258,0.003551059693074919,0.0004682953545055782,0.04285468476579488,0.0464057444588698,0.03927495745436009,0.042968672450526595,0.027987162477241086,0.028455457831746665,0.028168395252836948,0.02784566491325705
sage,tiny11,2,26,top,0.003064179467991946,0.004499648529727722,0.00020549541045754294,0.05964603166083179,0.06414568019055951,0.053639318794187714,0.06049179579829329,0.03361874869574485,0.03382424410620239,0.03401449112808778,0.03322445084070427
sage,tiny11,2,28,top,0.0017097162418977564,0.005192570991056626,0.0005863389139084824,0.04659974468486914,0.051792315675925765,0.04193323685304079,0.046942810006610575,0.02900321626896885,0.02958955518287733,0.029373391224695067,0.029119687540179195
sage,tiny11,2,29,top,0.0023246245277636726,0.01090247360611192,0.0006758647597878559,0.05291067941151714,0.06381315301762906,0.04912884152626837,0.05882917738550006,0.03131211427159367,0.03198797903138153,0.03158671008597551,0.03201987751701372
sage,tiny11,2,30,top,0.0005397701455771923,0.0019136463512323607,0.00011532100166966944,0.03883455224478696,0.040748198596019324,0.03591295384257364,0.04031653234926431,0.027023634211517433,0.027138955213187103,0.026819500020901044,0.026926007309761968
sage,tiny11,2,31,top,0.0018964463742500402,0.0031628077578185476,-0.0002935855435685468,0.04427078345028116,0.04743359120809971,0.038294437918604284,0.045767796810770596,0.029148612587189576,0.02885502704362103,0.02908606757896584,0.028928861987156305
sage,tiny11,4,13,random,-0.07303928362979763,-0.05478901163038642,-0.015387168384530442,0.13476396382844721,0.07997495219806079,0.11426236912422183,0.0792392642735613,0.05803503000181101,0.04264786161728057,0.04320672034210346,0.03957521701578862
sage,tiny11,5,0,random,-0.0766507061900175,-0.0588655720894426,-0.007070735675741922,0.11917235652249791,0.060306784433055316,0.12147610052246988,0.06272702894190334,0.04295381097198705,0.035883075296245126,0.03884850950985877,0.03241456256815246
sage,tiny11,5,12,random,-0.05789251451772778,-0.05958377087533011,-0.007115683139988643,0.1326552196164298,0.07307144874109968,0.10839832748864543,0.07894740543386312,0.04733465477934843,0.040218971639359787,0.043340619718615046,0.03955465210564401
sage,tiny11,6,6,random,-0.04085282300233168,-0.027515482257300883,-0.004770314104771453,0.09682078368610857,0.06930530142880768,0.10533820781040666,0.07215994197949303,0.04158312268458627,0.03681280857981482,0.03880080335419884,0.03501210034679316
sage,tiny11,6,19,random,-0.09905513602635896,-0.07350552944930491,-0.003508248869018328,0.18519047063660307,0.11168494118729816,0.1672192179082298,0.11707986856457807,0.06151762441251574,0.05800937554349741,0.05815754471322665,0.051407870160947944
sage,tiny11,8,5,random,-0.09605690733779276,-0.10295354254270335,-0.014982917986207607,0.18191306586985947,0.07895952332715613,0.15109834774227168,0.0833888438279743,0.05389594464438796,0.038913026658180354,0.04600992969388559,0.038103103105735066
sage,tiny11,11,27,random,-0.07194837905561291,-0.06021488493151232,-0.005334720955176335,0.1287284533719569,0.06851356844044458,0.1169338264987637,0.07179163778481767,0.042796235441375674,0.03746151448619934,0.04013087250325378,0.035038810264150386
sage,tiny11,12,17,random,-0.05942423785667953,-0.061527761586342725,-0.009124941519055529,0.11935752816155283,0.057829766575210106,0.10066525636512773,0.060297350687446495,0.03921792004091227,0.03009297852185674,0.03636266590535701,0.029763875076468035
sage,tiny11,13,3,random,-0.08534578338353667,-0.07036902963742166,-0.018512688964063335,0.15507707508056204,0.08470804544314038,0.13237285199048587,0.0849830252937171,0.0615702624156625,0.04305757345159916,0.04651229161324896,0.04261893740779734
sage,tiny11,13,23,random,-0.026765082235815793,-0.024281291424263322,-0.005036851980751926,0.059135151142719944,0.03485385971845662,0.05611107673054835,0.03558532345350235,0.024746543683706764,0.019709691702954838,0.02313366453369567,0.019464576527426707
sage,tiny11,14,3,random,-0.05273916792167068,-0.05275790355117875,-0.006768365821707832,0.099194615854705,0.04643671230352625,0.09571157258267708,0.0506524437983624,0.033170524578426945,0.026402158756719113,0.031433322752509214,0.024693870547077012
sage,tiny11,14,9,random,-0.022180546723071126,-0.026535135543387968,-0.0038446124385284643,0.07184091226160814,0.04530577671822018,0.07426316945137047,0.04427414515461523,0.027794013489760756,0.02394940105123229,0.026695110523689933,0.023397293043915284
sage,tiny11,14,16,random,-0.054472479012450815,-0.042270632329689126,-0.01128613596579087,0.08504712126151716,0.04277648893182803,0.10105021755457733,0.04614328581745173,0.031438169658014804,0.020152033692223934,0.02508527524889668,0.02187138756487478
sage,tiny11,16,3,random,-0.03121477297630781,-0.028370428081752296,-0.0031900271401365185,0.07181197725838138,0.04344154917662909,0.0709851471285575,0.042662809366291965,0.028054394876588843,0.024864367736452325,0.02631892665546005,0.0238069203287286
sage,tiny11,16,10,random,-0.02023387751272099,-0.020255442243479034,-0.0045215384228274764,0.058776901890161076,0.03852145964668204,0.05240843970969875,0.038432078881594785,0.025617616753533735,0.021096078330706258,0.024140107414137777,0.01972054058120497
sage,tiny11,16,17,random,-0.08935317863380765,-0.07265769512254493,-0.011342369417217613,0.16945847366970665,0.09680077854716172,0.17370043330028176,0.09697196959542738,0.057372813320478,0.04603044390326039,0.05027814544201431,0.043228263460735716
sage,tiny11,16,19,random,-0.03899846917906583,-0.03431514066835407,-0.006307073811521489,0.08948746662197422,0.055172325953620156,0.0995515115699172,0.056083430547662044,0.03297283355112694,0.026665759739605454,0.03166747372498135,0.025665430589405593
sage,tiny11,17,8,random,-0.03262633627057369,-0.041099875799516974,-0.007110594740293515,0.09640345568487053,0.05530357988535356,0.08265145175185097,0.05530464523134656,0.0346482705390061,0.027537675798712583,0.02987305558308269,0.028075460274026284
sage,tiny11,17,13,random,-0.03889314321796529,-0.0506948592063728,-0.00752080890788049,0.12167010975542375,0.07097525054905095,0.1029011608519688,0.07165877838758865,0.04187131254185891,0.03435050363397842,0.03562969871223243,0.03324645162190652
sage,tiny11,17,24,random,-0.11027484953295191,-0.0927541373302745,-0.017036136498573926,0.16932242256980526,0.07656828523953076,0.1464941117205784,0.0779734221061108,0.05356845727199274,0.036532320773418815,0.04233433883202636,0.03700007096539665
sage,tiny11,17,31,random,-0.12145484087037202,-0.1016147103236308,-0.019701724014129535,0.17670488340511822,0.07509017308148742,0.15273767572120023,0.0770116836302711,0.05591216192181775,0.036210437907688214,0.04231331885129223,0.03536669911772928
sage,tiny11,18,4,random,-0.03672283619005015,-0.03045963725951336,-0.0018159686243893053,0.08759815303621143,0.057138515776698075,0.08106592828129705,0.06228152881510913,0.034314476195898565,0.03249850757150926,0.0324504820892924,0.029376498738426595
sage,tiny11,18,15,random,-0.07041128245711971,-0.07106399397693108,-0.008733651529123601,0.1374649277555854,0.0664009337786543,0.11751826557039742,0.0693412351092308,0.04340914484165622,0.03467549331253262,0.038292025562090944,0.03271283878428121
sage,tiny11,18,25,random,-0.051474188678663324,-0.05417782112046141,-0.008352063283682754,0.11043593757270093,0.056258116452239514,0.10887457533005458,0.061588080322102556,0.03691477208112271,0.028562708797439957,0.03331873286806484,0.02857557074157156
sage,tiny11,19,30,random,-0.059694743517522054,-0.06548759154815526,-0.009133513661901412,0.1243569330147815,0.058869341466626236,0.1154920689742729,0.06331330936416342,0.04186211380031805,0.032728600138416636,0.036390763954578624,0.031434166638738936
sage,tiny11,20,12,random,-0.026739043996978212,-0.01995435358556879,-0.007962303613405178,0.07891174709608816,0.05895739351051937,0.07481169233132999,0.05330731081204837,0.034924883825206296,0.026962580211801118,0.028711789754846506,0.023627144682178247
sage,tiny11,21,26,random,-0.03212202801619917,-0.019175540170965094,-0.0045127306692929366,0.057932165793462186,0.03875662562249709,0.060923874657421696,0.03928124312304727,0.028087754534495805,0.023575023865202868,0.02576691309893686,0.0229641533957791
