model,family,revision,text,layer,head,kv_head,n,d,scale,query_start,query_count,prefix1_mass,prefix4_mass
qwen05,qwen,7ae557604adf67be50417f59c2c2f167def9a775,alice,0,0,0,1024,64,0.125,128,896,1.1639961461824007e-05,1.9135295813859457e-05
qwen05,qwen,7ae557604adf67be50417f59c2c2f167def9a775,alice,0,1,0,1024,64,0.125,128,896,1.2986254551554417e-09,3.713875010637787e-09
qwen05,qwen,7ae557604adf67be50417f59c2c2f167def9a775,alice,0,2,0,1024,64,0.125,128,896,4.940793474226248e-05,0.001299574929345945
qwen05,qwen,7ae557604adf67be50417f59c2c2f167def9a775,alice,0,3,0,1024,64,0.125,128,896,0.0012834558116540074,0.005795551354533907
qwen05,qwen,7ae557604adf67be50417f59c2c2f167def9a775,alice,0,4,0,1024,64,0.125,128,896,0.000949888412603992,0.003117236689646336
qwen05,qwen,7ae557604adf67be50417f59c2c2f167def9a775,alice,0,5,0,1024,64,0.125,128,896,0.0011364420048913975,0.0029218866384420126
qwen05,qwen,7ae557604adf67be50417f59c2c2f167def9a775,alice,0,6,0,1024,64,0.125,128,896,0.0001847605038776468,0.0007360588238035571
qwen05,qwen,7ae557604adf67be50417f59c2c2f167def9a775,alice,0,7,1,1024,64,0.125,128,896,2.8732867299823317e-07,0.0020976320953799716
qwen05,qwen,7ae557604adf67be50417f59c2c2f167def9a775,alice,0,8,1,1024,64,0.125,128,896,3.071127383284421e-05,0.0024857087172621473
qwen05,qwen,7ae557604adf67be50417f59c2c2f167def9a775,alice,0,9,1,1024,64,0.125,128,896,4.130151142693325e-05,0.00013316007484486783
qwen05,qwen,7ae557604adf67be50417f59c2c2f167def9a775,alice,0,10,1,1024,64,0.125,128,896,0.0022928081031938457,0.006336835289436641
qwen05,qwen,7ae557604adf67be50417f59c2c2f167def9a775,alice,0,11,1,1024,64,0.125,128,896,5.235489976231161e-05,0.00016478615063226606
qwen05,qwen,7ae557604adf67be50417f59c2c2f167def9a775,alice,0,12,1,1024,64,0.125,128,896,0.0007720144370041562,0.001660853983741309
qwen05,qwen,7ae557604adf67be50417f59c2c2f167def9a775,alice,0,13,1,1024,64,0.125,128,896,0.00010466407957228961,0.0002702057274708444
qwen05,qwen,7ae557604adf67be50417f59c2c2f167def9a775,moby,0,0,0,1024,64,0.125,128,896,8.974038087250634e-06,2.7743699308338056e-05
qwen05,qwen,7ae557604adf67be50417f59c2c2f167def9a775,moby,0,1,0,1024,64,0.125,128,896,2.34508887878015e-09,8.501787859505041e-09
qwen05,qwen,7ae557604adf67be50417f59c2c2f167def9a775,moby,0,2,0,1024,64,0.125,128,896,8.606384891579858e-05,0.0009450010785000895
qwen05,qwen,7ae557604adf67be50417f59c2c2f167def9a775,moby,0,3,0,1024,64,0.125,128,896,0.0012572036396734814,0.007319995480222191
qwen05,qwen,7ae557604adf67be50417f59c2c2f167def9a775,moby,0,4,0,1024,64,0.125,128,896,0.0007532315999627168,0.003123682087341684
qwen05,qwen,7ae557604adf67be50417f59c2c2f167def9a775,moby,0,5,0,1024,64,0.125,128,896,0.0015780785788664085,0.004654122023070326
qwen05,qwen,7ae557604adf67be50417f59c2c2f167def9a775,moby,0,6,0,1024,64,0.125,128,896,0.00023755950442985174,0.0011228649933224617
qwen05,qwen,7ae557604adf67be50417f59c2c2f167def9a775,moby,0,7,1,1024,64,0.125,128,896,5.907621309616021e-05,0.0003237556948122441
qwen05,qwen,7ae557604adf67be50417f59c2c2f167def9a775,moby,0,8,1,1024,64,0.125,128,896,7.634654166601817e-05,8.595366821221619e-05
qwen05,qwen,7ae557604adf67be50417f59c2c2f167def9a775,moby,0,9,1,1024,64,0.125,128,896,2.9022104633315756e-05,0.00013476712749880998
qwen05,qwen,7ae557604adf67be50417f59c2c2f167def9a775,moby,0,10,1,1024,64,0.125,128,896,0.005057474151032692,0.006911819586887699
qwen05,qwen,7ae557604adf67be50417f59c2c2f167def9a775,moby,0,11,1,1024,64,0.125,128,896,4.823955516152692e-05,0.00011299555265360926
qwen05,qwen,7ae557604adf67be50417f59c2c2f167def9a775,moby,0,12,1,1024,64,0.125,128,896,0.0002465874929289609,0.0007503435017338079
qwen05,qwen,7ae557604adf67be50417f59c2c2f167def9a775,moby,0,13,1,1024,64,0.125,128,896,9.997249033908239e-05,0.00021216447466305177
qwen05,qwen,7ae557604adf67be50417f59c2c2f167def9a775,pride,0,0,0,1024,64,0.125,128,896,6.245018155940248e-06,1.3981861809396093e-05
qwen05,qwen,7ae557604adf67be50417f59c2c2f167def9a775,pride,0,1,0,1024,64,0.125,128,896,1.0570953196179698e-09,2.899870378717108e-09
qwen05,qwen,7ae557604adf67be50417f59c2c2f167def9a775,pride,0,2,0,1024,64,0.125,128,896,4.6696167130115447e-05,0.0022255855139684225
qwen05,qwen,7ae557604adf67be50417f59c2c2f167def9a775,pride,0,3,0,1024,64,0.125,128,896,0.0021798963657500684,0.009412438157140185
qwen05,qwen,7ae557604adf67be50417f59c2c2f167def9a775,pride,0,4,0,1024,64,0.125,128,896,0.0008537354572802894,0.0030039364200450383
qwen05,qwen,7ae557604adf67be50417f59c2c2f167def9a775,pride,0,5,0,1024,64,0.125,128,896,0.001029991100127057,0.0031563249919827714
qwen05,qwen,7ae557604adf67be50417f59c2c2f167def9a775,pride,0,6,0,1024,64,0.125,128,896,0.00010220408691079493,0.0008222596538644356
qwen05,qwen,7ae557604adf67be50417f59c2c2f167def9a775,pride,0,7,1,1024,64,0.125,128,896,2.7877225606378998e-05,0.0024964344892387962
qwen05,qwen,7ae557604adf67be50417f59c2c2f167def9a775,pride,0,8,1,1024,64,0.125,128,896,0.00011424406272888246,0.004408260720280335
qwen05,qwen,7ae557604adf67be50417f59c2c2f167def9a775,pride,0,9,1,1024,64,0.125,128,896,1.1708677158074462e-05,3.793940461835822e-05
qwen05,qwen,7ae557604adf67be50417f59c2c2f167def9a775,pride,0,10,1,1024,64,0.125,128,896,0.0009342041572762147,0.0023494910798991567
qwen05,qwen,7ae557604adf67be50417f59c2c2f167def9a775,pride,0,11,1,1024,64,0.125,128,896,3.720365464187395e-05,0.0001407218113986388
qwen05,qwen,7ae557604adf67be50417f59c2c2f167def9a775,pride,0,12,1,1024,64,0.125,128,896,7.170151650033646e-05,0.0010860418347392862
qwen05,qwen,7ae557604adf67be50417f59c2c2f167def9a775,pride,0,13,1,1024,64,0.125,128,896,3.787841032493659e-05,0.00017901601352645981
qwen05,qwen,7ae557604adf67be50417f59c2c2f167def9a775,alice,1,0,0,1024,64,0.125,128,896,0.00021167391707555434,0.0008554984934151351
qwen05,qwen,7ae557604adf67be50417f59c2c2f167def9a775,alice,1,1,0,1024,64,0.125,128,896,0.0003701654285909305,0.002639206828207559
qwen05,qwen,7ae557604adf67be50417f59c2c2f167def9a775,alice,1,2,0,1024,64,0.125,128,896,0.0007561830061247446,0.0019303540029127293
qwen05,qwen,7ae557604adf67be50417f59c2c2f167def9a775,alice,1,3,0,1024,64,0.125,128,896,0.011510239733054765,0.01799844847273785
qwen05,qwen,7ae557604adf67be50417f59c2c2f167def9a775,alice,1,4,0,1024,64,0.125,128,896,0.0004199566476317887,0.002088483525014413
qwen05,qwen,7ae557604adf67be50417f59c2c2f167def9a775,alice,1,5,0,1024,64,0.125,128,896,0.0031763786824949374,0.008015262343674797
qwen05,qwen,7ae557604adf67be50417f59c2c2f167def9a775,alice,1,6,0,1024,64,0.125,128,896,0.00038094155663770943,0.001789732122304432
qwen05,qwen,7ae557604adf67be50417f59c2c2f167def9a775,alice,1,7,1,1024,64,0.125,128,896,0.006582851976542477,0.00939730655878826
qwen05,qwen,7ae557604adf67be50417f59c2c2f167def9a775,alice,1,8,1,1024,64,0.125,128,896,5.5276105110984435e-05,0.00019214899084836262
qwen05,qwen,7ae557604adf67be50417f59c2c2f167def9a775,alice,1,9,1,1024,64,0.125,128,896,5.051871963630482e-05,0.00020035845352070602
qwen05,qwen,7ae557604adf67be50417f59c2c2f167def9a775,alice,1,10,1,1024,64,0.125,128,896,0.0001728656449535152,0.00041299658142896704
qwen05,qwen,7ae557604adf67be50417f59c2c2f167def9a775,alice,1,11,1,1024,64,0.125,128,896,0.00042407591856753415,0.001724800059312141
qwen05,qwen,7ae557604adf67be50417f59c2c2f167def9a775,alice,1,12,1,1024,64,0.125,128,896,0.02502979992629754,0.028691301040214688
qwen05,qwen,7ae557604adf67be50417f59c2c2f167def9a775,alice,1,13,1,1024,64,0.125,128,896,0.0024123274459374425,0.008195554168566996
qwen05,qwen,7ae557604adf67be50417f59c2c2f167def9a775,moby,1,0,0,1024,64,0.125,128,896,6.871099527474758e-05,0.0002516858588261464
qwen05,qwen,7ae557604adf67be50417f59c2c2f167def9a775,moby,1,1,0,1024,64,0.125,128,896,0.00020458318396153824,0.0007781814066487631
qwen05,qwen,7ae557604adf67be50417f59c2c2f167def9a775,moby,1,2,0,1024,64,0.125,128,896,0.0002049891981589578,0.0007915048251231837
qwen05,qwen,7ae557604adf67be50417f59c2c2f167def9a775,moby,1,3,0,1024,64,0.125,128,896,0.0007245233716035921,0.008254791068412596
qwen05,qwen,7ae557604adf67be50417f59c2c2f167def9a775,moby,1,4,0,1024,64,0.125,128,896,0.0001962456465262959,0.0007026693953698854
qwen05,qwen,7ae557604adf67be50417f59c2c2f167def9a775,moby,1,5,0,1024,64,0.125,128,896,0.0010824661637862869,0.0034718083205338814
qwen05,qwen,7ae557604adf67be50417f59c2c2f167def9a775,moby,1,6,0,1024,64,0.125,128,896,0.0001928137895657382,0.0006362021450308926
qwen05,qwen,7ae557604adf67be50417f59c2c2f167def9a775,moby,1,7,1,1024,64,0.125,128,896,0.004107137648168241,0.009253840903526836
qwen05,qwen,7ae557604adf67be50417f59c2c2f167def9a775,moby,1,8,1,1024,64,0.125,128,896,7.400340728360145e-05,0.00023692823202572168
qwen05,qwen,7ae557604adf67be50417f59c2c2f167def9a775,moby,1,9,1,1024,64,0.125,128,896,8.684707564645682e-05,0.0002119403456778057
qwen05,qwen,7ae557604adf67be50417f59c2c2f167def9a775,moby,1,10,1,1024,64,0.125,128,896,0.00010883654593331131,0.0004449001666729737
qwen05,qwen,7ae557604adf67be50417f59c2c2f167def9a775,moby,1,11,1,1024,64,0.125,128,896,0.0003489381243855412,0.0007468445564247872
qwen05,qwen,7ae557604adf67be50417f59c2c2f167def9a775,moby,1,12,1,1024,64,0.125,128,896,0.0035884093532760988,0.017154125063465944
qwen05,qwen,7ae557604adf67be50417f59c2c2f167def9a775,moby,1,13,1,1024,64,0.125,128,896,0.0019442275109395602,0.005755448558368632
qwen05,qwen,7ae557604adf67be50417f59c2c2f167def9a775,pride,1,0,0,1024,64,0.125,128,896,0.0008478380179514084,0.001295115118028958
qwen05,qwen,7ae557604adf67be50417f59c2c2f167def9a775,pride,1,1,0,1024,64,0.125,128,896,0.0036125027923248217,0.0057236251766200055
qwen05,qwen,7ae557604adf67be50417f59c2c2f167def9a775,pride,1,2,0,1024,64,0.125,128,896,0.001520426719129728,0.002616848521081366
qwen05,qwen,7ae557604adf67be50417f59c2c2f167def9a775,pride,1,3,0,1024,64,0.125,128,896,0.007156717087648653,0.01617572000776427
qwen05,qwen,7ae557604adf67be50417f59c2c2f167def9a775,pride,1,4,0,1024,64,0.125,128,896,0.001265988520377877,0.0028514788322078527
qwen05,qwen,7ae557604adf67be50417f59c2c2f167def9a775,pride,1,5,0,1024,64,0.125,128,896,0.003821649032657162,0.00875339996039501
qwen05,qwen,7ae557604adf67be50417f59c2c2f167def9a775,pride,1,6,0,1024,64,0.125,128,896,0.001831691103530169,0.0029406165969814357
qwen05,qwen,7ae557604adf67be50417f59c2c2f167def9a775,pride,1,7,1,1024,64,0.125,128,896,0.0073296561577691965,0.010272882089720669
qwen05,qwen,7ae557604adf67be50417f59c2c2f167def9a775,pride,1,8,1,1024,64,0.125,128,896,1.5809452045734043e-05,0.00010845854838399986
qwen05,qwen,7ae557604adf67be50417f59c2c2f167def9a775,pride,1,9,1,1024,64,0.125,128,896,1.4167629183658948e-05,9.899106375133264e-05
qwen05,qwen,7ae557604adf67be50417f59c2c2f167def9a775,pride,1,10,1,1024,64,0.125,128,896,3.7084851084574086e-05,0.0002802913367829315
qwen05,qwen,7ae557604adf67be50417f59c2c2f167def9a775,pride,1,11,1,1024,64,0.125,128,896,0.00013371978383581865,0.0008223257175000491
qwen05,qwen,7ae557604adf67be50417f59c2c2f167def9a775,pride,1,12,1,1024,64,0.125,128,896,0.0062709018018502665,0.0115899737057803
qwen05,qwen,7ae557604adf67be50417f59c2c2f167def9a775,pride,1,13,1,1024,64,0.125,128,896,0.0017798722181448963,0.00800961039281119
qwen05,qwen,7ae557604adf67be50417f59c2c2f167def9a775,alice,2,0,0,1024,64,0.125,128,896,0.00025691768601007595,0.0007088831529220204
qwen05,qwen,7ae557604adf67be50417f59c2c2f167def9a775,alice,2,1,0,1024,64,0.125,128,896,0.0001004247435274188,0.0002835331977509005
qwen05,qwen,7ae557604adf67be50417f59c2c2f167def9a775,alice,2,2,0,1024,64,0.125,128,896,0.002420306564297438,0.004936522730581461
qwen05,qwen,7ae557604adf67be50417f59c2c2f167def9a775,alice,2,3,0,1024,64,0.125,128,896,0.0002277632650801232,0.0006530239335356139
qwen05,qwen,7ae557604adf67be50417f59c2c2f167def9a775,alice,2,4,0,1024,64,0.125,128,896,0.0002948460149172838,0.0013431319845096067
qwen05,qwen,7ae557604adf67be50417f59c2c2f167def9a775,alice,2,5,0,1024,64,0.125,128,896,0.00036332959968777336,0.00431753079012479
qwen05,qwen,7ae557604adf67be50417f59c2c2f167def9a775,alice,2,6,0,1024,64,0.125,128,896,0.00013209043472893093,0.0004131069753095146
qwen05,qwen,7ae557604adf67be50417f59c2c2f167def9a775,alice,2,7,1,1024,64,0.125,128,896,8.230625112468997e-05,0.0021185684583008295
qwen05,qwen,7ae557604adf67be50417f59c2c2f167def9a775,alice,2,8,1,1024,64,0.125,128,896,2.7529323626542807e-05,0.00045954955907498153
qwen05,qwen,7ae557604adf67be50417f59c2c2f167def9a775,alice,2,9,1,1024,64,0.125,128,896,7.301997285425022e-05,0.0012243721687450356
qwen05,qwen,7ae557604adf67be50417f59c2c2f167def9a775,alice,2,10,1,1024,64,0.125,128,896,9.95547103511727e-05,0.0014293417922687632
qwen05,qwen,7ae557604adf67be50417f59c2c2f167def9a775,alice,2,11,1,1024,64,0.125,128,896,0.00014600736373061906,0.0017121526962446587
qwen05,qwen,7ae557604adf67be50417f59c2c2f167def9a775,alice,2,12,1,1024,64,0.125,128,896,0.0001216207112040317,0.0017905465399235961
qwen05,qwen,7ae557604adf67be50417f59c2c2f167def9a775,alice,2,13,1,1024,64,0.125,128,896,0.0006804899643060503,0.0032954208983162893
qwen05,qwen,7ae557604adf67be50417f59c2c2f167def9a775,moby,2,0,0,1024,64,0.125,128,896,0.0002752076662331028,0.0007186303076219623
qwen05,qwen,7ae557604adf67be50417f59c2c2f167def9a775,moby,2,1,0,1024,64,0.125,128,896,0.00018058609257426238,0.0002537290823794608
qwen05,qwen,7ae557604adf67be50417f59c2c2f167def9a775,moby,2,2,0,1024,64,0.125,128,896,0.0026558745081470994,0.005013477730482989
qwen05,qwen,7ae557604adf67be50417f59c2c2f167def9a775,moby,2,3,0,1024,64,0.125,128,896,0.00027547801592363666,0.0007763687868691439
qwen05,qwen,7ae557604adf67be50417f59c2c2f167def9a775,moby,2,4,0,1024,64,0.125,128,896,0.00022273410515536858,0.0010353489187992179
qwen05,qwen,7ae557604adf67be50417f59c2c2f167def9a775,moby,2,5,0,1024,64,0.125,128,896,0.000391134534680365,0.003139201432649177
qwen05,qwen,7ae557604adf67be50417f59c2c2f167def9a775,moby,2,6,0,1024,64,0.125,128,896,0.00024350135239166302,0.0005239404224008619
qwen05,qwen,7ae557604adf67be50417f59c2c2f167def9a775,moby,2,7,1,1024,64,0.125,128,896,0.00012245308389040083,0.00032369876864139655
qwen05,qwen,7ae557604adf67be50417f59c2c2f167def9a775,moby,2,8,1,1024,64,0.125,128,896,5.6102656958760395e-05,0.00013564422933067013
qwen05,qwen,7ae557604adf67be50417f59c2c2f167def9a775,moby,2,9,1,1024,64,0.125,128,896,0.00010335979566209774,0.00028037566019267817
qwen05,qwen,7ae557604adf67be50417f59c2c2f167def9a775,moby,2,10,1,1024,64,0.125,128,896,0.0001389786761083719,0.0005013706484929008
qwen05,qwen,7ae557604adf67be50417f59c2c2f167def9a775,moby,2,11,1,1024,64,0.125,128,896,0.000118155462167535,0.00030714455532798333
qwen05,qwen,7ae557604adf67be50417f59c2c2f167def9a775,moby,2,12,1,1024,64,0.125,128,896,0.00012592062943825338,0.0004059544897026402
qwen05,qwen,7ae557604adf67be50417f59c2c2f167def9a775,moby,2,13,1,1024,64,0.125,128,896,0.00032296484276884567,0.0011127445392717168
qwen05,qwen,7ae557604adf67be50417f59c2c2f167def9a775,pride,2,0,0,1024,64,0.125,128,896,0.0001833972623790838,0.0006337013341294124
qwen05,qwen,7ae557604adf67be50417f59c2c2f167def9a775,pride,2,1,0,1024,64,0.125,128,896,9.500427000115163e-05,0.000198021784427271
qwen05,qwen,7ae557604adf67be50417f59c2c2f167def9a775,pride,2,2,0,1024,64,0.125,128,896,0.0020404864078916772,0.0037537063057237973
qwen05,qwen,7ae557604adf67be50417f59c2c2f167def9a775,pride,2,3,0,1024,64,0.125,128,896,0.000170296769858252,0.0007002544834458007
qwen05,qwen,7ae557604adf67be50417f59c2c2f167def9a775,pride,2,4,0,1024,64,0.125,128,896,0.0003220643038078246,0.0015074304689370638
qwen05,qwen,7ae557604adf67be50417f59c2c2f167def9a775,pride,2,5,0,1024,64,0.125,128,896,0.00039704915997652396,0.004946781732699876
qwen05,qwen,7ae557604adf67be50417f59c2c2f167def9a775,pride,2,6,0,1024,64,0.125,128,896,9.066846005644721e-05,0.00035754875044126676
qwen05,qwen,7ae557604adf67be50417f59c2c2f167def9a775,pride,2,7,1,1024,64,0.125,128,896,0.0005883670004441956,0.002208929103748644
qwen05,qwen,7ae557604adf67be50417f59c2c2f167def9a775,pride,2,8,1,1024,64,0.125,128,896,9.948269405571281e-05,0.0003775252904422221
qwen05,qwen,7ae557604adf67be50417f59c2c2f167def9a775,pride,2,9,1,1024,64,0.125,128,896,0.0004962289410476501,0.0021260780619658617
qwen05,qwen,7ae557604adf67be50417f59c2c2f167def9a775,pride,2,10,1,1024,64,0.125,128,896,0.00043342845002877626,0.0012341051446744765
qwen05,qwen,7ae557604adf67be50417f59c2c2f167def9a775,pride,2,11,1,1024,64,0.125,128,896,0.0006938907566628941,0.0028740697562362433
qwen05,qwen,7ae557604adf67be50417f59c2c2f167def9a775,pride,2,12,1,1024,64,0.125,128,896,0.00040099788991656665,0.0015450231676738125
qwen05,qwen,7ae557604adf67be50417f59c2c2f167def9a775,pride,2,13,1,1024,64,0.125,128,896,0.0013309516931024452,0.004364709519598675
qwen05,qwen,7ae557604adf67be50417f59c2c2f167def9a775,alice,3,0,0,1024,64,0.125,128,896,0.5473729699107129,0.5505749527311682
qwen05,qwen,7ae557604adf67be50417f59c2c2f167def9a775,alice,3,1,0,1024,64,0.125,128,896,0.08009501604744136,0.0801580627904328
qwen05,qwen,7ae557604adf67be50417f59c2c2f167def9a775,alice,3,2,0,1024,64,0.125,128,896,0.29065236620851737,0.29070342694022583
qwen05,qwen,7ae557604adf67be50417f59c2c2f167def9a775,alice,3,3,0,1024,64,0.125,128,896,0.22117934362234126,0.22851057368879896
qwen05,qwen,7ae557604adf67be50417f59c2c2f167def9a775,alice,3,4,0,1024,64,0.125,128,896,0.7342534643022495,0.7342963803968404
qwen05,qwen,7ae557604adf67be50417f59c2c2f167def9a775,alice,3,5,0,1024,64,0.125,128,896,0.7692805108612293,0.7732248777683831
qwen05,qwen,7ae557604adf67be50417f59c2c2f167def9a775,alice,3,6,0,1024,64,0.125,128,896,0.07143459576592168,0.07165844099551422
qwen05,qwen,7ae557604adf67be50417f59c2c2f167def9a775,alice,3,7,1,1024,64,0.125,128,896,0.39420367060665795,0.39447352616351783
qwen05,qwen,7ae557604adf67be50417f59c2c2f167def9a775,alice,3,8,1,1024,64,0.125,128,896,0.37896267509021453,0.3806974135460631
qwen05,qwen,7ae557604adf67be50417f59c2c2f167def9a775,alice,3,9,1,1024,64,0.125,128,896,0.541397099341147,0.549617194768356
qwen05,qwen,7ae557604adf67be50417f59c2c2f167def9a775,alice,3,10,1,1024,64,0.125,128,896,0.32946016363731434,0.32972803571697307
qwen05,qwen,7ae557604adf67be50417f59c2c2f167def9a775,alice,3,11,1,1024,64,0.125,128,896,0.541686787636657,0.5422166505120057
qwen05,qwen,7ae557604adf67be50417f59c2c2f167def9a775,alice,3,12,1,1024,64,0.125,128,896,0.25316276007216365,0.2535815250755273
qwen05,qwen,7ae557604adf67be50417f59c2c2f167def9a775,alice,3,13,1,1024,64,0.125,128,896,0.36137776910360353,0.3620659878155577
qwen05,qwen,7ae557604adf67be50417f59c2c2f167def9a775,moby,3,0,0,1024,64,0.125,128,896,0.6054935717627847,0.6069185459847011
qwen05,qwen,7ae557604adf67be50417f59c2c2f167def9a775,moby,3,1,0,1024,64,0.125,128,896,0.08057101122292834,0.08065232032668121
qwen05,qwen,7ae557604adf67be50417f59c2c2f167def9a775,moby,3,2,0,1024,64,0.125,128,896,0.3118345614421925,0.31186674829510297
qwen05,qwen,7ae557604adf67be50417f59c2c2f167def9a775,moby,3,3,0,1024,64,0.125,128,896,0.23061597300640418,0.2362474202011525
qwen05,qwen,7ae557604adf67be50417f59c2c2f167def9a775,moby,3,4,0,1024,64,0.125,128,896,0.7452448317215914,0.7452613256274849
qwen05,qwen,7ae557604adf67be50417f59c2c2f167def9a775,moby,3,5,0,1024,64,0.125,128,896,0.8061934477113383,0.8069130883250966
qwen05,qwen,7ae557604adf67be50417f59c2c2f167def9a775,moby,3,6,0,1024,64,0.125,128,896,0.07292327071286633,0.07308365888602764
qwen05,qwen,7ae557604adf67be50417f59c2c2f167def9a775,moby,3,7,1,1024,64,0.125,128,896,0.395979250209252,0.3963795027953426
qwen05,qwen,7ae557604adf67be50417f59c2c2f167def9a775,moby,3,8,1,1024,64,0.125,128,896,0.3231575817819255,0.32518603569994003
qwen05,qwen,7ae557604adf67be50417f59c2c2f167def9a775,moby,3,9,1,1024,64,0.125,128,896,0.540375615825415,0.5456840789507862
qwen05,qwen,7ae557604adf67be50417f59c2c2f167def9a775,moby,3,10,1,1024,64,0.125,128,896,0.36412880235892564,0.3644691038638612
qwen05,qwen,7ae557604adf67be50417f59c2c2f167def9a775,moby,3,11,1,1024,64,0.125,128,896,0.507863198003255,0.508967241708791
qwen05,qwen,7ae557604adf67be50417f59c2c2f167def9a775,moby,3,12,1,1024,64,0.125,128,896,0.29809643086118875,0.29888653079750366
qwen05,qwen,7ae557604adf67be50417f59c2c2f167def9a775,moby,3,13,1,1024,64,0.125,128,896,0.4154754740455469,0.4165087610998572
qwen05,qwen,7ae557604adf67be50417f59c2c2f167def9a775,pride,3,0,0,1024,64,0.125,128,896,0.5065599167911048,0.5076606419159746
qwen05,qwen,7ae557604adf67be50417f59c2c2f167def9a775,pride,3,1,0,1024,64,0.125,128,896,0.09980168667199603,0.09987467565268078
qwen05,qwen,7ae557604adf67be50417f59c2c2f167def9a775,pride,3,2,0,1024,64,0.125,128,896,0.3316994770298241,0.3317262827580961
qwen05,qwen,7ae557604adf67be50417f59c2c2f167def9a775,pride,3,3,0,1024,64,0.125,128,896,0.23824031784842184,0.24258460365233278
qwen05,qwen,7ae557604adf67be50417f59c2c2f167def9a775,pride,3,4,0,1024,64,0.125,128,896,0.7332014039542469,0.73321462540782
qwen05,qwen,7ae557604adf67be50417f59c2c2f167def9a775,pride,3,5,0,1024,64,0.125,128,896,0.7370241190421428,0.7383405514342094
qwen05,qwen,7ae557604adf67be50417f59c2c2f167def9a775,pride,3,6,0,1024,64,0.125,128,896,0.07855682005224067,0.07870317612715431
qwen05,qwen,7ae557604adf67be50417f59c2c2f167def9a775,pride,3,7,1,1024,64,0.125,128,896,0.4379337261048987,0.4382813027928528
qwen05,qwen,7ae557604adf67be50417f59c2c2f167def9a775,pride,3,8,1,1024,64,0.125,128,896,0.4173126150205289,0.4190031598031299
qwen05,qwen,7ae557604adf67be50417f59c2c2f167def9a775,pride,3,9,1,1024,64,0.125,128,896,0.5183451724571753,0.5214159702555374
qwen05,qwen,7ae557604adf67be50417f59c2c2f167def9a775,pride,3,10,1,1024,64,0.125,128,896,0.32572162481184247,0.32606395769390734
qwen05,qwen,7ae557604adf67be50417f59c2c2f167def9a775,pride,3,11,1,1024,64,0.125,128,896,0.5541507690828537,0.5549153229757946
qwen05,qwen,7ae557604adf67be50417f59c2c2f167def9a775,pride,3,12,1,1024,64,0.125,128,896,0.2870455300906973,0.28788277627561343
qwen05,qwen,7ae557604adf67be50417f59c2c2f167def9a775,pride,3,13,1,1024,64,0.125,128,896,0.36916047024447024,0.37003915598462844
qwen05,qwen,7ae557604adf67be50417f59c2c2f167def9a775,alice,4,0,0,1024,64,0.125,128,896,0.5096333345458929,0.5096858330432849
qwen05,qwen,7ae557604adf67be50417f59c2c2f167def9a775,alice,4,1,0,1024,64,0.125,128,896,0.5070149647036838,0.507300525770669
qwen05,qwen,7ae557604adf67be50417f59c2c2f167def9a775,alice,4,2,0,1024,64,0.125,128,896,0.26915593431961715,0.26949332007495064
qwen05,qwen,7ae557604adf67be50417f59c2c2f167def9a775,alice,4,3,0,1024,64,0.125,128,896,0.33970043466212296,0.3408379293618648
qwen05,qwen,7ae557604adf67be50417f59c2c2f167def9a775,alice,4,4,0,1024,64,0.125,128,896,0.21196492184721416,0.21216449203307047
qwen05,qwen,7ae557604adf67be50417f59c2c2f167def9a775,alice,4,5,0,1024,64,0.125,128,896,0.4491905040529432,0.4493037851633185
qwen05,qwen,7ae557604adf67be50417f59c2c2f167def9a775,alice,4,6,0,1024,64,0.125,128,896,0.6276955234999807,0.6277698888752019
qwen05,qwen,7ae557604adf67be50417f59c2c2f167def9a775,alice,4,7,1,1024,64,0.125,128,896,0.235394108062947,0.2414951350893835
qwen05,qwen,7ae557604adf67be50417f59c2c2f167def9a775,alice,4,8,1,1024,64,0.125,128,896,0.16049511731482946,0.16179548865425897
qwen05,qwen,7ae557604adf67be50417f59c2c2f167def9a775,alice,4,9,1,1024,64,0.125,128,896,0.20417359498519083,0.21361044663157877
qwen05,qwen,7ae557604adf67be50417f59c2c2f167def9a775,alice,4,10,1,1024,64,0.125,128,896,0.1663369184003857,0.1673688494225388
qwen05,qwen,7ae557604adf67be50417f59c2c2f167def9a775,alice,4,11,1,1024,64,0.125,128,896,0.08140169655824989,0.08589494551071859
qwen05,qwen,7ae557604adf67be50417f59c2c2f167def9a775,alice,4,12,1,1024,64,0.125,128,896,0.12347654303032982,0.12365205613296136
qwen05,qwen,7ae557604adf67be50417f59c2c2f167def9a775,alice,4,13,1,1024,64,0.125,128,896,0.10793314360529159,0.11826548966332251
qwen05,qwen,7ae557604adf67be50417f59c2c2f167def9a775,moby,4,0,0,1024,64,0.125,128,896,0.4784066528386412,0.4784894677994321
qwen05,qwen,7ae557604adf67be50417f59c2c2f167def9a775,moby,4,1,0,1024,64,0.125,128,896,0.5196278783850784,0.5199910829628646
qwen05,qwen,7ae557604adf67be50417f59c2c2f167def9a775,moby,4,2,0,1024,64,0.125,128,896,0.2873188827396816,0.28747011518047344
qwen05,qwen,7ae557604adf67be50417f59c2c2f167def9a775,moby,4,3,0,1024,64,0.125,128,896,0.35777141332315393,0.35918256599987497
qwen05,qwen,7ae557604adf67be50417f59c2c2f167def9a775,moby,4,4,0,1024,64,0.125,128,896,0.25947113061918947,0.2598310852666331
qwen05,qwen,7ae557604adf67be50417f59c2c2f167def9a775,moby,4,5,0,1024,64,0.125,128,896,0.4945344693120276,0.4946078591880661
qwen05,qwen,7ae557604adf67be50417f59c2c2f167def9a775,moby,4,6,0,1024,64,0.125,128,896,0.6119849241598093,0.612071047355139
qwen05,qwen,7ae557604adf67be50417f59c2c2f167def9a775,moby,4,7,1,1024,64,0.125,128,896,0.23711410958749743,0.2422578021175182
qwen05,qwen,7ae557604adf67be50417f59c2c2f167def9a775,moby,4,8,1,1024,64,0.125,128,896,0.16360180542672573,0.16443272411572948
qwen05,qwen,7ae557604adf67be50417f59c2c2f167def9a775,moby,4,9,1,1024,64,0.125,128,896,0.21755106577086375,0.22367333136145504
qwen05,qwen,7ae557604adf67be50417f59c2c2f167def9a775,moby,4,10,1,1024,64,0.125,128,896,0.15969942195173834,0.16034498413896722
qwen05,qwen,7ae557604adf67be50417f59c2c2f167def9a775,moby,4,11,1,1024,64,0.125,128,896,0.09190207442624328,0.09488274059469314
qwen05,qwen,7ae557604adf67be50417f59c2c2f167def9a775,moby,4,12,1,1024,64,0.125,128,896,0.14987146906694102,0.15012624945390093
qwen05,qwen,7ae557604adf67be50417f59c2c2f167def9a775,moby,4,13,1,1024,64,0.125,128,896,0.09235324069145347,0.10337872402546397
qwen05,qwen,7ae557604adf67be50417f59c2c2f167def9a775,pride,4,0,0,1024,64,0.125,128,896,0.5192463593059802,0.5193026852740699
qwen05,qwen,7ae557604adf67be50417f59c2c2f167def9a775,pride,4,1,0,1024,64,0.125,128,896,0.5463617749000145,0.5464576326563803
qwen05,qwen,7ae557604adf67be50417f59c2c2f167def9a775,pride,4,2,0,1024,64,0.125,128,896,0.26480849347022006,0.26502339728533286
qwen05,qwen,7ae557604adf67be50417f59c2c2f167def9a775,pride,4,3,0,1024,64,0.125,128,896,0.33640945080190116,0.3368112494700834
qwen05,qwen,7ae557604adf67be50417f59c2c2f167def9a775,pride,4,4,0,1024,64,0.125,128,896,0.19673606380787795,0.19686265573916698
qwen05,qwen,7ae557604adf67be50417f59c2c2f167def9a775,pride,4,5,0,1024,64,0.125,128,896,0.45698817202184533,0.45704337861072003
qwen05,qwen,7ae557604adf67be50417f59c2c2f167def9a775,pride,4,6,0,1024,64,0.125,128,896,0.6345043953414169,0.6345639989158746
qwen05,qwen,7ae557604adf67be50417f59c2c2f167def9a775,pride,4,7,1,1024,64,0.125,128,896,0.21041292090524208,0.2121838181508239
qwen05,qwen,7ae557604adf67be50417f59c2c2f167def9a775,pride,4,8,1,1024,64,0.125,128,896,0.13311451665413718,0.13403938380598668
qwen05,qwen,7ae557604adf67be50417f59c2c2f167def9a775,pride,4,9,1,1024,64,0.125,128,896,0.16730061770006546,0.16926693720810057
qwen05,qwen,7ae557604adf67be50417f59c2c2f167def9a775,pride,4,10,1,1024,64,0.125,128,896,0.15490710364783247,0.15521015463721452
qwen05,qwen,7ae557604adf67be50417f59c2c2f167def9a775,pride,4,11,1,1024,64,0.125,128,896,0.048208164758595816,0.0490363768975484
qwen05,qwen,7ae557604adf67be50417f59c2c2f167def9a775,pride,4,12,1,1024,64,0.125,128,896,0.10804336564762836,0.10811856941794387
qwen05,qwen,7ae557604adf67be50417f59c2c2f167def9a775,pride,4,13,1,1024,64,0.125,128,896,0.0797812333188175,0.08129347162211299
qwen05,qwen,7ae557604adf67be50417f59c2c2f167def9a775,alice,5,0,0,1024,64,0.125,128,896,0.4450792770306906,0.4463727274591392
qwen05,qwen,7ae557604adf67be50417f59c2c2f167def9a775,alice,5,1,0,1024,64,0.125,128,896,0.328151460756981,0.32858893060757693
qwen05,qwen,7ae557604adf67be50417f59c2c2f167def9a775,alice,5,2,0,1024,64,0.125,128,896,0.46068955238228604,0.4627862851625476
qwen05,qwen,7ae557604adf67be50417f59c2c2f167def9a775,alice,5,3,0,1024,64,0.125,128,896,0.3712585157894343,0.3733934334935634
qwen05,qwen,7ae557604adf67be50417f59c2c2f167def9a775,alice,5,4,0,1024,64,0.125,128,896,0.4137916750345732,0.4146456380318093
qwen05,qwen,7ae557604adf67be50417f59c2c2f167def9a775,alice,5,5,0,1024,64,0.125,128,896,0.3935219455472798,0.398385206901729
qwen05,qwen,7ae557604adf67be50417f59c2c2f167def9a775,alice,5,6,0,1024,64,0.125,128,896,0.30933477918763,0.3103896240385973
qwen05,qwen,7ae557604adf67be50417f59c2c2f167def9a775,alice,5,7,1,1024,64,0.125,128,896,0.5333098552425497,0.5374388204229928
qwen05,qwen,7ae557604adf67be50417f59c2c2f167def9a775,alice,5,8,1,1024,64,0.125,128,896,0.0657186307484995,0.07498400175092543
qwen05,qwen,7ae557604adf67be50417f59c2c2f167def9a775,alice,5,9,1,1024,64,0.125,128,896,0.1961723227626797,0.19640521718783263
qwen05,qwen,7ae557604adf67be50417f59c2c2f167def9a775,alice,5,10,1,1024,64,0.125,128,896,0.5771089455671824,0.5788405299713019
qwen05,qwen,7ae557604adf67be50417f59c2c2f167def9a775,alice,5,11,1,1024,64,0.125,128,896,0.39213464900960904,0.3931252346554704
qwen05,qwen,7ae557604adf67be50417f59c2c2f167def9a775,alice,5,12,1,1024,64,0.125,128,896,0.2879423661231117,0.28885144437514715
qwen05,qwen,7ae557604adf67be50417f59c2c2f167def9a775,alice,5,13,1,1024,64,0.125,128,896,0.11013165070662916,0.11641402362094637
qwen05,qwen,7ae557604adf67be50417f59c2c2f167def9a775,moby,5,0,0,1024,64,0.125,128,896,0.37410963656737656,0.375206858111014
qwen05,qwen,7ae557604adf67be50417f59c2c2f167def9a775,moby,5,1,0,1024,64,0.125,128,896,0.41045174520828503,0.4108226588919863
qwen05,qwen,7ae557604adf67be50417f59c2c2f167def9a775,moby,5,2,0,1024,64,0.125,128,896,0.5231372952766832,0.523855832164161
qwen05,qwen,7ae557604adf67be50417f59c2c2f167def9a775,moby,5,3,0,1024,64,0.125,128,896,0.27727482681548427,0.27900875108379103
qwen05,qwen,7ae557604adf67be50417f59c2c2f167def9a775,moby,5,4,0,1024,64,0.125,128,896,0.41124682237581583,0.41280384106552015
qwen05,qwen,7ae557604adf67be50417f59c2c2f167def9a775,moby,5,5,0,1024,64,0.125,128,896,0.38835600793291325,0.39127683176224093
qwen05,qwen,7ae557604adf67be50417f59c2c2f167def9a775,moby,5,6,0,1024,64,0.125,128,896,0.34333426499930636,0.3440542105989021
qwen05,qwen,7ae557604adf67be50417f59c2c2f167def9a775,moby,5,7,1,1024,64,0.125,128,896,0.4876539635987385,0.49217811488613095
qwen05,qwen,7ae557604adf67be50417f59c2c2f167def9a775,moby,5,8,1,1024,64,0.125,128,896,0.07593927462122359,0.08853440268078092
qwen05,qwen,7ae557604adf67be50417f59c2c2f167def9a775,moby,5,9,1,1024,64,0.125,128,896,0.23233028941115327,0.23262241503999317
qwen05,qwen,7ae557604adf67be50417f59c2c2f167def9a775,moby,5,10,1,1024,64,0.125,128,896,0.5538975217354881,0.5549201625706136
qwen05,qwen,7ae557604adf67be50417f59c2c2f167def9a775,moby,5,11,1,1024,64,0.125,128,896,0.41229482677774343,0.41405350170680044
qwen05,qwen,7ae557604adf67be50417f59c2c2f167def9a775,moby,5,12,1,1024,64,0.125,128,896,0.25287972002324083,0.2536889999990219
qwen05,qwen,7ae557604adf67be50417f59c2c2f167def9a775,moby,5,13,1,1024,64,0.125,128,896,0.11429270523035595,0.11895817378447708
qwen05,qwen,7ae557604adf67be50417f59c2c2f167def9a775,pride,5,0,0,1024,64,0.125,128,896,0.42624224005422884,0.4271190868967418
qwen05,qwen,7ae557604adf67be50417f59c2c2f167def9a775,pride,5,1,0,1024,64,0.125,128,896,0.380901469956543,0.38103730311974676
qwen05,qwen,7ae557604adf67be50417f59c2c2f167def9a775,pride,5,2,0,1024,64,0.125,128,896,0.4416523494482072,0.44199165503728055
qwen05,qwen,7ae557604adf67be50417f59c2c2f167def9a775,pride,5,3,0,1024,64,0.125,128,896,0.34598469893251893,0.3466585899083516
qwen05,qwen,7ae557604adf67be50417f59c2c2f167def9a775,pride,5,4,0,1024,64,0.125,128,896,0.4422688986634579,0.4426339785232583
qwen05,qwen,7ae557604adf67be50417f59c2c2f167def9a775,pride,5,5,0,1024,64,0.125,128,896,0.431670648810505,0.4324544007740096
qwen05,qwen,7ae557604adf67be50417f59c2c2f167def9a775,pride,5,6,0,1024,64,0.125,128,896,0.3131581641982441,0.3137007682345101
qwen05,qwen,7ae557604adf67be50417f59c2c2f167def9a775,pride,5,7,1,1024,64,0.125,128,896,0.5239769219023799,0.5254066828917031
qwen05,qwen,7ae557604adf67be50417f59c2c2f167def9a775,pride,5,8,1,1024,64,0.125,128,896,0.044774870221639215,0.05056765151204519
qwen05,qwen,7ae557604adf67be50417f59c2c2f167def9a775,pride,5,9,1,1024,64,0.125,128,896,0.16839572961614077,0.16860441886397134
qwen05,qwen,7ae557604adf67be50417f59c2c2f167def9a775,pride,5,10,1,1024,64,0.125,128,896,0.5170338296920376,0.5198542814946159
qwen05,qwen,7ae557604adf67be50417f59c2c2f167def9a775,pride,5,11,1,1024,64,0.125,128,896,0.42961552807159603,0.43137784495880294
qwen05,qwen,7ae557604adf67be50417f59c2c2f167def9a775,pride,5,12,1,1024,64,0.125,128,896,0.31999710175095614,0.32066550541385
qwen05,qwen,7ae557604adf67be50417f59c2c2f167def9a775,pride,5,13,1,1024,64,0.125,128,896,0.0722162843503312,0.07559877783783799
qwen05,qwen,7ae557604adf67be50417f59c2c2f167def9a775,alice,6,0,0,1024,64,0.125,128,896,0.165887947130821,0.17390990859357294
qwen05,qwen,7ae557604adf67be50417f59c2c2f167def9a775,alice,6,1,0,1024,64,0.125,128,896,0.10854220304440855,0.10858407470428307
qwen05,qwen,7ae557604adf67be50417f59c2c2f167def9a775,alice,6,2,0,1024,64,0.125,128,896,0.14370478999101274,0.14645508875059088
qwen05,qwen,7ae557604adf67be50417f59c2c2f167def9a775,alice,6,3,0,1024,64,0.125,128,896,0.13828216501142573,0.14169111201419535
qwen05,qwen,7ae557604adf67be50417f59c2c2f167def9a775,alice,6,4,0,1024,64,0.125,128,896,0.12907592000823537,0.12912626228713206
qwen05,qwen,7ae557604adf67be50417f59c2c2f167def9a775,alice,6,5,0,1024,64,0.125,128,896,0.13005032700577632,0.13037850084245847
qwen05,qwen,7ae557604adf67be50417f59c2c2f167def9a775,alice,6,6,0,1024,64,0.125,128,896,0.17778418130713355,0.17787519857495487
qwen05,qwen,7ae557604adf67be50417f59c2c2f167def9a775,alice,6,7,1,1024,64,0.125,128,896,0.397514015557871,0.39870607872129005
qwen05,qwen,7ae557604adf67be50417f59c2c2f167def9a775,alice,6,8,1,1024,64,0.125,128,896,0.310800498487418,0.3126849061943101
qwen05,qwen,7ae557604adf67be50417f59c2c2f167def9a775,alice,6,9,1,1024,64,0.125,128,896,0.3312188307024636,0.33143640297156945
qwen05,qwen,7ae557604adf67be50417f59c2c2f167def9a775,alice,6,10,1,1024,64,0.125,128,896,0.38498903828763004,0.38527814372807373
qwen05,qwen,7ae557604adf67be50417f59c2c2f167def9a775,alice,6,11,1,1024,64,0.125,128,896,0.5039803534485576,0.5062093132117021
qwen05,qwen,7ae557604adf67be50417f59c2c2f167def9a775,alice,6,12,1,1024,64,0.125,128,896,0.40860284284081116,0.408850014426429
qwen05,qwen,7ae557604adf67be50417f59c2c2f167def9a775,alice,6,13,1,1024,64,0.125,128,896,0.15943072025047902,0.16577315270667325
qwen05,qwen,7ae557604adf67be50417f59c2c2f167def9a775,moby,6,0,0,1024,64,0.125,128,896,0.20609802499417818,0.20993437284478747
qwen05,qwen,7ae557604adf67be50417f59c2c2f167def9a775,moby,6,1,0,1024,64,0.125,128,896,0.12917094937942566,0.12920956185148358
qwen05,qwen,7ae557604adf67be50417f59c2c2f167def9a775,moby,6,2,0,1024,64,0.125,128,896,0.1617839685518919,0.16392299041052202
qwen05,qwen,7ae557604adf67be50417f59c2c2f167def9a775,moby,6,3,0,1024,64,0.125,128,896,0.15028953809586315,0.15294849876091732
qwen05,qwen,7ae557604adf67be50417f59c2c2f167def9a775,moby,6,4,0,1024,64,0.125,128,896,0.12962025956468046,0.12971735746195373
qwen05,qwen,7ae557604adf67be50417f59c2c2f167def9a775,moby,6,5,0,1024,64,0.125,128,896,0.1594862963580814,0.15960724392521447
qwen05,qwen,7ae557604adf67be50417f59c2c2f167def9a775,moby,6,6,0,1024,64,0.125,128,896,0.2011806640272655,0.20127343315498927
qwen05,qwen,7ae557604adf67be50417f59c2c2f167def9a775,moby,6,7,1,1024,64,0.125,128,896,0.46348734007664383,0.46406005311424725
qwen05,qwen,7ae557604adf67be50417f59c2c2f167def9a775,moby,6,8,1,1024,64,0.125,128,896,0.28917235462291907,0.290109815208786
qwen05,qwen,7ae557604adf67be50417f59c2c2f167def9a775,moby,6,9,1,1024,64,0.125,128,896,0.3716127974959041,0.3718006888560267
qwen05,qwen,7ae557604adf67be50417f59c2c2f167def9a775,moby,6,10,1,1024,64,0.125,128,896,0.35097632187406147,0.3513421646870371
qwen05,qwen,7ae557604adf67be50417f59c2c2f167def9a775,moby,6,11,1,1024,64,0.125,128,896,0.550040486657316,0.5508524195362586
qwen05,qwen,7ae557604adf67be50417f59c2c2f167def9a775,moby,6,12,1,1024,64,0.125,128,896,0.3987922204505495,0.39897544015751535
qwen05,qwen,7ae557604adf67be50417f59c2c2f167def9a775,moby,6,13,1,1024,64,0.125,128,896,0.196474279802238,0.19917001669202275
qwen05,qwen,7ae557604adf67be50417f59c2c2f167def9a775,pride,6,0,0,1024,64,0.125,128,896,0.19998560270791557,0.20350346093587432
qwen05,qwen,7ae557604adf67be50417f59c2c2f167def9a775,pride,6,1,0,1024,64,0.125,128,896,0.12006509849040126,0.12014633843069726
qwen05,qwen,7ae557604adf67be50417f59c2c2f167def9a775,pride,6,2,0,1024,64,0.125,128,896,0.16746344417517053,0.16985538787862978
qwen05,qwen,7ae557604adf67be50417f59c2c2f167def9a775,pride,6,3,0,1024,64,0.125,128,896,0.163663483254124,0.1663028741839748
qwen05,qwen,7ae557604adf67be50417f59c2c2f167def9a775,pride,6,4,0,1024,64,0.125,128,896,0.1441247418976015,0.14421020624413486
qwen05,qwen,7ae557604adf67be50417f59c2c2f167def9a775,pride,6,5,0,1024,64,0.125,128,896,0.15935286961870715,0.15957604793797547
qwen05,qwen,7ae557604adf67be50417f59c2c2f167def9a775,pride,6,6,0,1024,64,0.125,128,896,0.19109884254305196,0.19124361204014123
qwen05,qwen,7ae557604adf67be50417f59c2c2f167def9a775,pride,6,7,1,1024,64,0.125,128,896,0.46477396434152574,0.46503640692793213
qwen05,qwen,7ae557604adf67be50417f59c2c2f167def9a775,pride,6,8,1,1024,64,0.125,128,896,0.3199880697221931,0.3207151999330787
qwen05,qwen,7ae557604adf67be50417f59c2c2f167def9a775,pride,6,9,1,1024,64,0.125,128,896,0.31960718619262346,0.31973430952069476
qwen05,qwen,7ae557604adf67be50417f59c2c2f167def9a775,pride,6,10,1,1024,64,0.125,128,896,0.35357570044541403,0.35388394808109297
qwen05,qwen,7ae557604adf67be50417f59c2c2f167def9a775,pride,6,11,1,1024,64,0.125,128,896,0.49106122635424704,0.49226038767061425
qwen05,qwen,7ae557604adf67be50417f59c2c2f167def9a775,pride,6,12,1,1024,64,0.125,128,896,0.46589604829484116,0.46595709474919034
qwen05,qwen,7ae557604adf67be50417f59c2c2f167def9a775,pride,6,13,1,1024,64,0.125,128,896,0.1714667863199259,0.17314231007213624
qwen05,qwen,7ae557604adf67be50417f59c2c2f167def9a775,alice,7,0,0,1024,64,0.125,128,896,0.42132857236714566,0.4213521539151514
qwen05,qwen,7ae557604adf67be50417f59c2c2f167def9a775,alice,7,1,0,1024,64,0.125,128,896,0.4534265719939995,0.45355333847257784
qwen05,qwen,7ae557604adf67be50417f59c2c2f167def9a775,alice,7,2,0,1024,64,0.125,128,896,0.5511425075008188,0.5514704309253765
qwen05,qwen,7ae557604adf67be50417f59c2c2f167def9a775,alice,7,3,0,1024,64,0.125,128,896,0.43314033262006413,0.433190783340792
qwen05,qwen,7ae557604adf67be50417f59c2c2f167def9a775,alice,7,4,0,1024,64,0.125,128,896,0.36403099729542604,0.36414941981482174
qwen05,qwen,7ae557604adf67be50417f59c2c2f167def9a775,alice,7,5,0,1024,64,0.125,128,896,0.660899397019726,0.6610097768505481
qwen05,qwen,7ae557604adf67be50417f59c2c2f167def9a775,alice,7,6,0,1024,64,0.125,128,896,0.590298319814838,0.5903621503993787
qwen05,qwen,7ae557604adf67be50417f59c2c2f167def9a775,alice,7,7,1,1024,64,0.125,128,896,0.5200425688576952,0.5206047719945627
qwen05,qwen,7ae557604adf67be50417f59c2c2f167def9a775,alice,7,8,1,1024,64,0.125,128,896,0.5679351593161092,0.5709222682220161
qwen05,qwen,7ae557604adf67be50417f59c2c2f167def9a775,alice,7,9,1,1024,64,0.125,128,896,0.46211288605668527,0.46220556460874984
qwen05,qwen,7ae557604adf67be50417f59c2c2f167def9a775,alice,7,10,1,1024,64,0.125,128,896,0.5503472892356822,0.5504510631084087
qwen05,qwen,7ae557604adf67be50417f59c2c2f167def9a775,alice,7,11,1,1024,64,0.125,128,896,0.6888877859315484,0.6889052400502076
qwen05,qwen,7ae557604adf67be50417f59c2c2f167def9a775,alice,7,12,1,1024,64,0.125,128,896,0.261055348608157,0.2611952559757715
qwen05,qwen,7ae557604adf67be50417f59c2c2f167def9a775,alice,7,13,1,1024,64,0.125,128,896,0.42661671637430854,0.428954261627871
qwen05,qwen,7ae557604adf67be50417f59c2c2f167def9a775,moby,7,0,0,1024,64,0.125,128,896,0.2973665203503169,0.29739449488346276
qwen05,qwen,7ae557604adf67be50417f59c2c2f167def9a775,moby,7,1,0,1024,64,0.125,128,896,0.569699141618712,0.5699874277547412
qwen05,qwen,7ae557604adf67be50417f59c2c2f167def9a775,moby,7,2,0,1024,64,0.125,128,896,0.5515557942606878,0.5517764413190464
qwen05,qwen,7ae557604adf67be50417f59c2c2f167def9a775,moby,7,3,0,1024,64,0.125,128,896,0.4868580542416857,0.48688901428222414
qwen05,qwen,7ae557604adf67be50417f59c2c2f167def9a775,moby,7,4,0,1024,64,0.125,128,896,0.413317670443407,0.413372853917855
qwen05,qwen,7ae557604adf67be50417f59c2c2f167def9a775,moby,7,5,0,1024,64,0.125,128,896,0.6285134188405194,0.6286866549779707
qwen05,qwen,7ae557604adf67be50417f59c2c2f167def9a775,moby,7,6,0,1024,64,0.125,128,896,0.5827773059069241,0.5828597900872705
qwen05,qwen,7ae557604adf67be50417f59c2c2f167def9a775,moby,7,7,1,1024,64,0.125,128,896,0.521828600648308,0.5224340027564953
qwen05,qwen,7ae557604adf67be50417f59c2c2f167def9a775,moby,7,8,1,1024,64,0.125,128,896,0.6271795539896033,0.6278642499526812
qwen05,qwen,7ae557604adf67be50417f59c2c2f167def9a775,moby,7,9,1,1024,64,0.125,128,896,0.48875218972248774,0.48881496355917003
qwen05,qwen,7ae557604adf67be50417f59c2c2f167def9a775,moby,7,10,1,1024,64,0.125,128,896,0.5547043076065158,0.5548069437023366
qwen05,qwen,7ae557604adf67be50417f59c2c2f167def9a775,moby,7,11,1,1024,64,0.125,128,896,0.6820938281205847,0.6821495874072745
qwen05,qwen,7ae557604adf67be50417f59c2c2f167def9a775,moby,7,12,1,1024,64,0.125,128,896,0.2780012398358158,0.2782049249004365
qwen05,qwen,7ae557604adf67be50417f59c2c2f167def9a775,moby,7,13,1,1024,64,0.125,128,896,0.5069978594116378,0.5083009305038766
qwen05,qwen,7ae557604adf67be50417f59c2c2f167def9a775,pride,7,0,0,1024,64,0.125,128,896,0.447256483094226,0.4472728980097957
qwen05,qwen,7ae557604adf67be50417f59c2c2f167def9a775,pride,7,1,0,1024,64,0.125,128,896,0.5075856296377689,0.5077329226481782
qwen05,qwen,7ae557604adf67be50417f59c2c2f167def9a775,pride,7,2,0,1024,64,0.125,128,896,0.5865772601308118,0.5867809786058319
qwen05,qwen,7ae557604adf67be50417f59c2c2f167def9a775,pride,7,3,0,1024,64,0.125,128,896,0.43941585482484447,0.4394311288371922
qwen05,qwen,7ae557604adf67be50417f59c2c2f167def9a775,pride,7,4,0,1024,64,0.125,128,896,0.38076094890934237,0.3808555577563308
qwen05,qwen,7ae557604adf67be50417f59c2c2f167def9a775,pride,7,5,0,1024,64,0.125,128,896,0.6952342704455653,0.6953324110203701
qwen05,qwen,7ae557604adf67be50417f59c2c2f167def9a775,pride,7,6,0,1024,64,0.125,128,896,0.6116016993056446,0.6116924242401921
qwen05,qwen,7ae557604adf67be50417f59c2c2f167def9a775,pride,7,7,1,1024,64,0.125,128,896,0.5373945931178133,0.5374934164795308
qwen05,qwen,7ae557604adf67be50417f59c2c2f167def9a775,pride,7,8,1,1024,64,0.125,128,896,0.5528067042862046,0.5536388723031009
qwen05,qwen,7ae557604adf67be50417f59c2c2f167def9a775,pride,7,9,1,1024,64,0.125,128,896,0.5007883469388082,0.5008412493120006
qwen05,qwen,7ae557604adf67be50417f59c2c2f167def9a775,pride,7,10,1,1024,64,0.125,128,896,0.5798418821096191,0.5799565088388087
qwen05,qwen,7ae557604adf67be50417f59c2c2f167def9a775,pride,7,11,1,1024,64,0.125,128,896,0.730364213061186,0.7303745063333142
qwen05,qwen,7ae557604adf67be50417f59c2c2f167def9a775,pride,7,12,1,1024,64,0.125,128,896,0.316930700938062,0.3170319632832984
qwen05,qwen,7ae557604adf67be50417f59c2c2f167def9a775,pride,7,13,1,1024,64,0.125,128,896,0.4149124946861297,0.41590274160679386
qwen05,qwen,7ae557604adf67be50417f59c2c2f167def9a775,alice,8,0,0,1024,64,0.125,128,896,0.1893118640550633,0.19322087834138987
qwen05,qwen,7ae557604adf67be50417f59c2c2f167def9a775,alice,8,1,0,1024,64,0.125,128,896,0.051788378810915824,0.053830163638893654
qwen05,qwen,7ae557604adf67be50417f59c2c2f167def9a775,alice,8,2,0,1024,64,0.125,128,896,0.10335067314013616,0.10362371548631412
qwen05,qwen,7ae557604adf67be50417f59c2c2f167def9a775,alice,8,3,0,1024,64,0.125,128,896,7.510933295601647e-08,7.739736168056178e-08
qwen05,qwen,7ae557604adf67be50417f59c2c2f167def9a775,alice,8,4,0,1024,64,0.125,128,896,0.05830680168462906,0.05840200139480876
qwen05,qwen,7ae557604adf67be50417f59c2c2f167def9a775,alice,8,5,0,1024,64,0.125,128,896,0.13025504036375662,0.13043724708592622
qwen05,qwen,7ae557604adf67be50417f59c2c2f167def9a775,alice,8,6,0,1024,64,0.125,128,896,0.07570815306302922,0.07603568272566327
qwen05,qwen,7ae557604adf67be50417f59c2c2f167def9a775,alice,8,7,1,1024,64,0.125,128,896,0.022018797680550154,0.022026384609668576
qwen05,qwen,7ae557604adf67be50417f59c2c2f167def9a775,alice,8,8,1,1024,64,0.125,128,896,0.34898492872259157,0.34909187583705326
qwen05,qwen,7ae557604adf67be50417f59c2c2f167def9a775,alice,8,9,1,1024,64,0.125,128,896,0.379614929468655,0.3799389490726045
qwen05,qwen,7ae557604adf67be50417f59c2c2f167def9a775,alice,8,10,1,1024,64,0.125,128,896,0.3554435817716691,0.35587179262753815
qwen05,qwen,7ae557604adf67be50417f59c2c2f167def9a775,alice,8,11,1,1024,64,0.125,128,896,0.391883747824178,0.39200353567713303
qwen05,qwen,7ae557604adf67be50417f59c2c2f167def9a775,alice,8,12,1,1024,64,0.125,128,896,0.24410759719430714,0.24418441779173725
qwen05,qwen,7ae557604adf67be50417f59c2c2f167def9a775,alice,8,13,1,1024,64,0.125,128,896,0.2706008303291353,0.2707595511198763
qwen05,qwen,7ae557604adf67be50417f59c2c2f167def9a775,moby,8,0,0,1024,64,0.125,128,896,0.19761118804629033,0.20082146629538725
qwen05,qwen,7ae557604adf67be50417f59c2c2f167def9a775,moby,8,1,0,1024,64,0.125,128,896,0.048608373213930474,0.050249711269424235
qwen05,qwen,7ae557604adf67be50417f59c2c2f167def9a775,moby,8,2,0,1024,64,0.125,128,896,0.07359797291273353,0.07449524569849811
qwen05,qwen,7ae557604adf67be50417f59c2c2f167def9a775,moby,8,3,0,1024,64,0.125,128,896,3.649189134826796e-07,3.6545048189002106e-07
qwen05,qwen,7ae557604adf67be50417f59c2c2f167def9a775,moby,8,4,0,1024,64,0.125,128,896,0.06926924536138536,0.06958249415493903
qwen05,qwen,7ae557604adf67be50417f59c2c2f167def9a775,moby,8,5,0,1024,64,0.125,128,896,0.13714661001419384,0.13762468826215896
qwen05,qwen,7ae557604adf67be50417f59c2c2f167def9a775,moby,8,6,0,1024,64,0.125,128,896,0.06730811857432394,0.06840407351715438
qwen05,qwen,7ae557604adf67be50417f59c2c2f167def9a775,moby,8,7,1,1024,64,0.125,128,896,0.02339479802014143,0.02341492460047501
qwen05,qwen,7ae557604adf67be50417f59c2c2f167def9a775,moby,8,8,1,1024,64,0.125,128,896,0.3518810874367251,0.351966362654964
qwen05,qwen,7ae557604adf67be50417f59c2c2f167def9a775,moby,8,9,1,1024,64,0.125,128,896,0.3553782542500953,0.35560272126293446
qwen05,qwen,7ae557604adf67be50417f59c2c2f167def9a775,moby,8,10,1,1024,64,0.125,128,896,0.38032838327356727,0.380612704245642
qwen05,qwen,7ae557604adf67be50417f59c2c2f167def9a775,moby,8,11,1,1024,64,0.125,128,896,0.42208660139758913,0.42219933555035694
qwen05,qwen,7ae557604adf67be50417f59c2c2f167def9a775,moby,8,12,1,1024,64,0.125,128,896,0.24142937050417976,0.24152624921754273
qwen05,qwen,7ae557604adf67be50417f59c2c2f167def9a775,moby,8,13,1,1024,64,0.125,128,896,0.2876152675480617,0.2877477214295188
qwen05,qwen,7ae557604adf67be50417f59c2c2f167def9a775,pride,8,0,0,1024,64,0.125,128,896,0.1629602022557182,0.1649082071244576
qwen05,qwen,7ae557604adf67be50417f59c2c2f167def9a775,pride,8,1,0,1024,64,0.125,128,896,0.04093876055874849,0.04249563344234742
qwen05,qwen,7ae557604adf67be50417f59c2c2f167def9a775,pride,8,2,0,1024,64,0.125,128,896,0.10576853989139744,0.1063786314707672
qwen05,qwen,7ae557604adf67be50417f59c2c2f167def9a775,pride,8,3,0,1024,64,0.125,128,896,1.7993306824444466e-07,1.8001525716256732e-07
qwen05,qwen,7ae557604adf67be50417f59c2c2f167def9a775,pride,8,4,0,1024,64,0.125,128,896,0.040134773859015545,0.04030872800895605
qwen05,qwen,7ae557604adf67be50417f59c2c2f167def9a775,pride,8,5,0,1024,64,0.125,128,896,0.15201713361957753,0.15240643464588702
qwen05,qwen,7ae557604adf67be50417f59c2c2f167def9a775,pride,8,6,0,1024,64,0.125,128,896,0.10735755968547292,0.10798834862162476
qwen05,qwen,7ae557604adf67be50417f59c2c2f167def9a775,pride,8,7,1,1024,64,0.125,128,896,0.024145926839721325,0.02416183237506353
qwen05,qwen,7ae557604adf67be50417f59c2c2f167def9a775,pride,8,8,1,1024,64,0.125,128,896,0.3894557706082043,0.3895768867428249
qwen05,qwen,7ae557604adf67be50417f59c2c2f167def9a775,pride,8,9,1,1024,64,0.125,128,896,0.3856718142836217,0.38591804329474005
qwen05,qwen,7ae557604adf67be50417f59c2c2f167def9a775,pride,8,10,1,1024,64,0.125,128,896,0.34690464806624727,0.34724209290689767
qwen05,qwen,7ae557604adf67be50417f59c2c2f167def9a775,pride,8,11,1,1024,64,0.125,128,896,0.3759745901733932,0.3761529408403209
qwen05,qwen,7ae557604adf67be50417f59c2c2f167def9a775,pride,8,12,1,1024,64,0.125,128,896,0.2727828089389773,0.2729838833129133
qwen05,qwen,7ae557604adf67be50417f59c2c2f167def9a775,pride,8,13,1,1024,64,0.125,128,896,0.2894766672268145,0.28960788641984775
qwen05,qwen,7ae557604adf67be50417f59c2c2f167def9a775,alice,9,0,0,1024,64,0.125,128,896,0.24602113366301018,0.24630406543473032
qwen05,qwen,7ae557604adf67be50417f59c2c2f167def9a775,alice,9,1,0,1024,64,0.125,128,896,0.3054361117524392,0.3063749741507452
qwen05,qwen,7ae557604adf67be50417f59c2c2f167def9a775,alice,9,2,0,1024,64,0.125,128,896,0.5718991981299729,0.5721739523185182
qwen05,qwen,7ae557604adf67be50417f59c2c2f167def9a775,alice,9,3,0,1024,64,0.125,128,896,0.3435758328902717,0.3442560265629802
qwen05,qwen,7ae557604adf67be50417f59c2c2f167def9a775,alice,9,4,0,1024,64,0.125,128,896,0.37667089115418273,0.3779723434382856
qwen05,qwen,7ae557604adf67be50417f59c2c2f167def9a775,alice,9,5,0,1024,64,0.125,128,896,0.33199895317483674,0.3321330420973015
qwen05,qwen,7ae557604adf67be50417f59c2c2f167def9a775,alice,9,6,0,1024,64,0.125,128,896,0.32050172412474776,0.3218776172411371
qwen05,qwen,7ae557604adf67be50417f59c2c2f167def9a775,alice,9,7,1,1024,64,0.125,128,896,0.998965034004403,0.9989948260424762
qwen05,qwen,7ae557604adf67be50417f59c2c2f167def9a775,alice,9,8,1,1024,64,0.125,128,896,0.8644535387329703,0.8661729259396688
qwen05,qwen,7ae557604adf67be50417f59c2c2f167def9a775,alice,9,9,1,1024,64,0.125,128,896,0.9628412940007293,0.9651352894411186
qwen05,qwen,7ae557604adf67be50417f59c2c2f167def9a775,alice,9,10,1,1024,64,0.125,128,896,0.8494164837807009,0.8497140244860787
qwen05,qwen,7ae557604adf67be50417f59c2c2f167def9a775,alice,9,11,1,1024,64,0.125,128,896,0.6728534345081402,0.6735107338249356
qwen05,qwen,7ae557604adf67be50417f59c2c2f167def9a775,alice,9,12,1,1024,64,0.125,128,896,0.5518983847695573,0.5543435028969884
qwen05,qwen,7ae557604adf67be50417f59c2c2f167def9a775,alice,9,13,1,1024,64,0.125,128,896,0.3858201656036454,0.3902321640448351
qwen05,qwen,7ae557604adf67be50417f59c2c2f167def9a775,moby,9,0,0,1024,64,0.125,128,896,0.24883291105687075,0.2489256052653824
qwen05,qwen,7ae557604adf67be50417f59c2c2f167def9a775,moby,9,1,0,1024,64,0.125,128,896,0.3409004723462396,0.34102158584754244
qwen05,qwen,7ae557604adf67be50417f59c2c2f167def9a775,moby,9,2,0,1024,64,0.125,128,896,0.5933751212738179,0.5935752883090688
qwen05,qwen,7ae557604adf67be50417f59c2c2f167def9a775,moby,9,3,0,1024,64,0.125,128,896,0.3554018941247056,0.35570103543519477
qwen05,qwen,7ae557604adf67be50417f59c2c2f167def9a775,moby,9,4,0,1024,64,0.125,128,896,0.29711455245453006,0.29768687866977367
qwen05,qwen,7ae557604adf67be50417f59c2c2f167def9a775,moby,9,5,0,1024,64,0.125,128,896,0.314398788488408,0.3144496815171965
qwen05,qwen,7ae557604adf67be50417f59c2c2f167def9a775,moby,9,6,0,1024,64,0.125,128,896,0.3554987015737234,0.35619542588834846
qwen05,qwen,7ae557604adf67be50417f59c2c2f167def9a775,moby,9,7,1,1024,64,0.125,128,896,0.9994184323595433,0.999418928787812
qwen05,qwen,7ae557604adf67be50417f59c2c2f167def9a775,moby,9,8,1,1024,64,0.125,128,896,0.9140906465160649,0.9143035566971759
qwen05,qwen,7ae557604adf67be50417f59c2c2f167def9a775,moby,9,9,1,1024,64,0.125,128,896,0.984345973526281,0.9844211626850343
qwen05,qwen,7ae557604adf67be50417f59c2c2f167def9a775,moby,9,10,1,1024,64,0.125,128,896,0.8908944040053827,0.8910230231441659
qwen05,qwen,7ae557604adf67be50417f59c2c2f167def9a775,moby,9,11,1,1024,64,0.125,128,896,0.5923794999420654,0.5929989793948238
qwen05,qwen,7ae557604adf67be50417f59c2c2f167def9a775,moby,9,12,1,1024,64,0.125,128,896,0.5642764090509429,0.5658459915710475
qwen05,qwen,7ae557604adf67be50417f59c2c2f167def9a775,moby,9,13,1,1024,64,0.125,128,896,0.44068939322263523,0.44376629736627515
qwen05,qwen,7ae557604adf67be50417f59c2c2f167def9a775,pride,9,0,0,1024,64,0.125,128,896,0.2927463942344967,0.2929459665294128
qwen05,qwen,7ae557604adf67be50417f59c2c2f167def9a775,pride,9,1,0,1024,64,0.125,128,896,0.3303312279865688,0.3306620862446283
qwen05,qwen,7ae557604adf67be50417f59c2c2f167def9a775,pride,9,2,0,1024,64,0.125,128,896,0.5562913150124601,0.5564314084169621
qwen05,qwen,7ae557604adf67be50417f59c2c2f167def9a775,pride,9,3,0,1024,64,0.125,128,896,0.35498496144862707,0.3552202659163702
qwen05,qwen,7ae557604adf67be50417f59c2c2f167def9a775,pride,9,4,0,1024,64,0.125,128,896,0.37487740984094614,0.3753596450902245
qwen05,qwen,7ae557604adf67be50417f59c2c2f167def9a775,pride,9,5,0,1024,64,0.125,128,896,0.3852955976265589,0.38536936925645293
qwen05,qwen,7ae557604adf67be50417f59c2c2f167def9a775,pride,9,6,0,1024,64,0.125,128,896,0.31267820850365374,0.3130032817236624
qwen05,qwen,7ae557604adf67be50417f59c2c2f167def9a775,pride,9,7,1,1024,64,0.125,128,896,0.9993176685747044,0.9993228361050239
qwen05,qwen,7ae557604adf67be50417f59c2c2f167def9a775,pride,9,8,1,1024,64,0.125,128,896,0.847599848551137,0.8478512510343167
qwen05,qwen,7ae557604adf67be50417f59c2c2f167def9a775,pride,9,9,1,1024,64,0.125,128,896,0.9617496343104204,0.961951379023192
qwen05,qwen,7ae557604adf67be50417f59c2c2f167def9a775,pride,9,10,1,1024,64,0.125,128,896,0.8467365288428859,0.8468057032906289
qwen05,qwen,7ae557604adf67be50417f59c2c2f167def9a775,pride,9,11,1,1024,64,0.125,128,896,0.6912284887857439,0.6913335541696518
qwen05,qwen,7ae557604adf67be50417f59c2c2f167def9a775,pride,9,12,1,1024,64,0.125,128,896,0.5508013787133486,0.5512792123748118
qwen05,qwen,7ae557604adf67be50417f59c2c2f167def9a775,pride,9,13,1,1024,64,0.125,128,896,0.37265027171921916,0.3741306636204169
qwen05,qwen,7ae557604adf67be50417f59c2c2f167def9a775,alice,10,0,0,1024,64,0.125,128,896,0.2654810525583128,0.26705320066278554
qwen05,qwen,7ae557604adf67be50417f59c2c2f167def9a775,alice,10,1,0,1024,64,0.125,128,896,0.46585495540931493,0.4692163661634307
qwen05,qwen,7ae557604adf67be50417f59c2c2f167def9a775,alice,10,2,0,1024,64,0.125,128,896,0.3268060327778134,0.3271299074046344
qwen05,qwen,7ae557604adf67be50417f59c2c2f167def9a775,alice,10,3,0,1024,64,0.125,128,896,0.2025643174878183,0.20284344338794466
qwen05,qwen,7ae557604adf67be50417f59c2c2f167def9a775,alice,10,4,0,1024,64,0.125,128,896,0.563137845607238,0.5636940600012349
qwen05,qwen,7ae557604adf67be50417f59c2c2f167def9a775,alice,10,5,0,1024,64,0.125,128,896,0.11666536360450455,0.11759861357235495
qwen05,qwen,7ae557604adf67be50417f59c2c2f167def9a775,alice,10,6,0,1024,64,0.125,128,896,0.08911851926534943,0.08928211972628641
qwen05,qwen,7ae557604adf67be50417f59c2c2f167def9a775,alice,10,7,1,1024,64,0.125,128,896,0.26781858360931576,0.2693145754115957
qwen05,qwen,7ae557604adf67be50417f59c2c2f167def9a775,alice,10,8,1,1024,64,0.125,128,896,0.22639835329439856,0.2290217604497751
qwen05,qwen,7ae557604adf67be50417f59c2c2f167def9a775,alice,10,9,1,1024,64,0.125,128,896,0.07643921611340296,0.0781755528460124
qwen05,qwen,7ae557604adf67be50417f59c2c2f167def9a775,alice,10,10,1,1024,64,0.125,128,896,0.1650760698869696,0.16763600345288832
qwen05,qwen,7ae557604adf67be50417f59c2c2f167def9a775,alice,10,11,1,1024,64,0.125,128,896,0.18939841463815954,0.1897021730910659
qwen05,qwen,7ae557604adf67be50417f59c2c2f167def9a775,alice,10,12,1,1024,64,0.125,128,896,0.27146846215007264,0.27218798504675734
qwen05,qwen,7ae557604adf67be50417f59c2c2f167def9a775,alice,10,13,1,1024,64,0.125,128,896,0.22688170597468704,0.22885562603832735
qwen05,qwen,7ae557604adf67be50417f59c2c2f167def9a775,moby,10,0,0,1024,64,0.125,128,896,0.23570318550182723,0.2361420030439343
qwen05,qwen,7ae557604adf67be50417f59c2c2f167def9a775,moby,10,1,0,1024,64,0.125,128,896,0.4342521596989976,0.4359855880495438
qwen05,qwen,7ae557604adf67be50417f59c2c2f167def9a775,moby,10,2,0,1024,64,0.125,128,896,0.29673068092288757,0.2968230987702795
qwen05,qwen,7ae557604adf67be50417f59c2c2f167def9a775,moby,10,3,0,1024,64,0.125,128,896,0.1944759665893787,0.19455766870826924
qwen05,qwen,7ae557604adf67be50417f59c2c2f167def9a775,moby,10,4,0,1024,64,0.125,128,896,0.5593190529521567,0.559612150173101
qwen05,qwen,7ae557604adf67be50417f59c2c2f167def9a775,moby,10,5,0,1024,64,0.125,128,896,0.11129777159584796,0.11174448643024118
qwen05,qwen,7ae557604adf67be50417f59c2c2f167def9a775,moby,10,6,0,1024,64,0.125,128,896,0.08455930250268914,0.0845999465171994
qwen05,qwen,7ae557604adf67be50417f59c2c2f167def9a775,moby,10,7,1,1024,64,0.125,128,896,0.2855817259068495,0.28668238445972205
qwen05,qwen,7ae557604adf67be50417f59c2c2f167def9a775,moby,10,8,1,1024,64,0.125,128,896,0.2388886397108359,0.24278691967127347
qwen05,qwen,7ae557604adf67be50417f59c2c2f167def9a775,moby,10,9,1,1024,64,0.125,128,896,0.07335738360540502,0.07434017057543287
qwen05,qwen,7ae557604adf67be50417f59c2c2f167def9a775,moby,10,10,1,1024,64,0.125,128,896,0.17997174377378783,0.18226809540905373
qwen05,qwen,7ae557604adf67be50417f59c2c2f167def9a775,moby,10,11,1,1024,64,0.125,128,896,0.18184851165765895,0.18210374011629687
qwen05,qwen,7ae557604adf67be50417f59c2c2f167def9a775,moby,10,12,1,1024,64,0.125,128,896,0.3159677421843798,0.31664611485264416
qwen05,qwen,7ae557604adf67be50417f59c2c2f167def9a775,moby,10,13,1,1024,64,0.125,128,896,0.2695870262296406,0.27036620037403075
qwen05,qwen,7ae557604adf67be50417f59c2c2f167def9a775,pride,10,0,0,1024,64,0.125,128,896,0.24773500089346293,0.24837340052881274
qwen05,qwen,7ae557604adf67be50417f59c2c2f167def9a775,pride,10,1,0,1024,64,0.125,128,896,0.42602637392715215,0.4279311587905664
qwen05,qwen,7ae557604adf67be50417f59c2c2f167def9a775,pride,10,2,0,1024,64,0.125,128,896,0.34146777826681257,0.341594685437983
qwen05,qwen,7ae557604adf67be50417f59c2c2f167def9a775,pride,10,3,0,1024,64,0.125,128,896,0.21883309333407638,0.21890011745063317
qwen05,qwen,7ae557604adf67be50417f59c2c2f167def9a775,pride,10,4,0,1024,64,0.125,128,896,0.5741341549621091,0.5744671974196498
qwen05,qwen,7ae557604adf67be50417f59c2c2f167def9a775,pride,10,5,0,1024,64,0.125,128,896,0.11018282639137678,0.11062043705186157
qwen05,qwen,7ae557604adf67be50417f59c2c2f167def9a775,pride,10,6,0,1024,64,0.125,128,896,0.0859172038248898,0.08599049472695097
qwen05,qwen,7ae557604adf67be50417f59c2c2f167def9a775,pride,10,7,1,1024,64,0.125,128,896,0.23455881157231892,0.23514559926205864
qwen05,qwen,7ae557604adf67be50417f59c2c2f167def9a775,pride,10,8,1,1024,64,0.125,128,896,0.14632394337994725,0.1469763508336124
qwen05,qwen,7ae557604adf67be50417f59c2c2f167def9a775,pride,10,9,1,1024,64,0.125,128,896,0.05995027184284098,0.060321880021235876
qwen05,qwen,7ae557604adf67be50417f59c2c2f167def9a775,pride,10,10,1,1024,64,0.125,128,896,0.14948192776607794,0.14980115393223567
qwen05,qwen,7ae557604adf67be50417f59c2c2f167def9a775,pride,10,11,1,1024,64,0.125,128,896,0.20472570935186404,0.20496053727345556
qwen05,qwen,7ae557604adf67be50417f59c2c2f167def9a775,pride,10,12,1,1024,64,0.125,128,896,0.24261906727030616,0.24282856135530104
qwen05,qwen,7ae557604adf67be50417f59c2c2f167def9a775,pride,10,13,1,1024,64,0.125,128,896,0.18232767183896031,0.1826347248017321
qwen05,qwen,7ae557604adf67be50417f59c2c2f167def9a775,alice,11,0,0,1024,64,0.125,128,896,0.22199431100242303,0.22205590613210993
qwen05,qwen,7ae557604adf67be50417f59c2c2f167def9a775,alice,11,1,0,1024,64,0.125,128,896,0.5460228103481164,0.5515636082237624
qwen05,qwen,7ae557604adf67be50417f59c2c2f167def9a775,alice,11,2,0,1024,64,0.125,128,896,0.24757090917160315,0.24832412512303198
qwen05,qwen,7ae557604adf67be50417f59c2c2f167def9a775,alice,11,3,0,1024,64,0.125,128,896,0.27986675376653997,0.2825066227988368
qwen05,qwen,7ae557604adf67be50417f59c2c2f167def9a775,alice,11,4,0,1024,64,0.125,128,896,0.2746111554610306,0.2756955913976827
qwen05,qwen,7ae557604adf67be50417f59c2c2f167def9a775,alice,11,5,0,1024,64,0.125,128,896,0.22989510380683525,0.23017458607700303
qwen05,qwen,7ae557604adf67be50417f59c2c2f167def9a775,alice,11,6,0,1024,64,0.125,128,896,0.16470444364998355,0.167067377331703
qwen05,qwen,7ae557604adf67be50417f59c2c2f167def9a775,alice,11,7,1,1024,64,0.125,128,896,0.9997690656838999,0.9997761123930701
qwen05,qwen,7ae557604adf67be50417f59c2c2f167def9a775,alice,11,8,1,1024,64,0.125,128,896,0.6947815779695913,0.6956037310028255
qwen05,qwen,7ae557604adf67be50417f59c2c2f167def9a775,alice,11,9,1,1024,64,0.125,128,896,0.9149931136384606,0.9161041681536238
qwen05,qwen,7ae557604adf67be50417f59c2c2f167def9a775,alice,11,10,1,1024,64,0.125,128,896,0.8416706784084501,0.8418247933992274
qwen05,qwen,7ae557604adf67be50417f59c2c2f167def9a775,alice,11,11,1,1024,64,0.125,128,896,0.9988749472175752,0.9989183740177662
qwen05,qwen,7ae557604adf67be50417f59c2c2f167def9a775,alice,11,12,1,1024,64,0.125,128,896,0.7313564842098834,0.7319006252183383
qwen05,qwen,7ae557604adf67be50417f59c2c2f167def9a775,alice,11,13,1,1024,64,0.125,128,896,0.9999538906240589,0.9999542473115426
qwen05,qwen,7ae557604adf67be50417f59c2c2f167def9a775,moby,11,0,0,1024,64,0.125,128,896,0.21526186654705584,0.2153489842448891
qwen05,qwen,7ae557604adf67be50417f59c2c2f167def9a775,moby,11,1,0,1024,64,0.125,128,896,0.5400683560735932,0.5431953352348958
qwen05,qwen,7ae557604adf67be50417f59c2c2f167def9a775,moby,11,2,0,1024,64,0.125,128,896,0.26538343192088143,0.26593035842789975
qwen05,qwen,7ae557604adf67be50417f59c2c2f167def9a775,moby,11,3,0,1024,64,0.125,128,896,0.2583850152230382,0.2602942929955326
qwen05,qwen,7ae557604adf67be50417f59c2c2f167def9a775,moby,11,4,0,1024,64,0.125,128,896,0.22522957466045831,0.22606467868079066
qwen05,qwen,7ae557604adf67be50417f59c2c2f167def9a775,moby,11,5,0,1024,64,0.125,128,896,0.2135778046133774,0.21388711775315059
qwen05,qwen,7ae557604adf67be50417f59c2c2f167def9a775,moby,11,6,0,1024,64,0.125,128,896,0.15399062655065315,0.15495076321344922
qwen05,qwen,7ae557604adf67be50417f59c2c2f167def9a775,moby,11,7,1,1024,64,0.125,128,896,0.9998799510604446,0.9998826073662116
qwen05,qwen,7ae557604adf67be50417f59c2c2f167def9a775,moby,11,8,1,1024,64,0.125,128,896,0.7298985051845207,0.7313499461626704
qwen05,qwen,7ae557604adf67be50417f59c2c2f167def9a775,moby,11,9,1,1024,64,0.125,128,896,0.9390555084915402,0.9396122090696498
qwen05,qwen,7ae557604adf67be50417f59c2c2f167def9a775,moby,11,10,1,1024,64,0.125,128,896,0.8541553579569101,0.8543585267889118
qwen05,qwen,7ae557604adf67be50417f59c2c2f167def9a775,moby,11,11,1,1024,64,0.125,128,896,0.999203850301899,0.9992147582355468
qwen05,qwen,7ae557604adf67be50417f59c2c2f167def9a775,moby,11,12,1,1024,64,0.125,128,896,0.7764615209011312,0.7770368964461051
qwen05,qwen,7ae557604adf67be50417f59c2c2f167def9a775,moby,11,13,1,1024,64,0.125,128,896,0.9999358467913942,0.9999375686539326
qwen05,qwen,7ae557604adf67be50417f59c2c2f167def9a775,pride,11,0,0,1024,64,0.125,128,896,0.19080291512688222,0.1908385790616107
qwen05,qwen,7ae557604adf67be50417f59c2c2f167def9a775,pride,11,1,0,1024,64,0.125,128,896,0.4117719167808387,0.413799923422562
qwen05,qwen,7ae557604adf67be50417f59c2c2f167def9a775,pride,11,2,0,1024,64,0.125,128,896,0.1784720164465637,0.17873713669432756
qwen05,qwen,7ae557604adf67be50417f59c2c2f167def9a775,pride,11,3,0,1024,64,0.125,128,896,0.1947137597138961,0.19563002485585862
qwen05,qwen,7ae557604adf67be50417f59c2c2f167def9a775,pride,11,4,0,1024,64,0.125,128,896,0.22906716192197915,0.22965335648742863
qwen05,qwen,7ae557604adf67be50417f59c2c2f167def9a775,pride,11,5,0,1024,64,0.125,128,896,0.1876866533290201,0.18782408239723983
qwen05,qwen,7ae557604adf67be50417f59c2c2f167def9a775,pride,11,6,0,1024,64,0.125,128,896,0.12530994101487133,0.1257025500254614
qwen05,qwen,7ae557604adf67be50417f59c2c2f167def9a775,pride,11,7,1,1024,64,0.125,128,896,0.9998838605505934,0.9998854358153173
qwen05,qwen,7ae557604adf67be50417f59c2c2f167def9a775,pride,11,8,1,1024,64,0.125,128,896,0.6074331242543227,0.6080382304099309
qwen05,qwen,7ae557604adf67be50417f59c2c2f167def9a775,pride,11,9,1,1024,64,0.125,128,896,0.8723903402336032,0.8730097499822617
qwen05,qwen,7ae557604adf67be50417f59c2c2f167def9a775,pride,11,10,1,1024,64,0.125,128,896,0.8175534460979942,0.8176121013813814
qwen05,qwen,7ae557604adf67be50417f59c2c2f167def9a775,pride,11,11,1,1024,64,0.125,128,896,0.9985519467759839,0.9985923533481051
qwen05,qwen,7ae557604adf67be50417f59c2c2f167def9a775,pride,11,12,1,1024,64,0.125,128,896,0.6809044944130928,0.6811661917006352
qwen05,qwen,7ae557604adf67be50417f59c2c2f167def9a775,pride,11,13,1,1024,64,0.125,128,896,0.9999473419652727,0.9999477346010509
qwen05,qwen,7ae557604adf67be50417f59c2c2f167def9a775,alice,12,0,0,1024,64,0.125,128,896,0.07113268393946492,0.07119113349026275
qwen05,qwen,7ae557604adf67be50417f59c2c2f167def9a775,alice,12,1,0,1024,64,0.125,128,896,0.028773986950631818,0.03527941456595877
qwen05,qwen,7ae557604adf67be50417f59c2c2f167def9a775,alice,12,2,0,1024,64,0.125,128,896,0.3045861015100483,0.3047913334197275
qwen05,qwen,7ae557604adf67be50417f59c2c2f167def9a775,alice,12,3,0,1024,64,0.125,128,896,0.28649714970317347,0.2880980214258245
qwen05,qwen,7ae557604adf67be50417f59c2c2f167def9a775,alice,12,4,0,1024,64,0.125,128,896,0.4183311395897399,0.4192793302412429
qwen05,qwen,7ae557604adf67be50417f59c2c2f167def9a775,alice,12,5,0,1024,64,0.125,128,896,0.11051169377450891,0.1149853161751532
qwen05,qwen,7ae557604adf67be50417f59c2c2f167def9a775,alice,12,6,0,1024,64,0.125,128,896,0.13882433271675734,0.13892884087512417
qwen05,qwen,7ae557604adf67be50417f59c2c2f167def9a775,alice,12,7,1,1024,64,0.125,128,896,0.18535461125186098,0.18593400612191743
qwen05,qwen,7ae557604adf67be50417f59c2c2f167def9a775,alice,12,8,1,1024,64,0.125,128,896,0.21413215004500338,0.2142216225744776
qwen05,qwen,7ae557604adf67be50417f59c2c2f167def9a775,alice,12,9,1,1024,64,0.125,128,896,0.13826118786485989,0.13886409810183012
qwen05,qwen,7ae557604adf67be50417f59c2c2f167def9a775,alice,12,10,1,1024,64,0.125,128,896,0.2760257597563348,0.27678698244750305
qwen05,qwen,7ae557604adf67be50417f59c2c2f167def9a775,alice,12,11,1,1024,64,0.125,128,896,0.2958190378968517,0.29705379744442767
qwen05,qwen,7ae557604adf67be50417f59c2c2f167def9a775,alice,12,12,1,1024,64,0.125,128,896,0.11641564881149977,0.1164805165940295
qwen05,qwen,7ae557604adf67be50417f59c2c2f167def9a775,alice,12,13,1,1024,64,0.125,128,896,0.2312949230402373,0.232511564335708
qwen05,qwen,7ae557604adf67be50417f59c2c2f167def9a775,moby,12,0,0,1024,64,0.125,128,896,0.06735003387304303,0.06739490383106742
qwen05,qwen,7ae557604adf67be50417f59c2c2f167def9a775,moby,12,1,0,1024,64,0.125,128,896,0.020633291519294206,0.02241888856532877
qwen05,qwen,7ae557604adf67be50417f59c2c2f167def9a775,moby,12,2,0,1024,64,0.125,128,896,0.3306889937163168,0.33090308038524446
qwen05,qwen,7ae557604adf67be50417f59c2c2f167def9a775,moby,12,3,0,1024,64,0.125,128,896,0.19431798506977785,0.19517331984723563
qwen05,qwen,7ae557604adf67be50417f59c2c2f167def9a775,moby,12,4,0,1024,64,0.125,128,896,0.41857595829451777,0.4191839613395329
qwen05,qwen,7ae557604adf67be50417f59c2c2f167def9a775,moby,12,5,0,1024,64,0.125,128,896,0.10695677230708002,0.10852952551521948
qwen05,qwen,7ae557604adf67be50417f59c2c2f167def9a775,moby,12,6,0,1024,64,0.125,128,896,0.11864075005222174,0.11871854350332038
qwen05,qwen,7ae557604adf67be50417f59c2c2f167def9a775,moby,12,7,1,1024,64,0.125,128,896,0.18678276397594556,0.18740108356340346
qwen05,qwen,7ae557604adf67be50417f59c2c2f167def9a775,moby,12,8,1,1024,64,0.125,128,896,0.19016150589077233,0.19022194384944688
qwen05,qwen,7ae557604adf67be50417f59c2c2f167def9a775,moby,12,9,1,1024,64,0.125,128,896,0.12701644476606463,0.12740329837537015
qwen05,qwen,7ae557604adf67be50417f59c2c2f167def9a775,moby,12,10,1,1024,64,0.125,128,896,0.279993384117408,0.2805699438366988
qwen05,qwen,7ae557604adf67be50417f59c2c2f167def9a775,moby,12,11,1,1024,64,0.125,128,896,0.2589745141242493,0.2594900624458831
qwen05,qwen,7ae557604adf67be50417f59c2c2f167def9a775,moby,12,12,1,1024,64,0.125,128,896,0.12171686894574078,0.12179429286780726
qwen05,qwen,7ae557604adf67be50417f59c2c2f167def9a775,moby,12,13,1,1024,64,0.125,128,896,0.21935484751202286,0.2199765128486429
qwen05,qwen,7ae557604adf67be50417f59c2c2f167def9a775,pride,12,0,0,1024,64,0.125,128,896,0.07525396926529146,0.07528271187777588
qwen05,qwen,7ae557604adf67be50417f59c2c2f167def9a775,pride,12,1,0,1024,64,0.125,128,896,0.035313937200853726,0.03892816293671603
qwen05,qwen,7ae557604adf67be50417f59c2c2f167def9a775,pride,12,2,0,1024,64,0.125,128,896,0.29970789336031933,0.29992298504218473
qwen05,qwen,7ae557604adf67be50417f59c2c2f167def9a775,pride,12,3,0,1024,64,0.125,128,896,0.2772505453609807,0.2783876659767078
qwen05,qwen,7ae557604adf67be50417f59c2c2f167def9a775,pride,12,4,0,1024,64,0.125,128,896,0.39298107056512005,0.3934401306458791
qwen05,qwen,7ae557604adf67be50417f59c2c2f167def9a775,pride,12,5,0,1024,64,0.125,128,896,0.08656604942915078,0.08751610509728193
qwen05,qwen,7ae557604adf67be50417f59c2c2f167def9a775,pride,12,6,0,1024,64,0.125,128,896,0.1262273906321674,0.12630121433935945
qwen05,qwen,7ae557604adf67be50417f59c2c2f167def9a775,pride,12,7,1,1024,64,0.125,128,896,0.19549775965196906,0.1956931332162327
qwen05,qwen,7ae557604adf67be50417f59c2c2f167def9a775,pride,12,8,1,1024,64,0.125,128,896,0.21258087913621398,0.21264286370235844
qwen05,qwen,7ae557604adf67be50417f59c2c2f167def9a775,pride,12,9,1,1024,64,0.125,128,896,0.12065154299740939,0.12078829812033984
qwen05,qwen,7ae557604adf67be50417f59c2c2f167def9a775,pride,12,10,1,1024,64,0.125,128,896,0.25912242623980775,0.25938742875852244
qwen05,qwen,7ae557604adf67be50417f59c2c2f167def9a775,pride,12,11,1,1024,64,0.125,128,896,0.3128593709908537,0.31314495457061714
qwen05,qwen,7ae557604adf67be50417f59c2c2f167def9a775,pride,12,12,1,1024,64,0.125,128,896,0.10799249747479502,0.10802120838577142
qwen05,qwen,7ae557604adf67be50417f59c2c2f167def9a775,pride,12,13,1,1024,64,0.125,128,896,0.21204313106498598,0.2123699260285811
qwen05,qwen,7ae557604adf67be50417f59c2c2f167def9a775,alice,13,0,0,1024,64,0.125,128,896,0.21127670349549504,0.21185710542354755
qwen05,qwen,7ae557604adf67be50417f59c2c2f167def9a775,alice,13,1,0,1024,64,0.125,128,896,0.1867149540934739,0.18676990143960032
qwen05,qwen,7ae557604adf67be50417f59c2c2f167def9a775,alice,13,2,0,1024,64,0.125,128,896,0.7308482213182907,0.7318708320445555
qwen05,qwen,7ae557604adf67be50417f59c2c2f167def9a775,alice,13,3,0,1024,64,0.125,128,896,0.10493426054805166,0.10501729536280938
qwen05,qwen,7ae557604adf67be50417f59c2c2f167def9a775,alice,13,4,0,1024,64,0.125,128,896,0.06825671556765514,0.06829122801098766
qwen05,qwen,7ae557604adf67be50417f59c2c2f167def9a775,alice,13,5,0,1024,64,0.125,128,896,0.16187721282515352,0.16475367820552314
qwen05,qwen,7ae557604adf67be50417f59c2c2f167def9a775,alice,13,6,0,1024,64,0.125,128,896,0.5454566099632514,0.5468396391917261
qwen05,qwen,7ae557604adf67be50417f59c2c2f167def9a775,alice,13,7,1,1024,64,0.125,128,896,0.42890873488142817,0.4308507178444943
qwen05,qwen,7ae557604adf67be50417f59c2c2f167def9a775,alice,13,8,1,1024,64,0.125,128,896,0.7537754532591439,0.7540953213090964
qwen05,qwen,7ae557604adf67be50417f59c2c2f167def9a775,alice,13,9,1,1024,64,0.125,128,896,0.5200120807593981,0.5206074611931771
qwen05,qwen,7ae557604adf67be50417f59c2c2f167def9a775,alice,13,10,1,1024,64,0.125,128,896,0.36324275284371244,0.36347391825047176
qwen05,qwen,7ae557604adf67be50417f59c2c2f167def9a775,alice,13,11,1,1024,64,0.125,128,896,0.365169124021167,0.36623947235608806
qwen05,qwen,7ae557604adf67be50417f59c2c2f167def9a775,alice,13,12,1,1024,64,0.125,128,896,0.4747053995704307,0.4750724869413858
qwen05,qwen,7ae557604adf67be50417f59c2c2f167def9a775,alice,13,13,1,1024,64,0.125,128,896,0.5601246745445416,0.5609749854295133
qwen05,qwen,7ae557604adf67be50417f59c2c2f167def9a775,moby,13,0,0,1024,64,0.125,128,896,0.23819478430471913,0.238875239234677
qwen05,qwen,7ae557604adf67be50417f59c2c2f167def9a775,moby,13,1,0,1024,64,0.125,128,896,0.18209535731390614,0.18212417140186937
qwen05,qwen,7ae557604adf67be50417f59c2c2f167def9a775,moby,13,2,0,1024,64,0.125,128,896,0.7832647396252967,0.7840760411818686
qwen05,qwen,7ae557604adf67be50417f59c2c2f167def9a775,moby,13,3,0,1024,64,0.125,128,896,0.09898368110242896,0.09903461416349034
qwen05,qwen,7ae557604adf67be50417f59c2c2f167def9a775,moby,13,4,0,1024,64,0.125,128,896,0.06490215707555666,0.06491605949323379
qwen05,qwen,7ae557604adf67be50417f59c2c2f167def9a775,moby,13,5,0,1024,64,0.125,128,896,0.14026236132081965,0.14058879566833749
qwen05,qwen,7ae557604adf67be50417f59c2c2f167def9a775,moby,13,6,0,1024,64,0.125,128,896,0.5760314992687611,0.5772216785493869
qwen05,qwen,7ae557604adf67be50417f59c2c2f167def9a775,moby,13,7,1,1024,64,0.125,128,896,0.4645130158604041,0.46607892160929343
qwen05,qwen,7ae557604adf67be50417f59c2c2f167def9a775,moby,13,8,1,1024,64,0.125,128,896,0.7244207194391571,0.7256697343186184
qwen05,qwen,7ae557604adf67be50417f59c2c2f167def9a775,moby,13,9,1,1024,64,0.125,128,896,0.4996055734768757,0.500979544271127
qwen05,qwen,7ae557604adf67be50417f59c2c2f167def9a775,moby,13,10,1,1024,64,0.125,128,896,0.3541729296140507,0.3544025243339862
qwen05,qwen,7ae557604adf67be50417f59c2c2f167def9a775,moby,13,11,1,1024,64,0.125,128,896,0.3415841424150746,0.34261867103945215
qwen05,qwen,7ae557604adf67be50417f59c2c2f167def9a775,moby,13,12,1,1024,64,0.125,128,896,0.47276932555154183,0.47325153043844415
qwen05,qwen,7ae557604adf67be50417f59c2c2f167def9a775,moby,13,13,1,1024,64,0.125,128,896,0.6344281366363298,0.6351538837960563
qwen05,qwen,7ae557604adf67be50417f59c2c2f167def9a775,pride,13,0,0,1024,64,0.125,128,896,0.18535742410644668,0.18550059644360095
qwen05,qwen,7ae557604adf67be50417f59c2c2f167def9a775,pride,13,1,0,1024,64,0.125,128,896,0.21685080295023734,0.21692111693634328
qwen05,qwen,7ae557604adf67be50417f59c2c2f167def9a775,pride,13,2,0,1024,64,0.125,128,896,0.6744398563152866,0.6749367345358145
qwen05,qwen,7ae557604adf67be50417f59c2c2f167def9a775,pride,13,3,0,1024,64,0.125,128,896,0.10464048174868586,0.10470127325219737
qwen05,qwen,7ae557604adf67be50417f59c2c2f167def9a775,pride,13,4,0,1024,64,0.125,128,896,0.07338539287663311,0.07340192499150433
qwen05,qwen,7ae557604adf67be50417f59c2c2f167def9a775,pride,13,5,0,1024,64,0.125,128,896,0.13632213348943173,0.1368520463493314
qwen05,qwen,7ae557604adf67be50417f59c2c2f167def9a775,pride,13,6,0,1024,64,0.125,128,896,0.5171079517170671,0.5175459040789641
qwen05,qwen,7ae557604adf67be50417f59c2c2f167def9a775,pride,13,7,1,1024,64,0.125,128,896,0.3549854879283282,0.35559547480269066
qwen05,qwen,7ae557604adf67be50417f59c2c2f167def9a775,pride,13,8,1,1024,64,0.125,128,896,0.7496348383065439,0.7500846296111966
qwen05,qwen,7ae557604adf67be50417f59c2c2f167def9a775,pride,13,9,1,1024,64,0.125,128,896,0.5061801870918725,0.5066878931870631
qwen05,qwen,7ae557604adf67be50417f59c2c2f167def9a775,pride,13,10,1,1024,64,0.125,128,896,0.4061318436468584,0.40622553071418627
qwen05,qwen,7ae557604adf67be50417f59c2c2f167def9a775,pride,13,11,1,1024,64,0.125,128,896,0.4183206356624479,0.41865925714354335
qwen05,qwen,7ae557604adf67be50417f59c2c2f167def9a775,pride,13,12,1,1024,64,0.125,128,896,0.4990781450380643,0.49930371570922516
qwen05,qwen,7ae557604adf67be50417f59c2c2f167def9a775,pride,13,13,1,1024,64,0.125,128,896,0.4704404012621853,0.47074190529908905
qwen05,qwen,7ae557604adf67be50417f59c2c2f167def9a775,alice,14,0,0,1024,64,0.125,128,896,0.4190280606278325,0.4194429546676364
qwen05,qwen,7ae557604adf67be50417f59c2c2f167def9a775,alice,14,1,0,1024,64,0.125,128,896,0.09639507904478546,0.09651204985626469
qwen05,qwen,7ae557604adf67be50417f59c2c2f167def9a775,alice,14,2,0,1024,64,0.125,128,896,0.2845415808355337,0.28472368803485454
qwen05,qwen,7ae557604adf67be50417f59c2c2f167def9a775,alice,14,3,0,1024,64,0.125,128,896,0.3419783922479615,0.3438564435172809
qwen05,qwen,7ae557604adf67be50417f59c2c2f167def9a775,alice,14,4,0,1024,64,0.125,128,896,0.18616105867840868,0.18829594519244702
qwen05,qwen,7ae557604adf67be50417f59c2c2f167def9a775,alice,14,5,0,1024,64,0.125,128,896,0.24593336004602215,0.2471732571661843
qwen05,qwen,7ae557604adf67be50417f59c2c2f167def9a775,alice,14,6,0,1024,64,0.125,128,896,0.516247168669622,0.5165104564513928
qwen05,qwen,7ae557604adf67be50417f59c2c2f167def9a775,alice,14,7,1,1024,64,0.125,128,896,0.1495933113193892,0.14968946850157303
qwen05,qwen,7ae557604adf67be50417f59c2c2f167def9a775,alice,14,8,1,1024,64,0.125,128,896,0.21877717562038237,0.22019698418188585
qwen05,qwen,7ae557604adf67be50417f59c2c2f167def9a775,alice,14,9,1,1024,64,0.125,128,896,0.26796800218621636,0.2697594815736718
qwen05,qwen,7ae557604adf67be50417f59c2c2f167def9a775,alice,14,10,1,1024,64,0.125,128,896,0.09444513085681593,0.0945940946651456
qwen05,qwen,7ae557604adf67be50417f59c2c2f167def9a775,alice,14,11,1,1024,64,0.125,128,896,0.31178934776599126,0.31249081373883564
qwen05,qwen,7ae557604adf67be50417f59c2c2f167def9a775,alice,14,12,1,1024,64,0.125,128,896,0.1940582901675463,0.2009899927246697
qwen05,qwen,7ae557604adf67be50417f59c2c2f167def9a775,alice,14,13,1,1024,64,0.125,128,896,0.175370949070022,0.17632611449651495
qwen05,qwen,7ae557604adf67be50417f59c2c2f167def9a775,moby,14,0,0,1024,64,0.125,128,896,0.4686750134614438,0.4688496945324294
qwen05,qwen,7ae557604adf67be50417f59c2c2f167def9a775,moby,14,1,0,1024,64,0.125,128,896,0.09443093898316537,0.09451310258513503
qwen05,qwen,7ae557604adf67be50417f59c2c2f167def9a775,moby,14,2,0,1024,64,0.125,128,896,0.25508143282181034,0.25514053059988206
qwen05,qwen,7ae557604adf67be50417f59c2c2f167def9a775,moby,14,3,0,1024,64,0.125,128,896,0.4087489502004499,0.4094846999272428
qwen05,qwen,7ae557604adf67be50417f59c2c2f167def9a775,moby,14,4,0,1024,64,0.125,128,896,0.18525656771697513,0.1856240661656657
qwen05,qwen,7ae557604adf67be50417f59c2c2f167def9a775,moby,14,5,0,1024,64,0.125,128,896,0.22589505068183197,0.2269367046034049
qwen05,qwen,7ae557604adf67be50417f59c2c2f167def9a775,moby,14,6,0,1024,64,0.125,128,896,0.5343925737754849,0.5345000229043425
qwen05,qwen,7ae557604adf67be50417f59c2c2f167def9a775,moby,14,7,1,1024,64,0.125,128,896,0.15475506040257597,0.15486601928287932
qwen05,qwen,7ae557604adf67be50417f59c2c2f167def9a775,moby,14,8,1,1024,64,0.125,128,896,0.2286800310624386,0.23002383830270423
qwen05,qwen,7ae557604adf67be50417f59c2c2f167def9a775,moby,14,9,1,1024,64,0.125,128,896,0.22556162996667237,0.22799528485855308
qwen05,qwen,7ae557604adf67be50417f59c2c2f167def9a775,moby,14,10,1,1024,64,0.125,128,896,0.11615091663856592,0.11630448416779758
qwen05,qwen,7ae557604adf67be50417f59c2c2f167def9a775,moby,14,11,1,1024,64,0.125,128,896,0.2714887865936902,0.27271463614439145
qwen05,qwen,7ae557604adf67be50417f59c2c2f167def9a775,moby,14,12,1,1024,64,0.125,128,896,0.2063784087153466,0.20768412807974213
qwen05,qwen,7ae557604adf67be50417f59c2c2f167def9a775,moby,14,13,1,1024,64,0.125,128,896,0.1895736947298536,0.19022131582649057
qwen05,qwen,7ae557604adf67be50417f59c2c2f167def9a775,pride,14,0,0,1024,64,0.125,128,896,0.4271072713167362,0.42718730951186
qwen05,qwen,7ae557604adf67be50417f59c2c2f167def9a775,pride,14,1,0,1024,64,0.125,128,896,0.08948462584728611,0.08956729453476371
qwen05,qwen,7ae557604adf67be50417f59c2c2f167def9a775,pride,14,2,0,1024,64,0.125,128,896,0.3145731174334233,0.314631010759357
qwen05,qwen,7ae557604adf67be50417f59c2c2f167def9a775,pride,14,3,0,1024,64,0.125,128,896,0.2925052356675209,0.29284522660646617
qwen05,qwen,7ae557604adf67be50417f59c2c2f167def9a775,pride,14,4,0,1024,64,0.125,128,896,0.14376450839872332,0.14412663743739376
qwen05,qwen,7ae557604adf67be50417f59c2c2f167def9a775,pride,14,5,0,1024,64,0.125,128,896,0.24246151034168956,0.24288123936670086
qwen05,qwen,7ae557604adf67be50417f59c2c2f167def9a775,pride,14,6,0,1024,64,0.125,128,896,0.5614655103936562,0.5615651488491193
qwen05,qwen,7ae557604adf67be50417f59c2c2f167def9a775,pride,14,7,1,1024,64,0.125,128,896,0.1881387159875227,0.18817159754906596
qwen05,qwen,7ae557604adf67be50417f59c2c2f167def9a775,pride,14,8,1,1024,64,0.125,128,896,0.18934386824102803,0.1901230768480119
qwen05,qwen,7ae557604adf67be50417f59c2c2f167def9a775,pride,14,9,1,1024,64,0.125,128,896,0.16290732408829264,0.16354985543811792
qwen05,qwen,7ae557604adf67be50417f59c2c2f167def9a775,pride,14,10,1,1024,64,0.125,128,896,0.08512490870845944,0.08521009276144623
qwen05,qwen,7ae557604adf67be50417f59c2c2f167def9a775,pride,14,11,1,1024,64,0.125,128,896,0.23930269949302851,0.2396308296754636
qwen05,qwen,7ae557604adf67be50417f59c2c2f167def9a775,pride,14,12,1,1024,64,0.125,128,896,0.13489408199135391,0.13558022931310382
qwen05,qwen,7ae557604adf67be50417f59c2c2f167def9a775,pride,14,13,1,1024,64,0.125,128,896,0.15387383285369954,0.15405123283770927
qwen05,qwen,7ae557604adf67be50417f59c2c2f167def9a775,alice,15,0,0,1024,64,0.125,128,896,0.12940643191735415,0.13195572925183077
qwen05,qwen,7ae557604adf67be50417f59c2c2f167def9a775,alice,15,1,0,1024,64,0.125,128,896,0.2304010279339653,0.2308452828044422
qwen05,qwen,7ae557604adf67be50417f59c2c2f167def9a775,alice,15,2,0,1024,64,0.125,128,896,0.16770853308262268,0.16774690408784468
qwen05,qwen,7ae557604adf67be50417f59c2c2f167def9a775,alice,15,3,0,1024,64,0.125,128,896,0.16144832615623952,0.16149469306450898
qwen05,qwen,7ae557604adf67be50417f59c2c2f167def9a775,alice,15,4,0,1024,64,0.125,128,896,0.3241809273207435,0.3242937986406781
qwen05,qwen,7ae557604adf67be50417f59c2c2f167def9a775,alice,15,5,0,1024,64,0.125,128,896,0.4396540055634602,0.43974610512355483
qwen05,qwen,7ae557604adf67be50417f59c2c2f167def9a775,alice,15,6,0,1024,64,0.125,128,896,0.3376465125082601,0.3385056189766118
qwen05,qwen,7ae557604adf67be50417f59c2c2f167def9a775,alice,15,7,1,1024,64,0.125,128,896,0.17522508312162288,0.1767126879226719
qwen05,qwen,7ae557604adf67be50417f59c2c2f167def9a775,alice,15,8,1,1024,64,0.125,128,896,0.23886190737527627,0.2398423655970851
qwen05,qwen,7ae557604adf67be50417f59c2c2f167def9a775,alice,15,9,1,1024,64,0.125,128,896,0.2201861288252516,0.2204889596558687
qwen05,qwen,7ae557604adf67be50417f59c2c2f167def9a775,alice,15,10,1,1024,64,0.125,128,896,0.34231484906706483,0.3429339890934888
qwen05,qwen,7ae557604adf67be50417f59c2c2f167def9a775,alice,15,11,1,1024,64,0.125,128,896,0.16526306031781496,0.16771127738050293
qwen05,qwen,7ae557604adf67be50417f59c2c2f167def9a775,alice,15,12,1,1024,64,0.125,128,896,0.5233011709666019,0.5258826531552271
qwen05,qwen,7ae557604adf67be50417f59c2c2f167def9a775,alice,15,13,1,1024,64,0.125,128,896,0.2109494323510944,0.2138930167616064
qwen05,qwen,7ae557604adf67be50417f59c2c2f167def9a775,moby,15,0,0,1024,64,0.125,128,896,0.11405199035072014,0.11481265631427066
qwen05,qwen,7ae557604adf67be50417f59c2c2f167def9a775,moby,15,1,0,1024,64,0.125,128,896,0.19929821080721405,0.19990392399780368
qwen05,qwen,7ae557604adf67be50417f59c2c2f167def9a775,moby,15,2,0,1024,64,0.125,128,896,0.16928407495452302,0.1693263975469144
qwen05,qwen,7ae557604adf67be50417f59c2c2f167def9a775,moby,15,3,0,1024,64,0.125,128,896,0.15122643507867117,0.15128210183164678
qwen05,qwen,7ae557604adf67be50417f59c2c2f167def9a775,moby,15,4,0,1024,64,0.125,128,896,0.306272675955524,0.3064178253569036
qwen05,qwen,7ae557604adf67be50417f59c2c2f167def9a775,moby,15,5,0,1024,64,0.125,128,896,0.4478336244382889,0.44790225095283837
qwen05,qwen,7ae557604adf67be50417f59c2c2f167def9a775,moby,15,6,0,1024,64,0.125,128,896,0.3427633855328632,0.3442003701710187
qwen05,qwen,7ae557604adf67be50417f59c2c2f167def9a775,moby,15,7,1,1024,64,0.125,128,896,0.2027291884337734,0.203974437161399
qwen05,qwen,7ae557604adf67be50417f59c2c2f167def9a775,moby,15,8,1,1024,64,0.125,128,896,0.30069182916317133,0.3014109332361376
qwen05,qwen,7ae557604adf67be50417f59c2c2f167def9a775,moby,15,9,1,1024,64,0.125,128,896,0.20144955151546193,0.2020485235973159
qwen05,qwen,7ae557604adf67be50417f59c2c2f167def9a775,moby,15,10,1,1024,64,0.125,128,896,0.36404066568327126,0.3647696458766279
qwen05,qwen,7ae557604adf67be50417f59c2c2f167def9a775,moby,15,11,1,1024,64,0.125,128,896,0.16797789912381983,0.1691074798587538
qwen05,qwen,7ae557604adf67be50417f59c2c2f167def9a775,moby,15,12,1,1024,64,0.125,128,896,0.5496965390090868,0.5518912784244877
qwen05,qwen,7ae557604adf67be50417f59c2c2f167def9a775,moby,15,13,1,1024,64,0.125,128,896,0.23580220891740453,0.23732957846860056
qwen05,qwen,7ae557604adf67be50417f59c2c2f167def9a775,pride,15,0,0,1024,64,0.125,128,896,0.11652669240610287,0.11743171125991436
qwen05,qwen,7ae557604adf67be50417f59c2c2f167def9a775,pride,15,1,0,1024,64,0.125,128,896,0.2017651820340076,0.20269381827992625
qwen05,qwen,7ae557604adf67be50417f59c2c2f167def9a775,pride,15,2,0,1024,64,0.125,128,896,0.14104470923316298,0.14107862967216597
qwen05,qwen,7ae557604adf67be50417f59c2c2f167def9a775,pride,15,3,0,1024,64,0.125,128,896,0.17050888552973167,0.17067435514987234
qwen05,qwen,7ae557604adf67be50417f59c2c2f167def9a775,pride,15,4,0,1024,64,0.125,128,896,0.28404171034601594,0.2841399980478655
qwen05,qwen,7ae557604adf67be50417f59c2c2f167def9a775,pride,15,5,0,1024,64,0.125,128,896,0.4362281939573114,0.4363408705094186
qwen05,qwen,7ae557604adf67be50417f59c2c2f167def9a775,pride,15,6,0,1024,64,0.125,128,896,0.3050535559616249,0.3064380661855535
qwen05,qwen,7ae557604adf67be50417f59c2c2f167def9a775,pride,15,7,1,1024,64,0.125,128,896,0.1191914372035505,0.1196551817936925
qwen05,qwen,7ae557604adf67be50417f59c2c2f167def9a775,pride,15,8,1,1024,64,0.125,128,896,0.2139517930193152,0.21426029508208116
qwen05,qwen,7ae557604adf67be50417f59c2c2f167def9a775,pride,15,9,1,1024,64,0.125,128,896,0.16507975201355146,0.1652777989633725
qwen05,qwen,7ae557604adf67be50417f59c2c2f167def9a775,pride,15,10,1,1024,64,0.125,128,896,0.33183153583179503,0.33222009842543476
qwen05,qwen,7ae557604adf67be50417f59c2c2f167def9a775,pride,15,11,1,1024,64,0.125,128,896,0.12511137034668027,0.12537851166718783
qwen05,qwen,7ae557604adf67be50417f59c2c2f167def9a775,pride,15,12,1,1024,64,0.125,128,896,0.45690310790079697,0.45826887411360956
qwen05,qwen,7ae557604adf67be50417f59c2c2f167def9a775,pride,15,13,1,1024,64,0.125,128,896,0.16186770202734752,0.16239844735993894
qwen05,qwen,7ae557604adf67be50417f59c2c2f167def9a775,alice,16,0,0,1024,64,0.125,128,896,0.7058076421389627,0.7061506287952886
qwen05,qwen,7ae557604adf67be50417f59c2c2f167def9a775,alice,16,1,0,1024,64,0.125,128,896,0.9585806717796739,0.959204806248789
qwen05,qwen,7ae557604adf67be50417f59c2c2f167def9a775,alice,16,2,0,1024,64,0.125,128,896,0.6264286135258735,0.6266945643554659
qwen05,qwen,7ae557604adf67be50417f59c2c2f167def9a775,alice,16,3,0,1024,64,0.125,128,896,0.8412603728041331,0.8426039984025421
qwen05,qwen,7ae557604adf67be50417f59c2c2f167def9a775,alice,16,4,0,1024,64,0.125,128,896,0.5679401999850057,0.5696926378962088
qwen05,qwen,7ae557604adf67be50417f59c2c2f167def9a775,alice,16,5,0,1024,64,0.125,128,896,0.7267786781081605,0.726849972124304
qwen05,qwen,7ae557604adf67be50417f59c2c2f167def9a775,alice,16,6,0,1024,64,0.125,128,896,0.774711843410614,0.77509192619695
qwen05,qwen,7ae557604adf67be50417f59c2c2f167def9a775,alice,16,7,1,1024,64,0.125,128,896,0.6160622239795605,0.617211475566995
qwen05,qwen,7ae557604adf67be50417f59c2c2f167def9a775,alice,16,8,1,1024,64,0.125,128,896,0.8760004644710936,0.8768528535296806
qwen05,qwen,7ae557604adf67be50417f59c2c2f167def9a775,alice,16,9,1,1024,64,0.125,128,896,0.9261167272412808,0.9268732970553294
qwen05,qwen,7ae557604adf67be50417f59c2c2f167def9a775,alice,16,10,1,1024,64,0.125,128,896,0.4661465494973145,0.46629655947419973
qwen05,qwen,7ae557604adf67be50417f59c2c2f167def9a775,alice,16,11,1,1024,64,0.125,128,896,0.5574946564409442,0.557687570555314
qwen05,qwen,7ae557604adf67be50417f59c2c2f167def9a775,alice,16,12,1,1024,64,0.125,128,896,0.5479291013307641,0.5486665966456689
qwen05,qwen,7ae557604adf67be50417f59c2c2f167def9a775,alice,16,13,1,1024,64,0.125,128,896,0.6011200626056284,0.6018836508769303
qwen05,qwen,7ae557604adf67be50417f59c2c2f167def9a775,moby,16,0,0,1024,64,0.125,128,896,0.8415550892641629,0.8421739420739002
qwen05,qwen,7ae557604adf67be50417f59c2c2f167def9a775,moby,16,1,0,1024,64,0.125,128,896,0.9505366968057792,0.9507844240443175
qwen05,qwen,7ae557604adf67be50417f59c2c2f167def9a775,moby,16,2,0,1024,64,0.125,128,896,0.6501211913800748,0.6503169627648274
qwen05,qwen,7ae557604adf67be50417f59c2c2f167def9a775,moby,16,3,0,1024,64,0.125,128,896,0.867708547089209,0.8683938953246467
qwen05,qwen,7ae557604adf67be50417f59c2c2f167def9a775,moby,16,4,0,1024,64,0.125,128,896,0.5122658323316502,0.5131868486059636
qwen05,qwen,7ae557604adf67be50417f59c2c2f167def9a775,moby,16,5,0,1024,64,0.125,128,896,0.6075937256109879,0.6077148206592655
qwen05,qwen,7ae557604adf67be50417f59c2c2f167def9a775,moby,16,6,0,1024,64,0.125,128,896,0.7962900163422895,0.796792297438971
qwen05,qwen,7ae557604adf67be50417f59c2c2f167def9a775,moby,16,7,1,1024,64,0.125,128,896,0.7193136238582916,0.7204372516245564
qwen05,qwen,7ae557604adf67be50417f59c2c2f167def9a775,moby,16,8,1,1024,64,0.125,128,896,0.8705791868339069,0.8706883697703068
qwen05,qwen,7ae557604adf67be50417f59c2c2f167def9a775,moby,16,9,1,1024,64,0.125,128,896,0.9348913296724547,0.9352592172471189
qwen05,qwen,7ae557604adf67be50417f59c2c2f167def9a775,moby,16,10,1,1024,64,0.125,128,896,0.4625812352733796,0.4627063220740873
qwen05,qwen,7ae557604adf67be50417f59c2c2f167def9a775,moby,16,11,1,1024,64,0.125,128,896,0.528262915173762,0.5285990849555444
qwen05,qwen,7ae557604adf67be50417f59c2c2f167def9a775,moby,16,12,1,1024,64,0.125,128,896,0.5631689241750933,0.564007294437899
qwen05,qwen,7ae557604adf67be50417f59c2c2f167def9a775,moby,16,13,1,1024,64,0.125,128,896,0.6623517765610618,0.6631793919852214
qwen05,qwen,7ae557604adf67be50417f59c2c2f167def9a775,pride,16,0,0,1024,64,0.125,128,896,0.6885245714134115,0.6885872486528805
qwen05,qwen,7ae557604adf67be50417f59c2c2f167def9a775,pride,16,1,0,1024,64,0.125,128,896,0.9497676375293777,0.9499621886159672
qwen05,qwen,7ae557604adf67be50417f59c2c2f167def9a775,pride,16,2,0,1024,64,0.125,128,896,0.556707402577727,0.5568422576252614
qwen05,qwen,7ae557604adf67be50417f59c2c2f167def9a775,pride,16,3,0,1024,64,0.125,128,896,0.7488226051185165,0.7494808995631789
qwen05,qwen,7ae557604adf67be50417f59c2c2f167def9a775,pride,16,4,0,1024,64,0.125,128,896,0.49400260940304064,0.49502838926774373
qwen05,qwen,7ae557604adf67be50417f59c2c2f167def9a775,pride,16,5,0,1024,64,0.125,128,896,0.7523978296330933,0.7524544300096802
qwen05,qwen,7ae557604adf67be50417f59c2c2f167def9a775,pride,16,6,0,1024,64,0.125,128,896,0.7715543942355414,0.7716903434446641
qwen05,qwen,7ae557604adf67be50417f59c2c2f167def9a775,pride,16,7,1,1024,64,0.125,128,896,0.5267145705941709,0.5271814322420905
qwen05,qwen,7ae557604adf67be50417f59c2c2f167def9a775,pride,16,8,1,1024,64,0.125,128,896,0.9091608803050116,0.9092119742975472
qwen05,qwen,7ae557604adf67be50417f59c2c2f167def9a775,pride,16,9,1,1024,64,0.125,128,896,0.9061047298659313,0.9064878852802414
qwen05,qwen,7ae557604adf67be50417f59c2c2f167def9a775,pride,16,10,1,1024,64,0.125,128,896,0.5497052514029105,0.5497500334446596
qwen05,qwen,7ae557604adf67be50417f59c2c2f167def9a775,pride,16,11,1,1024,64,0.125,128,896,0.5795597325718315,0.5796201922571186
qwen05,qwen,7ae557604adf67be50417f59c2c2f167def9a775,pride,16,12,1,1024,64,0.125,128,896,0.4925340175885318,0.4932770889610831
qwen05,qwen,7ae557604adf67be50417f59c2c2f167def9a775,pride,16,13,1,1024,64,0.125,128,896,0.5897272153593821,0.5902241890252877
qwen05,qwen,7ae557604adf67be50417f59c2c2f167def9a775,alice,17,0,0,1024,64,0.125,128,896,0.05551862970419578,0.058492029446105105
qwen05,qwen,7ae557604adf67be50417f59c2c2f167def9a775,alice,17,1,0,1024,64,0.125,128,896,0.6047977223774689,0.6071901109490969
qwen05,qwen,7ae557604adf67be50417f59c2c2f167def9a775,alice,17,2,0,1024,64,0.125,128,896,0.1753164756223204,0.17756715291493985
qwen05,qwen,7ae557604adf67be50417f59c2c2f167def9a775,alice,17,3,0,1024,64,0.125,128,896,0.1191102296014328,0.12130425717629355
qwen05,qwen,7ae557604adf67be50417f59c2c2f167def9a775,alice,17,4,0,1024,64,0.125,128,896,0.3250556779922923,0.3276652150814597
qwen05,qwen,7ae557604adf67be50417f59c2c2f167def9a775,alice,17,5,0,1024,64,0.125,128,896,0.3336741437155316,0.3382808809208684
qwen05,qwen,7ae557604adf67be50417f59c2c2f167def9a775,alice,17,6,0,1024,64,0.125,128,896,0.5468383572762754,0.5477172598032167
qwen05,qwen,7ae557604adf67be50417f59c2c2f167def9a775,alice,17,7,1,1024,64,0.125,128,896,0.6676674290053086,0.6685083449948434
qwen05,qwen,7ae557604adf67be50417f59c2c2f167def9a775,alice,17,8,1,1024,64,0.125,128,896,0.6575548668225253,0.6578160497960194
qwen05,qwen,7ae557604adf67be50417f59c2c2f167def9a775,alice,17,9,1,1024,64,0.125,128,896,0.5532226856210561,0.5532508486626176
qwen05,qwen,7ae557604adf67be50417f59c2c2f167def9a775,alice,17,10,1,1024,64,0.125,128,896,0.4636294318808439,0.46367148114501106
qwen05,qwen,7ae557604adf67be50417f59c2c2f167def9a775,alice,17,11,1,1024,64,0.125,128,896,0.5095063320551518,0.5096290411429589
qwen05,qwen,7ae557604adf67be50417f59c2c2f167def9a775,alice,17,12,1,1024,64,0.125,128,896,0.6209780582729378,0.6212154600547468
qwen05,qwen,7ae557604adf67be50417f59c2c2f167def9a775,alice,17,13,1,1024,64,0.125,128,896,0.6707735303560104,0.6708138349299411
qwen05,qwen,7ae557604adf67be50417f59c2c2f167def9a775,moby,17,0,0,1024,64,0.125,128,896,0.0702899607473727,0.07091984275012327
qwen05,qwen,7ae557604adf67be50417f59c2c2f167def9a775,moby,17,1,0,1024,64,0.125,128,896,0.4946892260644556,0.4967585985556884
qwen05,qwen,7ae557604adf67be50417f59c2c2f167def9a775,moby,17,2,0,1024,64,0.125,128,896,0.22073550629560312,0.22137262323683532
qwen05,qwen,7ae557604adf67be50417f59c2c2f167def9a775,moby,17,3,0,1024,64,0.125,128,896,0.15961299823970648,0.15984383900926064
qwen05,qwen,7ae557604adf67be50417f59c2c2f167def9a775,moby,17,4,0,1024,64,0.125,128,896,0.3427717659987926,0.34403415370828505
qwen05,qwen,7ae557604adf67be50417f59c2c2f167def9a775,moby,17,5,0,1024,64,0.125,128,896,0.3586408311700032,0.35889067524847934
qwen05,qwen,7ae557604adf67be50417f59c2c2f167def9a775,moby,17,6,0,1024,64,0.125,128,896,0.5854821833741407,0.5857226150318747
qwen05,qwen,7ae557604adf67be50417f59c2c2f167def9a775,moby,17,7,1,1024,64,0.125,128,896,0.6377246193150281,0.638348239311554
qwen05,qwen,7ae557604adf67be50417f59c2c2f167def9a775,moby,17,8,1,1024,64,0.125,128,896,0.6465664198084954,0.647222793351756
qwen05,qwen,7ae557604adf67be50417f59c2c2f167def9a775,moby,17,9,1,1024,64,0.125,128,896,0.6360643399310008,0.6361092830038213
qwen05,qwen,7ae557604adf67be50417f59c2c2f167def9a775,moby,17,10,1,1024,64,0.125,128,896,0.46575275298260566,0.4658034272788923
qwen05,qwen,7ae557604adf67be50417f59c2c2f167def9a775,moby,17,11,1,1024,64,0.125,128,896,0.529607757576712,0.5297641754951572
qwen05,qwen,7ae557604adf67be50417f59c2c2f167def9a775,moby,17,12,1,1024,64,0.125,128,896,0.618006636308525,0.6190925575202255
qwen05,qwen,7ae557604adf67be50417f59c2c2f167def9a775,moby,17,13,1,1024,64,0.125,128,896,0.5819830690006521,0.5820175131118799
qwen05,qwen,7ae557604adf67be50417f59c2c2f167def9a775,pride,17,0,0,1024,64,0.125,128,896,0.05951325100558944,0.06107234899582303
qwen05,qwen,7ae557604adf67be50417f59c2c2f167def9a775,pride,17,1,0,1024,64,0.125,128,896,0.3961482909804253,0.3981776515564759
qwen05,qwen,7ae557604adf67be50417f59c2c2f167def9a775,pride,17,2,0,1024,64,0.125,128,896,0.167706642135895,0.16877243762093644
qwen05,qwen,7ae557604adf67be50417f59c2c2f167def9a775,pride,17,3,0,1024,64,0.125,128,896,0.14424882579443557,0.14512622790332969
qwen05,qwen,7ae557604adf67be50417f59c2c2f167def9a775,pride,17,4,0,1024,64,0.125,128,896,0.2682924513024075,0.27310699783396014
qwen05,qwen,7ae557604adf67be50417f59c2c2f167def9a775,pride,17,5,0,1024,64,0.125,128,896,0.3423206102708837,0.34531993636071473
qwen05,qwen,7ae557604adf67be50417f59c2c2f167def9a775,pride,17,6,0,1024,64,0.125,128,896,0.4858788092093704,0.48686193286186086
qwen05,qwen,7ae557604adf67be50417f59c2c2f167def9a775,pride,17,7,1,1024,64,0.125,128,896,0.7134874516504607,0.7145858086982159
qwen05,qwen,7ae557604adf67be50417f59c2c2f167def9a775,pride,17,8,1,1024,64,0.125,128,896,0.5741566621082923,0.5745012941762884
qwen05,qwen,7ae557604adf67be50417f59c2c2f167def9a775,pride,17,9,1,1024,64,0.125,128,896,0.630775608417047,0.6308465368758777
qwen05,qwen,7ae557604adf67be50417f59c2c2f167def9a775,pride,17,10,1,1024,64,0.125,128,896,0.5255489245469985,0.5256403983511684
qwen05,qwen,7ae557604adf67be50417f59c2c2f167def9a775,pride,17,11,1,1024,64,0.125,128,896,0.5974041265539957,0.5976912291904376
qwen05,qwen,7ae557604adf67be50417f59c2c2f167def9a775,pride,17,12,1,1024,64,0.125,128,896,0.5832459460977649,0.583780640592035
qwen05,qwen,7ae557604adf67be50417f59c2c2f167def9a775,pride,17,13,1,1024,64,0.125,128,896,0.6906272337377318,0.6906790472221175
qwen05,qwen,7ae557604adf67be50417f59c2c2f167def9a775,alice,18,0,0,1024,64,0.125,128,896,0.6409922446982235,0.6416025899540937
qwen05,qwen,7ae557604adf67be50417f59c2c2f167def9a775,alice,18,1,0,1024,64,0.125,128,896,0.6519784015935868,0.652633264239283
qwen05,qwen,7ae557604adf67be50417f59c2c2f167def9a775,alice,18,2,0,1024,64,0.125,128,896,0.37127055954756616,0.37137872809837313
qwen05,qwen,7ae557604adf67be50417f59c2c2f167def9a775,alice,18,3,0,1024,64,0.125,128,896,0.6479329290177354,0.6480610864455929
qwen05,qwen,7ae557604adf67be50417f59c2c2f167def9a775,alice,18,4,0,1024,64,0.125,128,896,0.42519994796658606,0.4265250179703903
qwen05,qwen,7ae557604adf67be50417f59c2c2f167def9a775,alice,18,5,0,1024,64,0.125,128,896,0.5704517984204228,0.5713526173071168
qwen05,qwen,7ae557604adf67be50417f59c2c2f167def9a775,alice,18,6,0,1024,64,0.125,128,896,0.44116855512245273,0.44166725244864846
qwen05,qwen,7ae557604adf67be50417f59c2c2f167def9a775,alice,18,7,1,1024,64,0.125,128,896,0.5913783109575766,0.5914299466037009
qwen05,qwen,7ae557604adf67be50417f59c2c2f167def9a775,alice,18,8,1,1024,64,0.125,128,896,0.4342221757939506,0.43430362457919885
qwen05,qwen,7ae557604adf67be50417f59c2c2f167def9a775,alice,18,9,1,1024,64,0.125,128,896,0.21220995883466132,0.21247882335108262
qwen05,qwen,7ae557604adf67be50417f59c2c2f167def9a775,alice,18,10,1,1024,64,0.125,128,896,0.39324407409211554,0.3935143170518637
qwen05,qwen,7ae557604adf67be50417f59c2c2f167def9a775,alice,18,11,1,1024,64,0.125,128,896,0.4701024135546648,0.47020498492668084
qwen05,qwen,7ae557604adf67be50417f59c2c2f167def9a775,alice,18,12,1,1024,64,0.125,128,896,0.3369074912088723,0.3370374988066481
qwen05,qwen,7ae557604adf67be50417f59c2c2f167def9a775,alice,18,13,1,1024,64,0.125,128,896,0.44367424797584126,0.44393748384783255
qwen05,qwen,7ae557604adf67be50417f59c2c2f167def9a775,moby,18,0,0,1024,64,0.125,128,896,0.5396791987505106,0.539958144411403
qwen05,qwen,7ae557604adf67be50417f59c2c2f167def9a775,moby,18,1,0,1024,64,0.125,128,896,0.5528953779467091,0.5547667163678768
qwen05,qwen,7ae557604adf67be50417f59c2c2f167def9a775,moby,18,2,0,1024,64,0.125,128,896,0.3631884002383111,0.3632510939475342
qwen05,qwen,7ae557604adf67be50417f59c2c2f167def9a775,moby,18,3,0,1024,64,0.125,128,896,0.6349784749965744,0.6350622641939841
qwen05,qwen,7ae557604adf67be50417f59c2c2f167def9a775,moby,18,4,0,1024,64,0.125,128,896,0.42661987717580574,0.428043681094262
qwen05,qwen,7ae557604adf67be50417f59c2c2f167def9a775,moby,18,5,0,1024,64,0.125,128,896,0.5992036286623585,0.599713771060405
qwen05,qwen,7ae557604adf67be50417f59c2c2f167def9a775,moby,18,6,0,1024,64,0.125,128,896,0.458386554104763,0.4589953671853901
qwen05,qwen,7ae557604adf67be50417f59c2c2f167def9a775,moby,18,7,1,1024,64,0.125,128,896,0.5255312538236085,0.5256441785255733
qwen05,qwen,7ae557604adf67be50417f59c2c2f167def9a775,moby,18,8,1,1024,64,0.125,128,896,0.44312169047468636,0.44326157485070106
qwen05,qwen,7ae557604adf67be50417f59c2c2f167def9a775,moby,18,9,1,1024,64,0.125,128,896,0.2479412841762372,0.24833908458607776
qwen05,qwen,7ae557604adf67be50417f59c2c2f167def9a775,moby,18,10,1,1024,64,0.125,128,896,0.34924386611103964,0.3495275244529411
qwen05,qwen,7ae557604adf67be50417f59c2c2f167def9a775,moby,18,11,1,1024,64,0.125,128,896,0.29605145096304314,0.2963911693457827
qwen05,qwen,7ae557604adf67be50417f59c2c2f167def9a775,moby,18,12,1,1024,64,0.125,128,896,0.3306018359724829,0.3307860282519903
qwen05,qwen,7ae557604adf67be50417f59c2c2f167def9a775,moby,18,13,1,1024,64,0.125,128,896,0.4934605851075689,0.4943074680637965
qwen05,qwen,7ae557604adf67be50417f59c2c2f167def9a775,pride,18,0,0,1024,64,0.125,128,896,0.6019554697421324,0.602622045221367
qwen05,qwen,7ae557604adf67be50417f59c2c2f167def9a775,pride,18,1,0,1024,64,0.125,128,896,0.6551287065460648,0.6555185287866
qwen05,qwen,7ae557604adf67be50417f59c2c2f167def9a775,pride,18,2,0,1024,64,0.125,128,896,0.4346197398652052,0.43466803225082123
qwen05,qwen,7ae557604adf67be50417f59c2c2f167def9a775,pride,18,3,0,1024,64,0.125,128,896,0.6635711552710057,0.6635913333383663
qwen05,qwen,7ae557604adf67be50417f59c2c2f167def9a775,pride,18,4,0,1024,64,0.125,128,896,0.4289600990437629,0.4290595037050734
qwen05,qwen,7ae557604adf67be50417f59c2c2f167def9a775,pride,18,5,0,1024,64,0.125,128,896,0.5615377370105159,0.5616816781115067
qwen05,qwen,7ae557604adf67be50417f59c2c2f167def9a775,pride,18,6,0,1024,64,0.125,128,896,0.4750806916757237,0.47525818343043147
qwen05,qwen,7ae557604adf67be50417f59c2c2f167def9a775,pride,18,7,1,1024,64,0.125,128,896,0.6405484406142118,0.6406492383567378
qwen05,qwen,7ae557604adf67be50417f59c2c2f167def9a775,pride,18,8,1,1024,64,0.125,128,896,0.48088673524252784,0.4810209410555787
qwen05,qwen,7ae557604adf67be50417f59c2c2f167def9a775,pride,18,9,1,1024,64,0.125,128,896,0.2746622543995775,0.2750916907641831
qwen05,qwen,7ae557604adf67be50417f59c2c2f167def9a775,pride,18,10,1,1024,64,0.125,128,896,0.4589262721141883,0.459144561427804
qwen05,qwen,7ae557604adf67be50417f59c2c2f167def9a775,pride,18,11,1,1024,64,0.125,128,896,0.4855366784049354,0.48574136243534394
qwen05,qwen,7ae557604adf67be50417f59c2c2f167def9a775,pride,18,12,1,1024,64,0.125,128,896,0.4472849019456005,0.44744747013107017
qwen05,qwen,7ae557604adf67be50417f59c2c2f167def9a775,pride,18,13,1,1024,64,0.125,128,896,0.4375173640643674,0.43769246764660397
qwen05,qwen,7ae557604adf67be50417f59c2c2f167def9a775,alice,19,0,0,1024,64,0.125,128,896,0.40822707659022767,0.40831703592449375
qwen05,qwen,7ae557604adf67be50417f59c2c2f167def9a775,alice,19,1,0,1024,64,0.125,128,896,0.48956727931206323,0.4895773536813182
qwen05,qwen,7ae557604adf67be50417f59c2c2f167def9a775,alice,19,2,0,1024,64,0.125,128,896,0.5559857291393496,0.5568011042369523
qwen05,qwen,7ae557604adf67be50417f59c2c2f167def9a775,alice,19,3,0,1024,64,0.125,128,896,0.5159268638850404,0.5159350271868868
qwen05,qwen,7ae557604adf67be50417f59c2c2f167def9a775,alice,19,4,0,1024,64,0.125,128,896,0.27612569043665824,0.2762451314216393
qwen05,qwen,7ae557604adf67be50417f59c2c2f167def9a775,alice,19,5,0,1024,64,0.125,128,896,0.3879374349402828,0.3879953149443874
qwen05,qwen,7ae557604adf67be50417f59c2c2f167def9a775,alice,19,6,0,1024,64,0.125,128,896,0.45593681758936405,0.4572142811997312
qwen05,qwen,7ae557604adf67be50417f59c2c2f167def9a775,alice,19,7,1,1024,64,0.125,128,896,0.414483471915653,0.4150142160395586
qwen05,qwen,7ae557604adf67be50417f59c2c2f167def9a775,alice,19,8,1,1024,64,0.125,128,896,0.18645188514776698,0.1866369701290897
qwen05,qwen,7ae557604adf67be50417f59c2c2f167def9a775,alice,19,9,1,1024,64,0.125,128,896,0.21370078539224036,0.2138196489307424
qwen05,qwen,7ae557604adf67be50417f59c2c2f167def9a775,alice,19,10,1,1024,64,0.125,128,896,0.366016380091232,0.36623200676919465
qwen05,qwen,7ae557604adf67be50417f59c2c2f167def9a775,alice,19,11,1,1024,64,0.125,128,896,0.13300809620064305,0.13309382142638523
qwen05,qwen,7ae557604adf67be50417f59c2c2f167def9a775,alice,19,12,1,1024,64,0.125,128,896,0.0794704346986802,0.080449286233033
qwen05,qwen,7ae557604adf67be50417f59c2c2f167def9a775,alice,19,13,1,1024,64,0.125,128,896,0.6358152312614997,0.6358656739534663
qwen05,qwen,7ae557604adf67be50417f59c2c2f167def9a775,moby,19,0,0,1024,64,0.125,128,896,0.4075194235868661,0.40776211299459714
qwen05,qwen,7ae557604adf67be50417f59c2c2f167def9a775,moby,19,1,0,1024,64,0.125,128,896,0.4143658907974458,0.4143919811824457
qwen05,qwen,7ae557604adf67be50417f59c2c2f167def9a775,moby,19,2,0,1024,64,0.125,128,896,0.6521492894655597,0.6530390213187529
qwen05,qwen,7ae557604adf67be50417f59c2c2f167def9a775,moby,19,3,0,1024,64,0.125,128,896,0.4374141743134707,0.43743485636257373
qwen05,qwen,7ae557604adf67be50417f59c2c2f167def9a775,moby,19,4,0,1024,64,0.125,128,896,0.3254449704718101,0.3256723175998458
qwen05,qwen,7ae557604adf67be50417f59c2c2f167def9a775,moby,19,5,0,1024,64,0.125,128,896,0.3470450064677264,0.34717001742835596
qwen05,qwen,7ae557604adf67be50417f59c2c2f167def9a775,moby,19,6,0,1024,64,0.125,128,896,0.5241886694828979,0.5264605740029724
qwen05,qwen,7ae557604adf67be50417f59c2c2f167def9a775,moby,19,7,1,1024,64,0.125,128,896,0.4401461053939563,0.4414496936499885
qwen05,qwen,7ae557604adf67be50417f59c2c2f167def9a775,moby,19,8,1,1024,64,0.125,128,896,0.21330659980894545,0.21345697116824272
qwen05,qwen,7ae557604adf67be50417f59c2c2f167def9a775,moby,19,9,1,1024,64,0.125,128,896,0.2613946404449568,0.2614983256916533
qwen05,qwen,7ae557604adf67be50417f59c2c2f167def9a775,moby,19,10,1,1024,64,0.125,128,896,0.30392554154098,0.3042350454105079
qwen05,qwen,7ae557604adf67be50417f59c2c2f167def9a775,moby,19,11,1,1024,64,0.125,128,896,0.08328719863713327,0.08340291966743199
qwen05,qwen,7ae557604adf67be50417f59c2c2f167def9a775,moby,19,12,1,1024,64,0.125,128,896,0.10661583624424997,0.10684336926704145
qwen05,qwen,7ae557604adf67be50417f59c2c2f167def9a775,moby,19,13,1,1024,64,0.125,128,896,0.6727203474164577,0.6728529842708408
qwen05,qwen,7ae557604adf67be50417f59c2c2f167def9a775,pride,19,0,0,1024,64,0.125,128,896,0.48857937107418037,0.4886421243480284
qwen05,qwen,7ae557604adf67be50417f59c2c2f167def9a775,pride,19,1,0,1024,64,0.125,128,896,0.5220893617730231,0.522121289211366
qwen05,qwen,7ae557604adf67be50417f59c2c2f167def9a775,pride,19,2,0,1024,64,0.125,128,896,0.5327105842329382,0.5330246507986409
qwen05,qwen,7ae557604adf67be50417f59c2c2f167def9a775,pride,19,3,0,1024,64,0.125,128,896,0.5187047407672033,0.5187312485430445
qwen05,qwen,7ae557604adf67be50417f59c2c2f167def9a775,pride,19,4,0,1024,64,0.125,128,896,0.3082473409094032,0.30829805881233424
qwen05,qwen,7ae557604adf67be50417f59c2c2f167def9a775,pride,19,5,0,1024,64,0.125,128,896,0.394053695943345,0.39413445866456526
qwen05,qwen,7ae557604adf67be50417f59c2c2f167def9a775,pride,19,6,0,1024,64,0.125,128,896,0.40722984304581583,0.4075444924080266
qwen05,qwen,7ae557604adf67be50417f59c2c2f167def9a775,pride,19,7,1,1024,64,0.125,128,896,0.3691363127287245,0.36945715727999434
qwen05,qwen,7ae557604adf67be50417f59c2c2f167def9a775,pride,19,8,1,1024,64,0.125,128,896,0.19513015112129306,0.19527116230812872
qwen05,qwen,7ae557604adf67be50417f59c2c2f167def9a775,pride,19,9,1,1024,64,0.125,128,896,0.23861206543451338,0.23867660442425712
qwen05,qwen,7ae557604adf67be50417f59c2c2f167def9a775,pride,19,10,1,1024,64,0.125,128,896,0.3777081353084105,0.3777685304544855
qwen05,qwen,7ae557604adf67be50417f59c2c2f167def9a775,pride,19,11,1,1024,64,0.125,128,896,0.16540296912984817,0.16546640350019362
qwen05,qwen,7ae557604adf67be50417f59c2c2f167def9a775,pride,19,12,1,1024,64,0.125,128,896,0.07817618868170019,0.07830653398002001
qwen05,qwen,7ae557604adf67be50417f59c2c2f167def9a775,pride,19,13,1,1024,64,0.125,128,896,0.6710078171259478,0.6710704102374488
qwen05,qwen,7ae557604adf67be50417f59c2c2f167def9a775,alice,20,0,0,1024,64,0.125,128,896,0.4664819241690478,0.4666137881839712
qwen05,qwen,7ae557604adf67be50417f59c2c2f167def9a775,alice,20,1,0,1024,64,0.125,128,896,0.5705511064404175,0.5716703625385448
qwen05,qwen,7ae557604adf67be50417f59c2c2f167def9a775,alice,20,2,0,1024,64,0.125,128,896,0.27065061454187916,0.27074727205606713
qwen05,qwen,7ae557604adf67be50417f59c2c2f167def9a775,alice,20,3,0,1024,64,0.125,128,896,0.14957930317181564,0.1513025884992199
qwen05,qwen,7ae557604adf67be50417f59c2c2f167def9a775,alice,20,4,0,1024,64,0.125,128,896,0.3013226058141842,0.303754327753354
qwen05,qwen,7ae557604adf67be50417f59c2c2f167def9a775,alice,20,5,0,1024,64,0.125,128,896,0.4306926384137061,0.4326034246648155
qwen05,qwen,7ae557604adf67be50417f59c2c2f167def9a775,alice,20,6,0,1024,64,0.125,128,896,0.29285078722175817,0.29452730386986964
qwen05,qwen,7ae557604adf67be50417f59c2c2f167def9a775,alice,20,7,1,1024,64,0.125,128,896,0.47860937585986313,0.47963529606140776
qwen05,qwen,7ae557604adf67be50417f59c2c2f167def9a775,alice,20,8,1,1024,64,0.125,128,896,0.6445324986227747,0.6473723377637673
qwen05,qwen,7ae557604adf67be50417f59c2c2f167def9a775,alice,20,9,1,1024,64,0.125,128,896,0.6638081417009232,0.6647543652191985
qwen05,qwen,7ae557604adf67be50417f59c2c2f167def9a775,alice,20,10,1,1024,64,0.125,128,896,0.5947565555485255,0.595800356764406
qwen05,qwen,7ae557604adf67be50417f59c2c2f167def9a775,alice,20,11,1,1024,64,0.125,128,896,0.7548235575072909,0.75785242112118
qwen05,qwen,7ae557604adf67be50417f59c2c2f167def9a775,alice,20,12,1,1024,64,0.125,128,896,0.6119645102793737,0.617720743537269
qwen05,qwen,7ae557604adf67be50417f59c2c2f167def9a775,alice,20,13,1,1024,64,0.125,128,896,0.26974354550472646,0.270503160368771
qwen05,qwen,7ae557604adf67be50417f59c2c2f167def9a775,moby,20,0,0,1024,64,0.125,128,896,0.4766087587217105,0.47672891927646377
qwen05,qwen,7ae557604adf67be50417f59c2c2f167def9a775,moby,20,1,0,1024,64,0.125,128,896,0.6166555575069524,0.6175496342826531
qwen05,qwen,7ae557604adf67be50417f59c2c2f167def9a775,moby,20,2,0,1024,64,0.125,128,896,0.2051106099730215,0.2053736022099307
qwen05,qwen,7ae557604adf67be50417f59c2c2f167def9a775,moby,20,3,0,1024,64,0.125,128,896,0.24727886322128098,0.24792001222010535
qwen05,qwen,7ae557604adf67be50417f59c2c2f167def9a775,moby,20,4,0,1024,64,0.125,128,896,0.3465807218202431,0.3483483240349051
qwen05,qwen,7ae557604adf67be50417f59c2c2f167def9a775,moby,20,5,0,1024,64,0.125,128,896,0.3690731894334745,0.3707176235583302
qwen05,qwen,7ae557604adf67be50417f59c2c2f167def9a775,moby,20,6,0,1024,64,0.125,128,896,0.2634303333092147,0.2655608135070813
qwen05,qwen,7ae557604adf67be50417f59c2c2f167def9a775,moby,20,7,1,1024,64,0.125,128,896,0.5386160846945163,0.5392146845786082
qwen05,qwen,7ae557604adf67be50417f59c2c2f167def9a775,moby,20,8,1,1024,64,0.125,128,896,0.6896775924623346,0.6910158004878202
qwen05,qwen,7ae557604adf67be50417f59c2c2f167def9a775,moby,20,9,1,1024,64,0.125,128,896,0.6987886373042551,0.6993043959387973
qwen05,qwen,7ae557604adf67be50417f59c2c2f167def9a775,moby,20,10,1,1024,64,0.125,128,896,0.5877350612089172,0.5887612789464827
qwen05,qwen,7ae557604adf67be50417f59c2c2f167def9a775,moby,20,11,1,1024,64,0.125,128,896,0.7938699142024277,0.7949153796495969
qwen05,qwen,7ae557604adf67be50417f59c2c2f167def9a775,moby,20,12,1,1024,64,0.125,128,896,0.7300631413540106,0.7339906859244139
qwen05,qwen,7ae557604adf67be50417f59c2c2f167def9a775,moby,20,13,1,1024,64,0.125,128,896,0.28110729222614994,0.28132326730705365
qwen05,qwen,7ae557604adf67be50417f59c2c2f167def9a775,pride,20,0,0,1024,64,0.125,128,896,0.6301581594869388,0.6302573911339936
qwen05,qwen,7ae557604adf67be50417f59c2c2f167def9a775,pride,20,1,0,1024,64,0.125,128,896,0.5582120245078883,0.558525411504142
qwen05,qwen,7ae557604adf67be50417f59c2c2f167def9a775,pride,20,2,0,1024,64,0.125,128,896,0.3914139291928516,0.39147992728091124
qwen05,qwen,7ae557604adf67be50417f59c2c2f167def9a775,pride,20,3,0,1024,64,0.125,128,896,0.15877023139813798,0.16060094581037498
qwen05,qwen,7ae557604adf67be50417f59c2c2f167def9a775,pride,20,4,0,1024,64,0.125,128,896,0.20266743545052932,0.20329319494148498
qwen05,qwen,7ae557604adf67be50417f59c2c2f167def9a775,pride,20,5,0,1024,64,0.125,128,896,0.3633709248300211,0.36364486594836587
qwen05,qwen,7ae557604adf67be50417f59c2c2f167def9a775,pride,20,6,0,1024,64,0.125,128,896,0.34638701701865415,0.3466254639768757
qwen05,qwen,7ae557604adf67be50417f59c2c2f167def9a775,pride,20,7,1,1024,64,0.125,128,896,0.4668260195842418,0.46762861354037105
qwen05,qwen,7ae557604adf67be50417f59c2c2f167def9a775,pride,20,8,1,1024,64,0.125,128,896,0.5932101900986081,0.5934897393900022
qwen05,qwen,7ae557604adf67be50417f59c2c2f167def9a775,pride,20,9,1,1024,64,0.125,128,896,0.6266165646782352,0.6272123220023873
qwen05,qwen,7ae557604adf67be50417f59c2c2f167def9a775,pride,20,10,1,1024,64,0.125,128,896,0.571997666513632,0.5733224333093832
qwen05,qwen,7ae557604adf67be50417f59c2c2f167def9a775,pride,20,11,1,1024,64,0.125,128,896,0.6773691119034347,0.6784904354585144
qwen05,qwen,7ae557604adf67be50417f59c2c2f167def9a775,pride,20,12,1,1024,64,0.125,128,896,0.5133644241295526,0.5137425719284393
qwen05,qwen,7ae557604adf67be50417f59c2c2f167def9a775,pride,20,13,1,1024,64,0.125,128,896,0.30597342781819054,0.3063781798127117
qwen05,qwen,7ae557604adf67be50417f59c2c2f167def9a775,alice,21,0,0,1024,64,0.125,128,896,0.6280267970730654,0.6298880645852584
qwen05,qwen,7ae557604adf67be50417f59c2c2f167def9a775,alice,21,1,0,1024,64,0.125,128,896,0.49671788062929495,0.5001080518749041
qwen05,qwen,7ae557604adf67be50417f59c2c2f167def9a775,alice,21,2,0,1024,64,0.125,128,896,0.5233942352770938,0.5254470764850226
qwen05,qwen,7ae557604adf67be50417f59c2c2f167def9a775,alice,21,3,0,1024,64,0.125,128,896,0.6080091198623795,0.6110973984886512
qwen05,qwen,7ae557604adf67be50417f59c2c2f167def9a775,alice,21,4,0,1024,64,0.125,128,896,0.5698591252585878,0.5710002403184646
qwen05,qwen,7ae557604adf67be50417f59c2c2f167def9a775,alice,21,5,0,1024,64,0.125,128,896,0.5924205303756019,0.595540889358791
qwen05,qwen,7ae557604adf67be50417f59c2c2f167def9a775,alice,21,6,0,1024,64,0.125,128,896,0.5414006379706727,0.5517962706242946
qwen05,qwen,7ae557604adf67be50417f59c2c2f167def9a775,alice,21,7,1,1024,64,0.125,128,896,0.6105815795540682,0.6107300445249366
qwen05,qwen,7ae557604adf67be50417f59c2c2f167def9a775,alice,21,8,1,1024,64,0.125,128,896,0.5592002066593624,0.5606744102426096
qwen05,qwen,7ae557604adf67be50417f59c2c2f167def9a775,alice,21,9,1,1024,64,0.125,128,896,0.07813631314952618,0.07820323532282776
qwen05,qwen,7ae557604adf67be50417f59c2c2f167def9a775,alice,21,10,1,1024,64,0.125,128,896,0.5676105186304052,0.5714467280769482
qwen05,qwen,7ae557604adf67be50417f59c2c2f167def9a775,alice,21,11,1,1024,64,0.125,128,896,0.623966417865795,0.6262626950592053
qwen05,qwen,7ae557604adf67be50417f59c2c2f167def9a775,alice,21,12,1,1024,64,0.125,128,896,0.5912301167085144,0.5917524638750955
qwen05,qwen,7ae557604adf67be50417f59c2c2f167def9a775,alice,21,13,1,1024,64,0.125,128,896,0.6046926064886156,0.6068712451443466
qwen05,qwen,7ae557604adf67be50417f59c2c2f167def9a775,moby,21,0,0,1024,64,0.125,128,896,0.597650812205142,0.5982874207668969
qwen05,qwen,7ae557604adf67be50417f59c2c2f167def9a775,moby,21,1,0,1024,64,0.125,128,896,0.5230518078123966,0.5275535233327767
qwen05,qwen,7ae557604adf67be50417f59c2c2f167def9a775,moby,21,2,0,1024,64,0.125,128,896,0.5987025019687492,0.6016749354539629
qwen05,qwen,7ae557604adf67be50417f59c2c2f167def9a775,moby,21,3,0,1024,64,0.125,128,896,0.6326209353533541,0.6337021628815159
qwen05,qwen,7ae557604adf67be50417f59c2c2f167def9a775,moby,21,4,0,1024,64,0.125,128,896,0.6232816201523811,0.623835546758814
qwen05,qwen,7ae557604adf67be50417f59c2c2f167def9a775,moby,21,5,0,1024,64,0.125,128,896,0.6217425822349518,0.6239186305565267
qwen05,qwen,7ae557604adf67be50417f59c2c2f167def9a775,moby,21,6,0,1024,64,0.125,128,896,0.55863001534807,0.5696668953878781
qwen05,qwen,7ae557604adf67be50417f59c2c2f167def9a775,moby,21,7,1,1024,64,0.125,128,896,0.7028299221304682,0.7028864896947863
qwen05,qwen,7ae557604adf67be50417f59c2c2f167def9a775,moby,21,8,1,1024,64,0.125,128,896,0.5655838862753458,0.5660941820818398
qwen05,qwen,7ae557604adf67be50417f59c2c2f167def9a775,moby,21,9,1,1024,64,0.125,128,896,0.1286208748062094,0.12864973800102003
qwen05,qwen,7ae557604adf67be50417f59c2c2f167def9a775,moby,21,10,1,1024,64,0.125,128,896,0.616963063744762,0.6172667668509183
qwen05,qwen,7ae557604adf67be50417f59c2c2f167def9a775,moby,21,11,1,1024,64,0.125,128,896,0.6736333681128858,0.6812452045758589
qwen05,qwen,7ae557604adf67be50417f59c2c2f167def9a775,moby,21,12,1,1024,64,0.125,128,896,0.6391838798425585,0.6394446933358356
qwen05,qwen,7ae557604adf67be50417f59c2c2f167def9a775,moby,21,13,1,1024,64,0.125,128,896,0.6405628076703195,0.6416579665917792
qwen05,qwen,7ae557604adf67be50417f59c2c2f167def9a775,pride,21,0,0,1024,64,0.125,128,896,0.6567430244497184,0.6582896973378095
qwen05,qwen,7ae557604adf67be50417f59c2c2f167def9a775,pride,21,1,0,1024,64,0.125,128,896,0.6676217421788139,0.6683354383394479
qwen05,qwen,7ae557604adf67be50417f59c2c2f167def9a775,pride,21,2,0,1024,64,0.125,128,896,0.5828528274802525,0.5840601929928663
qwen05,qwen,7ae557604adf67be50417f59c2c2f167def9a775,pride,21,3,0,1024,64,0.125,128,896,0.5623914708757979,0.563231435194209
qwen05,qwen,7ae557604adf67be50417f59c2c2f167def9a775,pride,21,4,0,1024,64,0.125,128,896,0.5259351615086307,0.5275035110291
qwen05,qwen,7ae557604adf67be50417f59c2c2f167def9a775,pride,21,5,0,1024,64,0.125,128,896,0.4864631432962292,0.4873073594935608
qwen05,qwen,7ae557604adf67be50417f59c2c2f167def9a775,pride,21,6,0,1024,64,0.125,128,896,0.5153697917225223,0.5169267041289092
qwen05,qwen,7ae557604adf67be50417f59c2c2f167def9a775,pride,21,7,1,1024,64,0.125,128,896,0.6001190425596045,0.6004742399811607
qwen05,qwen,7ae557604adf67be50417f59c2c2f167def9a775,pride,21,8,1,1024,64,0.125,128,896,0.649553631453259,0.6502318676123781
qwen05,qwen,7ae557604adf67be50417f59c2c2f167def9a775,pride,21,9,1,1024,64,0.125,128,896,0.09049319034781966,0.09057697977153341
qwen05,qwen,7ae557604adf67be50417f59c2c2f167def9a775,pride,21,10,1,1024,64,0.125,128,896,0.564631870605533,0.5654596590376567
qwen05,qwen,7ae557604adf67be50417f59c2c2f167def9a775,pride,21,11,1,1024,64,0.125,128,896,0.6153781612915142,0.616010700755884
qwen05,qwen,7ae557604adf67be50417f59c2c2f167def9a775,pride,21,12,1,1024,64,0.125,128,896,0.655417425129632,0.6562472541922961
qwen05,qwen,7ae557604adf67be50417f59c2c2f167def9a775,pride,21,13,1,1024,64,0.125,128,896,0.585338609479533,0.5859595714986546
qwen05,qwen,7ae557604adf67be50417f59c2c2f167def9a775,alice,22,0,0,1024,64,0.125,128,896,0.007605659763137876,0.01230445449936546
qwen05,qwen,7ae557604adf67be50417f59c2c2f167def9a775,alice,22,1,0,1024,64,0.125,128,896,0.0055386180747394875,0.015639910812559738
qwen05,qwen,7ae557604adf67be50417f59c2c2f167def9a775,alice,22,2,0,1024,64,0.125,128,896,0.010148388100756398,0.01825428243570739
qwen05,qwen,7ae557604adf67be50417f59c2c2f167def9a775,alice,22,3,0,1024,64,0.125,128,896,0.010571001362197642,0.01953099912113557
qwen05,qwen,7ae557604adf67be50417f59c2c2f167def9a775,alice,22,4,0,1024,64,0.125,128,896,0.005271335500604691,0.00942151390914547
qwen05,qwen,7ae557604adf67be50417f59c2c2f167def9a775,alice,22,5,0,1024,64,0.125,128,896,0.008681824223741605,0.01859678086978176
qwen05,qwen,7ae557604adf67be50417f59c2c2f167def9a775,alice,22,6,0,1024,64,0.125,128,896,0.018397980603164363,0.025314823691207043
qwen05,qwen,7ae557604adf67be50417f59c2c2f167def9a775,alice,22,7,1,1024,64,0.125,128,896,0.013409638152098708,0.019186902336073668
qwen05,qwen,7ae557604adf67be50417f59c2c2f167def9a775,alice,22,8,1,1024,64,0.125,128,896,0.005884404867455073,0.008701273738093691
qwen05,qwen,7ae557604adf67be50417f59c2c2f167def9a775,alice,22,9,1,1024,64,0.125,128,896,0.007883078978991582,0.015533910848719417
qwen05,qwen,7ae557604adf67be50417f59c2c2f167def9a775,alice,22,10,1,1024,64,0.125,128,896,0.009207075977312568,0.018510226564297332
qwen05,qwen,7ae557604adf67be50417f59c2c2f167def9a775,alice,22,11,1,1024,64,0.125,128,896,0.028882826326900275,0.036024520397964596
qwen05,qwen,7ae557604adf67be50417f59c2c2f167def9a775,alice,22,12,1,1024,64,0.125,128,896,0.002379318855158098,0.005389363266790163
qwen05,qwen,7ae557604adf67be50417f59c2c2f167def9a775,alice,22,13,1,1024,64,0.125,128,896,0.010827745407481269,0.014867065017710377
qwen05,qwen,7ae557604adf67be50417f59c2c2f167def9a775,moby,22,0,0,1024,64,0.125,128,896,0.0034608122778608075,0.006488523981397857
qwen05,qwen,7ae557604adf67be50417f59c2c2f167def9a775,moby,22,1,0,1024,64,0.125,128,896,0.000985338128645432,0.010624645882723964
qwen05,qwen,7ae557604adf67be50417f59c2c2f167def9a775,moby,22,2,0,1024,64,0.125,128,896,0.0015759028409764264,0.005725448484873407
qwen05,qwen,7ae557604adf67be50417f59c2c2f167def9a775,moby,22,3,0,1024,64,0.125,128,896,0.0020425707749550134,0.0036510097244333546
qwen05,qwen,7ae557604adf67be50417f59c2c2f167def9a775,moby,22,4,0,1024,64,0.125,128,896,0.0030295943467472117,0.005542557431372365
qwen05,qwen,7ae557604adf67be50417f59c2c2f167def9a775,moby,22,5,0,1024,64,0.125,128,896,0.0017445360026715916,0.004768207165224092
qwen05,qwen,7ae557604adf67be50417f59c2c2f167def9a775,moby,22,6,0,1024,64,0.125,128,896,0.0038320953880138543,0.008628124075679347
qwen05,qwen,7ae557604adf67be50417f59c2c2f167def9a775,moby,22,7,1,1024,64,0.125,128,896,0.006830519112496857,0.008690623779214953
qwen05,qwen,7ae557604adf67be50417f59c2c2f167def9a775,moby,22,8,1,1024,64,0.125,128,896,0.003452007128036749,0.005973605505672638
qwen05,qwen,7ae557604adf67be50417f59c2c2f167def9a775,moby,22,9,1,1024,64,0.125,128,896,0.001072841223070815,0.006654285840673221
qwen05,qwen,7ae557604adf67be50417f59c2c2f167def9a775,moby,22,10,1,1024,64,0.125,128,896,0.009022568726648693,0.012028887445999906
qwen05,qwen,7ae557604adf67be50417f59c2c2f167def9a775,moby,22,11,1,1024,64,0.125,128,896,0.0036178579718631164,0.007310873629587998
qwen05,qwen,7ae557604adf67be50417f59c2c2f167def9a775,moby,22,12,1,1024,64,0.125,128,896,0.0018517381838908764,0.004234908978122
qwen05,qwen,7ae557604adf67be50417f59c2c2f167def9a775,moby,22,13,1,1024,64,0.125,128,896,0.0005412365691778477,0.002914660308205737
qwen05,qwen,7ae557604adf67be50417f59c2c2f167def9a775,pride,22,0,0,1024,64,0.125,128,896,0.00680628914648227,0.016762611152663413
qwen05,qwen,7ae557604adf67be50417f59c2c2f167def9a775,pride,22,1,0,1024,64,0.125,128,896,0.004521705377421888,0.01892040132956741
qwen05,qwen,7ae557604adf67be50417f59c2c2f167def9a775,pride,22,2,0,1024,64,0.125,128,896,0.003454687677366623,0.02153833004681807
qwen05,qwen,7ae557604adf67be50417f59c2c2f167def9a775,pride,22,3,0,1024,64,0.125,128,896,0.005623376791803394,0.018478487197260068
qwen05,qwen,7ae557604adf67be50417f59c2c2f167def9a775,pride,22,4,0,1024,64,0.125,128,896,0.0075666012983100685,0.016672031799417772
qwen05,qwen,7ae557604adf67be50417f59c2c2f167def9a775,pride,22,5,0,1024,64,0.125,128,896,0.004489534856389582,0.020703812124350036
qwen05,qwen,7ae557604adf67be50417f59c2c2f167def9a775,pride,22,6,0,1024,64,0.125,128,896,0.0054382604032274795,0.014667040556507934
qwen05,qwen,7ae557604adf67be50417f59c2c2f167def9a775,pride,22,7,1,1024,64,0.125,128,896,0.012654035277249894,0.023427865526692942
qwen05,qwen,7ae557604adf67be50417f59c2c2f167def9a775,pride,22,8,1,1024,64,0.125,128,896,0.008982402499142932,0.018185773132303053
qwen05,qwen,7ae557604adf67be50417f59c2c2f167def9a775,pride,22,9,1,1024,64,0.125,128,896,0.0029643496169047827,0.021175550165784044
qwen05,qwen,7ae557604adf67be50417f59c2c2f167def9a775,pride,22,10,1,1024,64,0.125,128,896,0.02793622623585363,0.04147803831407421
qwen05,qwen,7ae557604adf67be50417f59c2c2f167def9a775,pride,22,11,1,1024,64,0.125,128,896,0.004962646860513707,0.020704189265673155
qwen05,qwen,7ae557604adf67be50417f59c2c2f167def9a775,pride,22,12,1,1024,64,0.125,128,896,0.004972515146201982,0.011907741276984702
qwen05,qwen,7ae557604adf67be50417f59c2c2f167def9a775,pride,22,13,1,1024,64,0.125,128,896,0.0007092886240774152,0.012513181825338535
qwen05,qwen,7ae557604adf67be50417f59c2c2f167def9a775,alice,23,0,0,1024,64,0.125,128,896,0.013304702209182269,0.019667894453545075
qwen05,qwen,7ae557604adf67be50417f59c2c2f167def9a775,alice,23,1,0,1024,64,0.125,128,896,8.667713975755232e-06,9.266232449563632e-06
qwen05,qwen,7ae557604adf67be50417f59c2c2f167def9a775,alice,23,2,0,1024,64,0.125,128,896,0.010779200727884384,0.014081943778109078
qwen05,qwen,7ae557604adf67be50417f59c2c2f167def9a775,alice,23,3,0,1024,64,0.125,128,896,0.02120319910239566,0.026383500875599097
qwen05,qwen,7ae557604adf67be50417f59c2c2f167def9a775,alice,23,4,0,1024,64,0.125,128,896,0.00029169744968844143,0.0010651963792042975
qwen05,qwen,7ae557604adf67be50417f59c2c2f167def9a775,alice,23,5,0,1024,64,0.125,128,896,0.0014035590851543835,0.006029759916047284
qwen05,qwen,7ae557604adf67be50417f59c2c2f167def9a775,alice,23,6,0,1024,64,0.125,128,896,0.00046447559395020044,0.0011905609449928097
qwen05,qwen,7ae557604adf67be50417f59c2c2f167def9a775,alice,23,7,1,1024,64,0.125,128,896,0.006000197086763452,0.014879763256625761
qwen05,qwen,7ae557604adf67be50417f59c2c2f167def9a775,alice,23,8,1,1024,64,0.125,128,896,0.00584394534294995,0.013815200928289131
qwen05,qwen,7ae557604adf67be50417f59c2c2f167def9a775,alice,23,9,1,1024,64,0.125,128,896,0.01827078425382666,0.02874696600107234
qwen05,qwen,7ae557604adf67be50417f59c2c2f167def9a775,alice,23,10,1,1024,64,0.125,128,896,0.028298580443505684,0.03349364617926124
qwen05,qwen,7ae557604adf67be50417f59c2c2f167def9a775,alice,23,11,1,1024,64,0.125,128,896,0.0015601658529852108,0.011390647893160853
qwen05,qwen,7ae557604adf67be50417f59c2c2f167def9a775,alice,23,12,1,1024,64,0.125,128,896,0.019604117713012587,0.02341787469459004
qwen05,qwen,7ae557604adf67be50417f59c2c2f167def9a775,alice,23,13,1,1024,64,0.125,128,896,0.03005012122856576,0.03881806590398228
qwen05,qwen,7ae557604adf67be50417f59c2c2f167def9a775,moby,23,0,0,1024,64,0.125,128,896,0.0013669813214885868,0.007772643913977828
qwen05,qwen,7ae557604adf67be50417f59c2c2f167def9a775,moby,23,1,0,1024,64,0.125,128,896,1.254185160557015e-07,3.408403891259887e-07
qwen05,qwen,7ae557604adf67be50417f59c2c2f167def9a775,moby,23,2,0,1024,64,0.125,128,896,0.0016484310802026764,0.005682984761437077
qwen05,qwen,7ae557604adf67be50417f59c2c2f167def9a775,moby,23,3,0,1024,64,0.125,128,896,0.006805060989054199,0.014496840398881447
qwen05,qwen,7ae557604adf67be50417f59c2c2f167def9a775,moby,23,4,0,1024,64,0.125,128,896,0.00010916534062181483,0.0006950702792472556
qwen05,qwen,7ae557604adf67be50417f59c2c2f167def9a775,moby,23,5,0,1024,64,0.125,128,896,0.0006031251853758417,0.004257862631233388
qwen05,qwen,7ae557604adf67be50417f59c2c2f167def9a775,moby,23,6,0,1024,64,0.125,128,896,0.00011042188763426114,0.0005554435800865724
qwen05,qwen,7ae557604adf67be50417f59c2c2f167def9a775,moby,23,7,1,1024,64,0.125,128,896,0.0004912927183962013,0.005227922382498429
qwen05,qwen,7ae557604adf67be50417f59c2c2f167def9a775,moby,23,8,1,1024,64,0.125,128,896,0.0010106970966216485,0.005231416916320238
qwen05,qwen,7ae557604adf67be50417f59c2c2f167def9a775,moby,23,9,1,1024,64,0.125,128,896,0.0010353089404308415,0.0055416169467617715
qwen05,qwen,7ae557604adf67be50417f59c2c2f167def9a775,moby,23,10,1,1024,64,0.125,128,896,0.007100960842662442,0.011626356399933006
qwen05,qwen,7ae557604adf67be50417f59c2c2f167def9a775,moby,23,11,1,1024,64,0.125,128,896,0.00027958367680209166,0.0039104989135254915
qwen05,qwen,7ae557604adf67be50417f59c2c2f167def9a775,moby,23,12,1,1024,64,0.125,128,896,0.0005871290627453347,0.0032695361719545413
qwen05,qwen,7ae557604adf67be50417f59c2c2f167def9a775,moby,23,13,1,1024,64,0.125,128,896,0.003721135668046186,0.008677464802797961
qwen05,qwen,7ae557604adf67be50417f59c2c2f167def9a775,pride,23,0,0,1024,64,0.125,128,896,0.0038637275635371618,0.018092455736506773
qwen05,qwen,7ae557604adf67be50417f59c2c2f167def9a775,pride,23,1,0,1024,64,0.125,128,896,3.2055448697335903e-06,1.3926285973691532e-05
qwen05,qwen,7ae557604adf67be50417f59c2c2f167def9a775,pride,23,2,0,1024,64,0.125,128,896,0.003443800757269707,0.011869055833578024
qwen05,qwen,7ae557604adf67be50417f59c2c2f167def9a775,pride,23,3,0,1024,64,0.125,128,896,0.018163236805706594,0.04232796883348999
qwen05,qwen,7ae557604adf67be50417f59c2c2f167def9a775,pride,23,4,0,1024,64,0.125,128,896,0.000657491883277303,0.006061622107005742
qwen05,qwen,7ae557604adf67be50417f59c2c2f167def9a775,pride,23,5,0,1024,64,0.125,128,896,0.0010920383269653032,0.011724692789419972
qwen05,qwen,7ae557604adf67be50417f59c2c2f167def9a775,pride,23,6,0,1024,64,0.125,128,896,0.001232814661633285,0.005851175949862774
qwen05,qwen,7ae557604adf67be50417f59c2c2f167def9a775,pride,23,7,1,1024,64,0.125,128,896,0.0028908763145371356,0.014378541925370738
qwen05,qwen,7ae557604adf67be50417f59c2c2f167def9a775,pride,23,8,1,1024,64,0.125,128,896,0.003372707906374411,0.017831349527832788
qwen05,qwen,7ae557604adf67be50417f59c2c2f167def9a775,pride,23,9,1,1024,64,0.125,128,896,0.0035065903687729115,0.016995816890750977
qwen05,qwen,7ae557604adf67be50417f59c2c2f167def9a775,pride,23,10,1,1024,64,0.125,128,896,0.012513802548015322,0.027760598408177208
qwen05,qwen,7ae557604adf67be50417f59c2c2f167def9a775,pride,23,11,1,1024,64,0.125,128,896,0.001887998039147307,0.01593600834918673
qwen05,qwen,7ae557604adf67be50417f59c2c2f167def9a775,pride,23,12,1,1024,64,0.125,128,896,0.00957035211736427,0.019606153460193808
qwen05,qwen,7ae557604adf67be50417f59c2c2f167def9a775,pride,23,13,1,1024,64,0.125,128,896,0.011979182347292493,0.027020144820182057
qwen15,qwen,989aa7980e4cf806f80c7fef2b1adb7bc71aa306,alice,0,0,0,1024,128,0.08838834764831845,128,896,6.973566191216991e-05,0.005117528440485568
qwen15,qwen,989aa7980e4cf806f80c7fef2b1adb7bc71aa306,alice,0,1,0,1024,128,0.08838834764831845,128,896,1.838154529419648e-06,5.2880269605673224e-05
qwen15,qwen,989aa7980e4cf806f80c7fef2b1adb7bc71aa306,alice,0,2,0,1024,128,0.08838834764831845,128,896,3.287985703979875e-05,0.00037647980419544655
qwen15,qwen,989aa7980e4cf806f80c7fef2b1adb7bc71aa306,alice,0,3,0,1024,128,0.08838834764831845,128,896,2.569571464751224e-14,5.12987704029033e-11
qwen15,qwen,989aa7980e4cf806f80c7fef2b1adb7bc71aa306,alice,0,4,0,1024,128,0.08838834764831845,128,896,0.0009306033235775669,0.002684080630294387
qwen15,qwen,989aa7980e4cf806f80c7fef2b1adb7bc71aa306,alice,0,5,0,1024,128,0.08838834764831845,128,896,1.63456940853994e-05,0.0004927816278977356
qwen15,qwen,989aa7980e4cf806f80c7fef2b1adb7bc71aa306,alice,0,6,1,1024,128,0.08838834764831845,128,896,2.5497484521124267e-07,1.142173656667686e-06
qwen15,qwen,989aa7980e4cf806f80c7fef2b1adb7bc71aa306,alice,0,7,1,1024,128,0.08838834764831845,128,896,0.00016940740139313317,0.0010413429392924724
qwen15,qwen,989aa7980e4cf806f80c7fef2b1adb7bc71aa306,alice,0,8,1,1024,128,0.08838834764831845,128,896,3.2432312962137654e-05,0.00012474617712755187
qwen15,qwen,989aa7980e4cf806f80c7fef2b1adb7bc71aa306,alice,0,9,1,1024,128,0.08838834764831845,128,896,0.0008307524525199341,0.001755980462259984
qwen15,qwen,989aa7980e4cf806f80c7fef2b1adb7bc71aa306,alice,0,10,1,1024,128,0.08838834764831845,128,896,2.4446473312034905e-06,5.5837318035350416e-05
qwen15,qwen,989aa7980e4cf806f80c7fef2b1adb7bc71aa306,alice,0,11,1,1024,128,0.08838834764831845,128,896,3.5283593223026204e-05,0.00018761816047489432
qwen15,qwen,989aa7980e4cf806f80c7fef2b1adb7bc71aa306,moby,0,0,0,1024,128,0.08838834764831845,128,896,0.00011579031265788763,0.0006220326651379394
qwen15,qwen,989aa7980e4cf806f80c7fef2b1adb7bc71aa306,moby,0,1,0,1024,128,0.08838834764831845,128,896,3.3200233887096134e-06,1.2554095655768839e-05
qwen15,qwen,989aa7980e4cf806f80c7fef2b1adb7bc71aa306,moby,0,2,0,1024,128,0.08838834764831845,128,896,6.513650956812516e-05,0.0002254925681119965
qwen15,qwen,989aa7980e4cf806f80c7fef2b1adb7bc71aa306,moby,0,3,0,1024,128,0.08838834764831845,128,896,2.1825725272814105e-12,2.189667689475097e-12
qwen15,qwen,989aa7980e4cf806f80c7fef2b1adb7bc71aa306,moby,0,4,0,1024,128,0.08838834764831845,128,896,0.000905454982647268,0.0023202225633819915
qwen15,qwen,989aa7980e4cf806f80c7fef2b1adb7bc71aa306,moby,0,5,0,1024,128,0.08838834764831845,128,896,7.20282928937555e-05,0.0001725281811209276
qwen15,qwen,989aa7980e4cf806f80c7fef2b1adb7bc71aa306,moby,0,6,1,1024,128,0.08838834764831845,128,896,5.7315977115228904e-08,8.142980404413206e-07
qwen15,qwen,989aa7980e4cf806f80c7fef2b1adb7bc71aa306,moby,0,7,1,1024,128,0.08838834764831845,128,896,0.0001966066844031074,0.000594441959180185
qwen15,qwen,989aa7980e4cf806f80c7fef2b1adb7bc71aa306,moby,0,8,1,1024,128,0.08838834764831845,128,896,3.624840775896383e-05,0.00018731038519710882
qwen15,qwen,989aa7980e4cf806f80c7fef2b1adb7bc71aa306,moby,0,9,1,1024,128,0.08838834764831845,128,896,0.00036966085571633786,0.0015599665342486536
qwen15,qwen,989aa7980e4cf806f80c7fef2b1adb7bc71aa306,moby,0,10,1,1024,128,0.08838834764831845,128,896,5.538245907386725e-06,1.801494244948594e-05
qwen15,qwen,989aa7980e4cf806f80c7fef2b1adb7bc71aa306,moby,0,11,1,1024,128,0.08838834764831845,128,896,3.965425877496874e-05,0.0002577415837588757
qwen15,qwen,989aa7980e4cf806f80c7fef2b1adb7bc71aa306,pride,0,0,0,1024,128,0.08838834764831845,128,896,0.0007639445431124024,0.0016074959417538225
qwen15,qwen,989aa7980e4cf806f80c7fef2b1adb7bc71aa306,pride,0,1,0,1024,128,0.08838834764831845,128,896,7.02633163129808e-06,0.00015993021933733415
qwen15,qwen,989aa7980e4cf806f80c7fef2b1adb7bc71aa306,pride,0,2,0,1024,128,0.08838834764831845,128,896,5.8276630567704384e-05,0.0002839899002457437
qwen15,qwen,989aa7980e4cf806f80c7fef2b1adb7bc71aa306,pride,0,3,0,1024,128,0.08838834764831845,128,896,7.170204664860561e-14,3.6251693929709094e-10
qwen15,qwen,989aa7980e4cf806f80c7fef2b1adb7bc71aa306,pride,0,4,0,1024,128,0.08838834764831845,128,896,0.00016731309542838946,0.0015203798891559462
qwen15,qwen,989aa7980e4cf806f80c7fef2b1adb7bc71aa306,pride,0,5,0,1024,128,0.08838834764831845,128,896,7.490321389771029e-05,0.0009118181085438938
qwen15,qwen,989aa7980e4cf806f80c7fef2b1adb7bc71aa306,pride,0,6,1,1024,128,0.08838834764831845,128,896,3.4493565904646457e-07,4.267627623318337e-07
qwen15,qwen,989aa7980e4cf806f80c7fef2b1adb7bc71aa306,pride,0,7,1,1024,128,0.08838834764831845,128,896,0.000293633806797958,0.0008800501255183721
qwen15,qwen,989aa7980e4cf806f80c7fef2b1adb7bc71aa306,pride,0,8,1,1024,128,0.08838834764831845,128,896,3.4223241587626864e-05,0.0001266700651881717
qwen15,qwen,989aa7980e4cf806f80c7fef2b1adb7bc71aa306,pride,0,9,1,1024,128,0.08838834764831845,128,896,0.00028131700533641474,0.0009294461735867139
qwen15,qwen,989aa7980e4cf806f80c7fef2b1adb7bc71aa306,pride,0,10,1,1024,128,0.08838834764831845,128,896,6.9687201804193895e-06,4.596106106604057e-05
qwen15,qwen,989aa7980e4cf806f80c7fef2b1adb7bc71aa306,pride,0,11,1,1024,128,0.08838834764831845,128,896,3.3222492578225734e-05,0.00012745999913566232
qwen15,qwen,989aa7980e4cf806f80c7fef2b1adb7bc71aa306,alice,1,0,0,1024,128,0.08838834764831845,128,896,7.357168500351328e-05,0.00017153251721215004
qwen15,qwen,989aa7980e4cf806f80c7fef2b1adb7bc71aa306,alice,1,1,0,1024,128,0.08838834764831845,128,896,9.730913800761319e-05,0.00021285963744543032
qwen15,qwen,989aa7980e4cf806f80c7fef2b1adb7bc71aa306,alice,1,2,0,1024,128,0.08838834764831845,128,896,0.0013627748780431347,0.0025904937912637955
qwen15,qwen,989aa7980e4cf806f80c7fef2b1adb7bc71aa306,alice,1,3,0,1024,128,0.08838834764831845,128,896,0.00019641770266571774,0.00034271586760077166
qwen15,qwen,989aa7980e4cf806f80c7fef2b1adb7bc71aa306,alice,1,4,0,1024,128,0.08838834764831845,128,896,0.0001128490554841603,0.00016619808023710133
qwen15,qwen,989aa7980e4cf806f80c7fef2b1adb7bc71aa306,alice,1,5,0,1024,128,0.08838834764831845,128,896,0.014904589407425117,0.0243241816168726
qwen15,qwen,989aa7980e4cf806f80c7fef2b1adb7bc71aa306,alice,1,6,1,1024,128,0.08838834764831845,128,896,0.002514866614465085,0.006469699432838369
qwen15,qwen,989aa7980e4cf806f80c7fef2b1adb7bc71aa306,alice,1,7,1,1024,128,0.08838834764831845,128,896,0.005330777859626509,0.01152540827160165
qwen15,qwen,989aa7980e4cf806f80c7fef2b1adb7bc71aa306,alice,1,8,1,1024,128,0.08838834764831845,128,896,0.020954678729690226,0.03113168502327538
qwen15,qwen,989aa7980e4cf806f80c7fef2b1adb7bc71aa306,alice,1,9,1,1024,128,0.08838834764831845,128,896,0.0009419384169267011,0.002715973778240677
qwen15,qwen,989aa7980e4cf806f80c7fef2b1adb7bc71aa306,alice,1,10,1,1024,128,0.08838834764831845,128,896,0.001148911511379445,0.0026620730918133838
qwen15,qwen,989aa7980e4cf806f80c7fef2b1adb7bc71aa306,alice,1,11,1,1024,128,0.08838834764831845,128,896,0.0009561445375552644,0.0029544962547082072
qwen15,qwen,989aa7980e4cf806f80c7fef2b1adb7bc71aa306,moby,1,0,0,1024,128,0.08838834764831845,128,896,5.092983746759893e-05,0.00012010853516628494
qwen15,qwen,989aa7980e4cf806f80c7fef2b1adb7bc71aa306,moby,1,1,0,1024,128,0.08838834764831845,128,896,0.0001024353340401356,0.0001869106961653992
qwen15,qwen,989aa7980e4cf806f80c7fef2b1adb7bc71aa306,moby,1,2,0,1024,128,0.08838834764831845,128,896,0.0009201676548115137,0.0017090877952140916
qwen15,qwen,989aa7980e4cf806f80c7fef2b1adb7bc71aa306,moby,1,3,0,1024,128,0.08838834764831845,128,896,0.00016716061133905413,0.0003653477203002527
qwen15,qwen,989aa7980e4cf806f80c7fef2b1adb7bc71aa306,moby,1,4,0,1024,128,0.08838834764831845,128,896,6.319299543142903e-05,0.00010641959857526101
qwen15,qwen,989aa7980e4cf806f80c7fef2b1adb7bc71aa306,moby,1,5,0,1024,128,0.08838834764831845,128,896,0.006492165818165052,0.012365258309278107
qwen15,qwen,989aa7980e4cf806f80c7fef2b1adb7bc71aa306,moby,1,6,1,1024,128,0.08838834764831845,128,896,0.0019023027211902668,0.004662171055377779
qwen15,qwen,989aa7980e4cf806f80c7fef2b1adb7bc71aa306,moby,1,7,1,1024,128,0.08838834764831845,128,896,0.0027631374711891434,0.005481316553995843
qwen15,qwen,989aa7980e4cf806f80c7fef2b1adb7bc71aa306,moby,1,8,1,1024,128,0.08838834764831845,128,896,0.0038988557512609837,0.011468034563303838
qwen15,qwen,989aa7980e4cf806f80c7fef2b1adb7bc71aa306,moby,1,9,1,1024,128,0.08838834764831845,128,896,0.0009056695098993791,0.0018092037858044622
qwen15,qwen,989aa7980e4cf806f80c7fef2b1adb7bc71aa306,moby,1,10,1,1024,128,0.08838834764831845,128,896,0.0006008819601063398,0.0012178844011169886
qwen15,qwen,989aa7980e4cf806f80c7fef2b1adb7bc71aa306,moby,1,11,1,1024,128,0.08838834764831845,128,896,0.0008447986944640406,0.0014778016867526
qwen15,qwen,989aa7980e4cf806f80c7fef2b1adb7bc71aa306,pride,1,0,0,1024,128,0.08838834764831845,128,896,6.257627547854288e-05,0.00013265196473597087
qwen15,qwen,989aa7980e4cf806f80c7fef2b1adb7bc71aa306,pride,1,1,0,1024,128,0.08838834764831845,128,896,8.169644251925615e-05,0.0002035841724972386
qwen15,qwen,989aa7980e4cf806f80c7fef2b1adb7bc71aa306,pride,1,2,0,1024,128,0.08838834764831845,128,896,0.0005668092343635181,0.0012320117466262449
qwen15,qwen,989aa7980e4cf806f80c7fef2b1adb7bc71aa306,pride,1,3,0,1024,128,0.08838834764831845,128,896,0.0002361538869341202,0.0004577386673526901
qwen15,qwen,989aa7980e4cf806f80c7fef2b1adb7bc71aa306,pride,1,4,0,1024,128,0.08838834764831845,128,896,0.00011613312682437664,0.00019187030460568206
qwen15,qwen,989aa7980e4cf806f80c7fef2b1adb7bc71aa306,pride,1,5,0,1024,128,0.08838834764831845,128,896,0.009148261126202794,0.016997808203710062
qwen15,qwen,989aa7980e4cf806f80c7fef2b1adb7bc71aa306,pride,1,6,1,1024,128,0.08838834764831845,128,896,0.0027069679632523045,0.0065282664725270926
qwen15,qwen,989aa7980e4cf806f80c7fef2b1adb7bc71aa306,pride,1,7,1,1024,128,0.08838834764831845,128,896,0.004120217189330843,0.009947788788606877
qwen15,qwen,989aa7980e4cf806f80c7fef2b1adb7bc71aa306,pride,1,8,1,1024,128,0.08838834764831845,128,896,0.006203902669196875,0.013513419760867283
qwen15,qwen,989aa7980e4cf806f80c7fef2b1adb7bc71aa306,pride,1,9,1,1024,128,0.08838834764831845,128,896,0.0016906428524229213,0.0035675163880973153
qwen15,qwen,989aa7980e4cf806f80c7fef2b1adb7bc71aa306,pride,1,10,1,1024,128,0.08838834764831845,128,896,0.0015051597406601422,0.003695081660557467
qwen15,qwen,989aa7980e4cf806f80c7fef2b1adb7bc71aa306,pride,1,11,1,1024,128,0.08838834764831845,128,896,0.0011979933972049981,0.003846325037221693
qwen15,qwen,989aa7980e4cf806f80c7fef2b1adb7bc71aa306,alice,2,0,0,1024,128,0.08838834764831845,128,896,0.4302995560330742,0.4310597839072866
qwen15,qwen,989aa7980e4cf806f80c7fef2b1adb7bc71aa306,alice,2,1,0,1024,128,0.08838834764831845,128,896,0.22624419050646508,0.22778247091276158
qwen15,qwen,989aa7980e4cf806f80c7fef2b1adb7bc71aa306,alice,2,2,0,1024,128,0.08838834764831845,128,896,0.22341533275153785,0.2312717550502445
qwen15,qwen,989aa7980e4cf806f80c7fef2b1adb7bc71aa306,alice,2,3,0,1024,128,0.08838834764831845,128,896,0.5318169398932657,0.5361245129904046
qwen15,qwen,989aa7980e4cf806f80c7fef2b1adb7bc71aa306,alice,2,4,0,1024,128,0.08838834764831845,128,896,0.42656023849875085,0.4280188685437732
qwen15,qwen,989aa7980e4cf806f80c7fef2b1adb7bc71aa306,alice,2,5,0,1024,128,0.08838834764831845,128,896,0.29251642168864095,0.29496073908889603
qwen15,qwen,989aa7980e4cf806f80c7fef2b1adb7bc71aa306,alice,2,6,1,1024,128,0.08838834764831845,128,896,0.4768308660589617,0.47800992972888173
qwen15,qwen,989aa7980e4cf806f80c7fef2b1adb7bc71aa306,alice,2,7,1,1024,128,0.08838834764831845,128,896,0.2920524310782269,0.29248912259581444
qwen15,qwen,989aa7980e4cf806f80c7fef2b1adb7bc71aa306,alice,2,8,1,1024,128,0.08838834764831845,128,896,0.3223515564252427,0.3228374565410495
qwen15,qwen,989aa7980e4cf806f80c7fef2b1adb7bc71aa306,alice,2,9,1,1024,128,0.08838834764831845,128,896,0.3468091117271657,0.3479716997210519
qwen15,qwen,989aa7980e4cf806f80c7fef2b1adb7bc71aa306,alice,2,10,1,1024,128,0.08838834764831845,128,896,0.4064651825700679,0.4073450960603396
qwen15,qwen,989aa7980e4cf806f80c7fef2b1adb7bc71aa306,alice,2,11,1,1024,128,0.08838834764831845,128,896,0.29156672564885827,0.29230462575504873
qwen15,qwen,989aa7980e4cf806f80c7fef2b1adb7bc71aa306,moby,2,0,0,1024,128,0.08838834764831845,128,896,0.42601884505127796,0.42682115381003705
qwen15,qwen,989aa7980e4cf806f80c7fef2b1adb7bc71aa306,moby,2,1,0,1024,128,0.08838834764831845,128,896,0.2665709615540624,0.26782085150606344
qwen15,qwen,989aa7980e4cf806f80c7fef2b1adb7bc71aa306,moby,2,2,0,1024,128,0.08838834764831845,128,896,0.1886439720295061,0.20046287615950847
qwen15,qwen,989aa7980e4cf806f80c7fef2b1adb7bc71aa306,moby,2,3,0,1024,128,0.08838834764831845,128,896,0.5685918867941722,0.5702837523856371
qwen15,qwen,989aa7980e4cf806f80c7fef2b1adb7bc71aa306,moby,2,4,0,1024,128,0.08838834764831845,128,896,0.4553347802194672,0.4561055761437177
qwen15,qwen,989aa7980e4cf806f80c7fef2b1adb7bc71aa306,moby,2,5,0,1024,128,0.08838834764831845,128,896,0.19445938208753136,0.19645207451549146
qwen15,qwen,989aa7980e4cf806f80c7fef2b1adb7bc71aa306,moby,2,6,1,1024,128,0.08838834764831845,128,896,0.4265508718002074,0.4281822234676654
qwen15,qwen,989aa7980e4cf806f80c7fef2b1adb7bc71aa306,moby,2,7,1,1024,128,0.08838834764831845,128,896,0.3361445541160751,0.33679308124326485
qwen15,qwen,989aa7980e4cf806f80c7fef2b1adb7bc71aa306,moby,2,8,1,1024,128,0.08838834764831845,128,896,0.30625396290393647,0.30660178329486315
qwen15,qwen,989aa7980e4cf806f80c7fef2b1adb7bc71aa306,moby,2,9,1,1024,128,0.08838834764831845,128,896,0.3679211130481516,0.36874651157799315
qwen15,qwen,989aa7980e4cf806f80c7fef2b1adb7bc71aa306,moby,2,10,1,1024,128,0.08838834764831845,128,896,0.4168281689806485,0.41775678255229337
qwen15,qwen,989aa7980e4cf806f80c7fef2b1adb7bc71aa306,moby,2,11,1,1024,128,0.08838834764831845,128,896,0.38833055426382485,0.3890107883436239
qwen15,qwen,989aa7980e4cf806f80c7fef2b1adb7bc71aa306,pride,2,0,0,1024,128,0.08838834764831845,128,896,0.4708451573464471,0.47106571339489206
qwen15,qwen,989aa7980e4cf806f80c7fef2b1adb7bc71aa306,pride,2,1,0,1024,128,0.08838834764831845,128,896,0.25443476307846746,0.25496548114446616
qwen15,qwen,989aa7980e4cf806f80c7fef2b1adb7bc71aa306,pride,2,2,0,1024,128,0.08838834764831845,128,896,0.2365281317241436,0.23896165893515484
qwen15,qwen,989aa7980e4cf806f80c7fef2b1adb7bc71aa306,pride,2,3,0,1024,128,0.08838834764831845,128,896,0.4922196919552712,0.49321660275206064
qwen15,qwen,989aa7980e4cf806f80c7fef2b1adb7bc71aa306,pride,2,4,0,1024,128,0.08838834764831845,128,896,0.42665458848946286,0.4280042311808648
qwen15,qwen,989aa7980e4cf806f80c7fef2b1adb7bc71aa306,pride,2,5,0,1024,128,0.08838834764831845,128,896,0.294931979283712,0.29598258476364914
qwen15,qwen,989aa7980e4cf806f80c7fef2b1adb7bc71aa306,pride,2,6,1,1024,128,0.08838834764831845,128,896,0.4813385509921276,0.48274289261690084
qwen15,qwen,989aa7980e4cf806f80c7fef2b1adb7bc71aa306,pride,2,7,1,1024,128,0.08838834764831845,128,896,0.3035002217174027,0.30401739012088325
qwen15,qwen,989aa7980e4cf806f80c7fef2b1adb7bc71aa306,pride,2,8,1,1024,128,0.08838834764831845,128,896,0.3214179098360071,0.32186566081286133
qwen15,qwen,989aa7980e4cf806f80c7fef2b1adb7bc71aa306,pride,2,9,1,1024,128,0.08838834764831845,128,896,0.3471359980355024,0.3481353707655127
qwen15,qwen,989aa7980e4cf806f80c7fef2b1adb7bc71aa306,pride,2,10,1,1024,128,0.08838834764831845,128,896,0.4349608570284418,0.43562244875811584
qwen15,qwen,989aa7980e4cf806f80c7fef2b1adb7bc71aa306,pride,2,11,1,1024,128,0.08838834764831845,128,896,0.3219114604399898,0.32296883487294137
qwen15,qwen,989aa7980e4cf806f80c7fef2b1adb7bc71aa306,alice,3,0,0,1024,128,0.08838834764831845,128,896,0.3871130029403847,0.38728372102819053
qwen15,qwen,989aa7980e4cf806f80c7fef2b1adb7bc71aa306,alice,3,1,0,1024,128,0.08838834764831845,128,896,0.4665417233166829,0.4667677719444243
qwen15,qwen,989aa7980e4cf806f80c7fef2b1adb7bc71aa306,alice,3,2,0,1024,128,0.08838834764831845,128,896,0.4747773721138314,0.4749969351992803
qwen15,qwen,989aa7980e4cf806f80c7fef2b1adb7bc71aa306,alice,3,3,0,1024,128,0.08838834764831845,128,896,0.5663263308919182,0.5665912268009664
qwen15,qwen,989aa7980e4cf806f80c7fef2b1adb7bc71aa306,alice,3,4,0,1024,128,0.08838834764831845,128,896,0.5375872795304115,0.5388353388494356
qwen15,qwen,989aa7980e4cf806f80c7fef2b1adb7bc71aa306,alice,3,5,0,1024,128,0.08838834764831845,128,896,0.4906985328061198,0.4911025437128057
qwen15,qwen,989aa7980e4cf806f80c7fef2b1adb7bc71aa306,alice,3,6,1,1024,128,0.08838834764831845,128,896,0.22514198780414368,0.22583960930949137
qwen15,qwen,989aa7980e4cf806f80c7fef2b1adb7bc71aa306,alice,3,7,1,1024,128,0.08838834764831845,128,896,0.2859055321508596,0.2908301046172924
qwen15,qwen,989aa7980e4cf806f80c7fef2b1adb7bc71aa306,alice,3,8,1,1024,128,0.08838834764831845,128,896,0.15211884374699353,0.15323874653065464
qwen15,qwen,989aa7980e4cf806f80c7fef2b1adb7bc71aa306,alice,3,9,1,1024,128,0.08838834764831845,128,896,0.23588896687719227,0.24065787918840803
qwen15,qwen,989aa7980e4cf806f80c7fef2b1adb7bc71aa306,alice,3,10,1,1024,128,0.08838834764831845,128,896,0.32050747025136694,0.32154075563714607
qwen15,qwen,989aa7980e4cf806f80c7fef2b1adb7bc71aa306,alice,3,11,1,1024,128,0.08838834764831845,128,896,0.1525180810446515,0.16178930804947764
qwen15,qwen,989aa7980e4cf806f80c7fef2b1adb7bc71aa306,moby,3,0,0,1024,128,0.08838834764831845,128,896,0.38639112387919944,0.3866517374750512
qwen15,qwen,989aa7980e4cf806f80c7fef2b1adb7bc71aa306,moby,3,1,0,1024,128,0.08838834764831845,128,896,0.5206016240874772,0.5209674922641124
qwen15,qwen,989aa7980e4cf806f80c7fef2b1adb7bc71aa306,moby,3,2,0,1024,128,0.08838834764831845,128,896,0.49754551354780696,0.49782733580494093
qwen15,qwen,989aa7980e4cf806f80c7fef2b1adb7bc71aa306,moby,3,3,0,1024,128,0.08838834764831845,128,896,0.603343481745622,0.6038502745509676
qwen15,qwen,989aa7980e4cf806f80c7fef2b1adb7bc71aa306,moby,3,4,0,1024,128,0.08838834764831845,128,896,0.5540540408182648,0.5547233521375333
qwen15,qwen,989aa7980e4cf806f80c7fef2b1adb7bc71aa306,moby,3,5,0,1024,128,0.08838834764831845,128,896,0.48742210125247454,0.48799828130779066
qwen15,qwen,989aa7980e4cf806f80c7fef2b1adb7bc71aa306,moby,3,6,1,1024,128,0.08838834764831845,128,896,0.2509179428301937,0.25190783283341267
qwen15,qwen,989aa7980e4cf806f80c7fef2b1adb7bc71aa306,moby,3,7,1,1024,128,0.08838834764831845,128,896,0.32801121382200954,0.3350636120508503
qwen15,qwen,989aa7980e4cf806f80c7fef2b1adb7bc71aa306,moby,3,8,1,1024,128,0.08838834764831845,128,896,0.14494874240718805,0.14618729289674737
qwen15,qwen,989aa7980e4cf806f80c7fef2b1adb7bc71aa306,moby,3,9,1,1024,128,0.08838834764831845,128,896,0.27524386598990674,0.27793052655667344
qwen15,qwen,989aa7980e4cf806f80c7fef2b1adb7bc71aa306,moby,3,10,1,1024,128,0.08838834764831845,128,896,0.3191546549058105,0.3203228692328896
qwen15,qwen,989aa7980e4cf806f80c7fef2b1adb7bc71aa306,moby,3,11,1,1024,128,0.08838834764831845,128,896,0.16436128352157625,0.18016132804330715
qwen15,qwen,989aa7980e4cf806f80c7fef2b1adb7bc71aa306,pride,3,0,0,1024,128,0.08838834764831845,128,896,0.4201966188122467,0.42033019436032476
qwen15,qwen,989aa7980e4cf806f80c7fef2b1adb7bc71aa306,pride,3,1,0,1024,128,0.08838834764831845,128,896,0.4908572934490186,0.49115624572166444
qwen15,qwen,989aa7980e4cf806f80c7fef2b1adb7bc71aa306,pride,3,2,0,1024,128,0.08838834764831845,128,896,0.4823236063002607,0.4824846653309817
qwen15,qwen,989aa7980e4cf806f80c7fef2b1adb7bc71aa306,pride,3,3,0,1024,128,0.08838834764831845,128,896,0.5956946764163726,0.5959790204892981
qwen15,qwen,989aa7980e4cf806f80c7fef2b1adb7bc71aa306,pride,3,4,0,1024,128,0.08838834764831845,128,896,0.5624739591396716,0.563081749128811
qwen15,qwen,989aa7980e4cf806f80c7fef2b1adb7bc71aa306,pride,3,5,0,1024,128,0.08838834764831845,128,896,0.49730476835238946,0.49784522577264717
qwen15,qwen,989aa7980e4cf806f80c7fef2b1adb7bc71aa306,pride,3,6,1,1024,128,0.08838834764831845,128,896,0.22947819503139044,0.22985917900299505
qwen15,qwen,989aa7980e4cf806f80c7fef2b1adb7bc71aa306,pride,3,7,1,1024,128,0.08838834764831845,128,896,0.2594790603348729,0.26089005751314176
qwen15,qwen,989aa7980e4cf806f80c7fef2b1adb7bc71aa306,pride,3,8,1,1024,128,0.08838834764831845,128,896,0.1278437385446868,0.12828534988446555
qwen15,qwen,989aa7980e4cf806f80c7fef2b1adb7bc71aa306,pride,3,9,1,1024,128,0.08838834764831845,128,896,0.2201706206926986,0.22101794036672334
qwen15,qwen,989aa7980e4cf806f80c7fef2b1adb7bc71aa306,pride,3,10,1,1024,128,0.08838834764831845,128,896,0.35260507938177627,0.35285600103065945
qwen15,qwen,989aa7980e4cf806f80c7fef2b1adb7bc71aa306,pride,3,11,1,1024,128,0.08838834764831845,128,896,0.1219191488813333,0.1244852887218965
qwen15,qwen,989aa7980e4cf806f80c7fef2b1adb7bc71aa306,alice,4,0,0,1024,128,0.08838834764831845,128,896,0.5635962421088184,0.5655049598980486
qwen15,qwen,989aa7980e4cf806f80c7fef2b1adb7bc71aa306,alice,4,1,0,1024,128,0.08838834764831845,128,896,0.400391689246306,0.4035095748967394
qwen15,qwen,989aa7980e4cf806f80c7fef2b1adb7bc71aa306,alice,4,2,0,1024,128,0.08838834764831845,128,896,0.526926610934061,0.5273246203139986
qwen15,qwen,989aa7980e4cf806f80c7fef2b1adb7bc71aa306,alice,4,3,0,1024,128,0.08838834764831845,128,896,0.311189687521042,0.31295494485212183
qwen15,qwen,989aa7980e4cf806f80c7fef2b1adb7bc71aa306,alice,4,4,0,1024,128,0.08838834764831845,128,896,0.43473524805115094,0.43654108015873805
qwen15,qwen,989aa7980e4cf806f80c7fef2b1adb7bc71aa306,alice,4,5,0,1024,128,0.08838834764831845,128,896,0.3446066640145915,0.3453149574218098
qwen15,qwen,989aa7980e4cf806f80c7fef2b1adb7bc71aa306,alice,4,6,1,1024,128,0.08838834764831845,128,896,0.41499502881561773,0.41510450116973574
qwen15,qwen,989aa7980e4cf806f80c7fef2b1adb7bc71aa306,alice,4,7,1,1024,128,0.08838834764831845,128,896,0.5061414690912827,0.506314858167238
qwen15,qwen,989aa7980e4cf806f80c7fef2b1adb7bc71aa306,alice,4,8,1,1024,128,0.08838834764831845,128,896,0.5327080350826969,0.5329352844752634
qwen15,qwen,989aa7980e4cf806f80c7fef2b1adb7bc71aa306,alice,4,9,1,1024,128,0.08838834764831845,128,896,0.52794321714075,0.5280730903272027
qwen15,qwen,989aa7980e4cf806f80c7fef2b1adb7bc71aa306,alice,4,10,1,1024,128,0.08838834764831845,128,896,0.6127144093541981,0.6143754651042761
qwen15,qwen,989aa7980e4cf806f80c7fef2b1adb7bc71aa306,alice,4,11,1,1024,128,0.08838834764831845,128,896,0.6175871750692619,0.6178909456088499
qwen15,qwen,989aa7980e4cf806f80c7fef2b1adb7bc71aa306,moby,4,0,0,1024,128,0.08838834764831845,128,896,0.4884985090257275,0.4941633360285912
qwen15,qwen,989aa7980e4cf806f80c7fef2b1adb7bc71aa306,moby,4,1,0,1024,128,0.08838834764831845,128,896,0.3606066277206782,0.37498487278056825
qwen15,qwen,989aa7980e4cf806f80c7fef2b1adb7bc71aa306,moby,4,2,0,1024,128,0.08838834764831845,128,896,0.5154611881615039,0.5167694193279986
qwen15,qwen,989aa7980e4cf806f80c7fef2b1adb7bc71aa306,moby,4,3,0,1024,128,0.08838834764831845,128,896,0.26473102595826614,0.26926323530623214
qwen15,qwen,989aa7980e4cf806f80c7fef2b1adb7bc71aa306,moby,4,4,0,1024,128,0.08838834764831845,128,896,0.38057837397736105,0.3825031073099562
qwen15,qwen,989aa7980e4cf806f80c7fef2b1adb7bc71aa306,moby,4,5,0,1024,128,0.08838834764831845,128,896,0.38981501303596006,0.39055253473963936
qwen15,qwen,989aa7980e4cf806f80c7fef2b1adb7bc71aa306,moby,4,6,1,1024,128,0.08838834764831845,128,896,0.40933825559809556,0.40963403203720006
qwen15,qwen,989aa7980e4cf806f80c7fef2b1adb7bc71aa306,moby,4,7,1,1024,128,0.08838834764831845,128,896,0.5389290188452555,0.5391549370617275
qwen15,qwen,989aa7980e4cf806f80c7fef2b1adb7bc71aa306,moby,4,8,1,1024,128,0.08838834764831845,128,896,0.5349910378241604,0.5353862167968538
qwen15,qwen,989aa7980e4cf806f80c7fef2b1adb7bc71aa306,moby,4,9,1,1024,128,0.08838834764831845,128,896,0.5670644115064347,0.5675490060783431
qwen15,qwen,989aa7980e4cf806f80c7fef2b1adb7bc71aa306,moby,4,10,1,1024,128,0.08838834764831845,128,896,0.6117581366579451,0.6136454374315067
qwen15,qwen,989aa7980e4cf806f80c7fef2b1adb7bc71aa306,moby,4,11,1,1024,128,0.08838834764831845,128,896,0.6045261397117564,0.6050282766606359
qwen15,qwen,989aa7980e4cf806f80c7fef2b1adb7bc71aa306,pride,4,0,0,1024,128,0.08838834764831845,128,896,0.6222125145658663,0.6229156934414296
qwen15,qwen,989aa7980e4cf806f80c7fef2b1adb7bc71aa306,pride,4,1,0,1024,128,0.08838834764831845,128,896,0.403527086424038,0.4049256508354124
qwen15,qwen,989aa7980e4cf806f80c7fef2b1adb7bc71aa306,pride,4,2,0,1024,128,0.08838834764831845,128,896,0.6169543854894097,0.6173029351849016
qwen15,qwen,989aa7980e4cf806f80c7fef2b1adb7bc71aa306,pride,4,3,0,1024,128,0.08838834764831845,128,896,0.33177220039892863,0.33332561665238736
qwen15,qwen,989aa7980e4cf806f80c7fef2b1adb7bc71aa306,pride,4,4,0,1024,128,0.08838834764831845,128,896,0.43678802584861964,0.4375371951683902
qwen15,qwen,989aa7980e4cf806f80c7fef2b1adb7bc71aa306,pride,4,5,0,1024,128,0.08838834764831845,128,896,0.33762497774582495,0.3382596011927803
qwen15,qwen,989aa7980e4cf806f80c7fef2b1adb7bc71aa306,pride,4,6,1,1024,128,0.08838834764831845,128,896,0.45047788526236376,0.45057262396174286
qwen15,qwen,989aa7980e4cf806f80c7fef2b1adb7bc71aa306,pride,4,7,1,1024,128,0.08838834764831845,128,896,0.5454120223646599,0.5454933105186167
qwen15,qwen,989aa7980e4cf806f80c7fef2b1adb7bc71aa306,pride,4,8,1,1024,128,0.08838834764831845,128,896,0.5933106364657504,0.5934014835664411
qwen15,qwen,989aa7980e4cf806f80c7fef2b1adb7bc71aa306,pride,4,9,1,1024,128,0.08838834764831845,128,896,0.5967224846963305,0.5968370355064206
qwen15,qwen,989aa7980e4cf806f80c7fef2b1adb7bc71aa306,pride,4,10,1,1024,128,0.08838834764831845,128,896,0.5976876802872978,0.5989771273725368
qwen15,qwen,989aa7980e4cf806f80c7fef2b1adb7bc71aa306,pride,4,11,1,1024,128,0.08838834764831845,128,896,0.6627474748342631,0.6629808876525376
qwen15,qwen,989aa7980e4cf806f80c7fef2b1adb7bc71aa306,alice,5,0,0,1024,128,0.08838834764831845,128,896,0.3493648029199461,0.3500673112778128
qwen15,qwen,989aa7980e4cf806f80c7fef2b1adb7bc71aa306,alice,5,1,0,1024,128,0.08838834764831845,128,896,0.15265587237603714,0.15285855721377326
qwen15,qwen,989aa7980e4cf806f80c7fef2b1adb7bc71aa306,alice,5,2,0,1024,128,0.08838834764831845,128,896,0.2503605490347372,0.25166922854833296
qwen15,qwen,989aa7980e4cf806f80c7fef2b1adb7bc71aa306,alice,5,3,0,1024,128,0.08838834764831845,128,896,0.3356366291009408,0.33687481663032254
qwen15,qwen,989aa7980e4cf806f80c7fef2b1adb7bc71aa306,alice,5,4,0,1024,128,0.08838834764831845,128,896,0.12454227308159616,0.13250575698140352
qwen15,qwen,989aa7980e4cf806f80c7fef2b1adb7bc71aa306,alice,5,5,0,1024,128,0.08838834764831845,128,896,0.20412414308605684,0.20962090136165606
qwen15,qwen,989aa7980e4cf806f80c7fef2b1adb7bc71aa306,alice,5,6,1,1024,128,0.08838834764831845,128,896,0.3245783564279297,0.3251033186322242
qwen15,qwen,989aa7980e4cf806f80c7fef2b1adb7bc71aa306,alice,5,7,1,1024,128,0.08838834764831845,128,896,0.6309884221849039,0.6313575892998013
qwen15,qwen,989aa7980e4cf806f80c7fef2b1adb7bc71aa306,alice,5,8,1,1024,128,0.08838834764831845,128,896,0.3104542258647208,0.3106537344953728
qwen15,qwen,989aa7980e4cf806f80c7fef2b1adb7bc71aa306,alice,5,9,1,1024,128,0.08838834764831845,128,896,0.7292106837915001,0.7293209453862565
qwen15,qwen,989aa7980e4cf806f80c7fef2b1adb7bc71aa306,alice,5,10,1,1024,128,0.08838834764831845,128,896,0.597019428850551,0.5972607511867286
qwen15,qwen,989aa7980e4cf806f80c7fef2b1adb7bc71aa306,alice,5,11,1,1024,128,0.08838834764831845,128,896,0.6234669109748862,0.6255263726554582
qwen15,qwen,989aa7980e4cf806f80c7fef2b1adb7bc71aa306,moby,5,0,0,1024,128,0.08838834764831845,128,896,0.34192896675229906,0.343992015938221
qwen15,qwen,989aa7980e4cf806f80c7fef2b1adb7bc71aa306,moby,5,1,0,1024,128,0.08838834764831845,128,896,0.1848534214035606,0.18513997297156568
qwen15,qwen,989aa7980e4cf806f80c7fef2b1adb7bc71aa306,moby,5,2,0,1024,128,0.08838834764831845,128,896,0.22828375541694718,0.2297958697467332
qwen15,qwen,989aa7980e4cf806f80c7fef2b1adb7bc71aa306,moby,5,3,0,1024,128,0.08838834764831845,128,896,0.358911834317048,0.36158638489520734
qwen15,qwen,989aa7980e4cf806f80c7fef2b1adb7bc71aa306,moby,5,4,0,1024,128,0.08838834764831845,128,896,0.09474971745690312,0.16962849171359626
qwen15,qwen,989aa7980e4cf806f80c7fef2b1adb7bc71aa306,moby,5,5,0,1024,128,0.08838834764831845,128,896,0.1879473142280101,0.19535837662710592
qwen15,qwen,989aa7980e4cf806f80c7fef2b1adb7bc71aa306,moby,5,6,1,1024,128,0.08838834764831845,128,896,0.3989212211017509,0.3993006982113125
qwen15,qwen,989aa7980e4cf806f80c7fef2b1adb7bc71aa306,moby,5,7,1,1024,128,0.08838834764831845,128,896,0.6154697286221161,0.6156641354564412
qwen15,qwen,989aa7980e4cf806f80c7fef2b1adb7bc71aa306,moby,5,8,1,1024,128,0.08838834764831845,128,896,0.3302150667278948,0.3303333124643698
qwen15,qwen,989aa7980e4cf806f80c7fef2b1adb7bc71aa306,moby,5,9,1,1024,128,0.08838834764831845,128,896,0.7273711352208713,0.7274469854341987
qwen15,qwen,989aa7980e4cf806f80c7fef2b1adb7bc71aa306,moby,5,10,1,1024,128,0.08838834764831845,128,896,0.5701729414054948,0.5704398680557273
qwen15,qwen,989aa7980e4cf806f80c7fef2b1adb7bc71aa306,moby,5,11,1,1024,128,0.08838834764831845,128,896,0.6170362942210589,0.6185100675694416
qwen15,qwen,989aa7980e4cf806f80c7fef2b1adb7bc71aa306,pride,5,0,0,1024,128,0.08838834764831845,128,896,0.376786361888549,0.37737802610188353
qwen15,qwen,989aa7980e4cf806f80c7fef2b1adb7bc71aa306,pride,5,1,0,1024,128,0.08838834764831845,128,896,0.13616785118909117,0.13628357877974312
qwen15,qwen,989aa7980e4cf806f80c7fef2b1adb7bc71aa306,pride,5,2,0,1024,128,0.08838834764831845,128,896,0.3045641546268704,0.3051495206918027
qwen15,qwen,989aa7980e4cf806f80c7fef2b1adb7bc71aa306,pride,5,3,0,1024,128,0.08838834764831845,128,896,0.34654035051098847,0.3487977194140486
qwen15,qwen,989aa7980e4cf806f80c7fef2b1adb7bc71aa306,pride,5,4,0,1024,128,0.08838834764831845,128,896,0.1043584225837231,0.10697431310883691
qwen15,qwen,989aa7980e4cf806f80c7fef2b1adb7bc71aa306,pride,5,5,0,1024,128,0.08838834764831845,128,896,0.2576658884935768,0.25903739811755233
qwen15,qwen,989aa7980e4cf806f80c7fef2b1adb7bc71aa306,pride,5,6,1,1024,128,0.08838834764831845,128,896,0.32709734929872647,0.3272640244947368
qwen15,qwen,989aa7980e4cf806f80c7fef2b1adb7bc71aa306,pride,5,7,1,1024,128,0.08838834764831845,128,896,0.6334214388261883,0.6334701469219411
qwen15,qwen,989aa7980e4cf806f80c7fef2b1adb7bc71aa306,pride,5,8,1,1024,128,0.08838834764831845,128,896,0.36864538322883045,0.3686874312767022
qwen15,qwen,989aa7980e4cf806f80c7fef2b1adb7bc71aa306,pride,5,9,1,1024,128,0.08838834764831845,128,896,0.7324259772305995,0.7324450636129025
qwen15,qwen,989aa7980e4cf806f80c7fef2b1adb7bc71aa306,pride,5,10,1,1024,128,0.08838834764831845,128,896,0.6038329986628515,0.6038460707699365
qwen15,qwen,989aa7980e4cf806f80c7fef2b1adb7bc71aa306,pride,5,11,1,1024,128,0.08838834764831845,128,896,0.5878335573741935,0.5879967001903973
qwen15,qwen,989aa7980e4cf806f80c7fef2b1adb7bc71aa306,alice,6,0,0,1024,128,0.08838834764831845,128,896,0.2583912660012943,0.2598352895673251
qwen15,qwen,989aa7980e4cf806f80c7fef2b1adb7bc71aa306,alice,6,1,0,1024,128,0.08838834764831845,128,896,0.7474533371523593,0.7478917693527419
qwen15,qwen,989aa7980e4cf806f80c7fef2b1adb7bc71aa306,alice,6,2,0,1024,128,0.08838834764831845,128,896,0.18951356555870127,0.18992988246018935
qwen15,qwen,989aa7980e4cf806f80c7fef2b1adb7bc71aa306,alice,6,3,0,1024,128,0.08838834764831845,128,896,0.30862778249719486,0.30956147238938436
qwen15,qwen,989aa7980e4cf806f80c7fef2b1adb7bc71aa306,alice,6,4,0,1024,128,0.08838834764831845,128,896,0.37516266287791045,0.37598645851955714
qwen15,qwen,989aa7980e4cf806f80c7fef2b1adb7bc71aa306,alice,6,5,0,1024,128,0.08838834764831845,128,896,0.24734947561923937,0.24745455512221973
qwen15,qwen,989aa7980e4cf806f80c7fef2b1adb7bc71aa306,alice,6,6,1,1024,128,0.08838834764831845,128,896,0.6314167721848281,0.6315525971928293
qwen15,qwen,989aa7980e4cf806f80c7fef2b1adb7bc71aa306,alice,6,7,1,1024,128,0.08838834764831845,128,896,0.6355052279921589,0.637469232373321
qwen15,qwen,989aa7980e4cf806f80c7fef2b1adb7bc71aa306,alice,6,8,1,1024,128,0.08838834764831845,128,896,0.6186711377727171,0.6186990523703404
qwen15,qwen,989aa7980e4cf806f80c7fef2b1adb7bc71aa306,alice,6,9,1,1024,128,0.08838834764831845,128,896,0.9260035923939485,0.9270988468299736
qwen15,qwen,989aa7980e4cf806f80c7fef2b1adb7bc71aa306,alice,6,10,1,1024,128,0.08838834764831845,128,896,0.5004214375428807,0.5005530985240545
qwen15,qwen,989aa7980e4cf806f80c7fef2b1adb7bc71aa306,alice,6,11,1,1024,128,0.08838834764831845,128,896,0.49176124190178566,0.491870105211356
qwen15,qwen,989aa7980e4cf806f80c7fef2b1adb7bc71aa306,moby,6,0,0,1024,128,0.08838834764831845,128,896,0.20400900808347414,0.20663121232425477
qwen15,qwen,989aa7980e4cf806f80c7fef2b1adb7bc71aa306,moby,6,1,0,1024,128,0.08838834764831845,128,896,0.7790926741671551,0.7793464292832163
qwen15,qwen,989aa7980e4cf806f80c7fef2b1adb7bc71aa306,moby,6,2,0,1024,128,0.08838834764831845,128,896,0.19535521679653808,0.1959412812372807
qwen15,qwen,989aa7980e4cf806f80c7fef2b1adb7bc71aa306,moby,6,3,0,1024,128,0.08838834764831845,128,896,0.26585673555255335,0.26657416145678314
qwen15,qwen,989aa7980e4cf806f80c7fef2b1adb7bc71aa306,moby,6,4,0,1024,128,0.08838834764831845,128,896,0.44331433343652,0.44401017549789595
qwen15,qwen,989aa7980e4cf806f80c7fef2b1adb7bc71aa306,moby,6,5,0,1024,128,0.08838834764831845,128,896,0.26786823394828957,0.26801125069887133
qwen15,qwen,989aa7980e4cf806f80c7fef2b1adb7bc71aa306,moby,6,6,1,1024,128,0.08838834764831845,128,896,0.6800072424492649,0.6801644432374706
qwen15,qwen,989aa7980e4cf806f80c7fef2b1adb7bc71aa306,moby,6,7,1,1024,128,0.08838834764831845,128,896,0.6684455867876568,0.6715178405342924
qwen15,qwen,989aa7980e4cf806f80c7fef2b1adb7bc71aa306,moby,6,8,1,1024,128,0.08838834764831845,128,896,0.6354468046018298,0.6355123361210424
qwen15,qwen,989aa7980e4cf806f80c7fef2b1adb7bc71aa306,moby,6,9,1,1024,128,0.08838834764831845,128,896,0.9364588258681001,0.9376235531144601
qwen15,qwen,989aa7980e4cf806f80c7fef2b1adb7bc71aa306,moby,6,10,1,1024,128,0.08838834764831845,128,896,0.480266216302724,0.4804239870544345
qwen15,qwen,989aa7980e4cf806f80c7fef2b1adb7bc71aa306,moby,6,11,1,1024,128,0.08838834764831845,128,896,0.5153768494533258,0.5154882466946844
qwen15,qwen,989aa7980e4cf806f80c7fef2b1adb7bc71aa306,pride,6,0,0,1024,128,0.08838834764831845,128,896,0.2992337775117863,0.2997016241430976
qwen15,qwen,989aa7980e4cf806f80c7fef2b1adb7bc71aa306,pride,6,1,0,1024,128,0.08838834764831845,128,896,0.7560349903966631,0.756311560357916
qwen15,qwen,989aa7980e4cf806f80c7fef2b1adb7bc71aa306,pride,6,2,0,1024,128,0.08838834764831845,128,896,0.2013658844386664,0.20154249846328007
qwen15,qwen,989aa7980e4cf806f80c7fef2b1adb7bc71aa306,pride,6,3,0,1024,128,0.08838834764831845,128,896,0.3495654860436675,0.34984032113471314
qwen15,qwen,989aa7980e4cf806f80c7fef2b1adb7bc71aa306,pride,6,4,0,1024,128,0.08838834764831845,128,896,0.37951425986648263,0.38020846149304177
qwen15,qwen,989aa7980e4cf806f80c7fef2b1adb7bc71aa306,pride,6,5,0,1024,128,0.08838834764831845,128,896,0.2392251675954183,0.2393020075240538
qwen15,qwen,989aa7980e4cf806f80c7fef2b1adb7bc71aa306,pride,6,6,1,1024,128,0.08838834764831845,128,896,0.6121318726830698,0.6121534646521816
qwen15,qwen,989aa7980e4cf806f80c7fef2b1adb7bc71aa306,pride,6,7,1,1024,128,0.08838834764831845,128,896,0.5842337881823989,0.5847980609226385
qwen15,qwen,989aa7980e4cf806f80c7fef2b1adb7bc71aa306,pride,6,8,1,1024,128,0.08838834764831845,128,896,0.6392179623654687,0.6392440389049898
qwen15,qwen,989aa7980e4cf806f80c7fef2b1adb7bc71aa306,pride,6,9,1,1024,128,0.08838834764831845,128,896,0.911276105335407,0.9122549222888008
qwen15,qwen,989aa7980e4cf806f80c7fef2b1adb7bc71aa306,pride,6,10,1,1024,128,0.08838834764831845,128,896,0.5096344985582014,0.5097135779999844
qwen15,qwen,989aa7980e4cf806f80c7fef2b1adb7bc71aa306,pride,6,11,1,1024,128,0.08838834764831845,128,896,0.5344274705886772,0.5344914189198928
qwen15,qwen,989aa7980e4cf806f80c7fef2b1adb7bc71aa306,alice,7,0,0,1024,128,0.08838834764831845,128,896,0.39867339678388813,0.40007958372010205
qwen15,qwen,989aa7980e4cf806f80c7fef2b1adb7bc71aa306,alice,7,1,0,1024,128,0.08838834764831845,128,896,0.2976978769226078,0.2978753742723524
qwen15,qwen,989aa7980e4cf806f80c7fef2b1adb7bc71aa306,alice,7,2,0,1024,128,0.08838834764831845,128,896,0.24876003399140667,0.2500726403297385
qwen15,qwen,989aa7980e4cf806f80c7fef2b1adb7bc71aa306,alice,7,3,0,1024,128,0.08838834764831845,128,896,0.2624912958456861,0.26271835841537555
qwen15,qwen,989aa7980e4cf806f80c7fef2b1adb7bc71aa306,alice,7,4,0,1024,128,0.08838834764831845,128,896,0.11893105442007357,0.12291591881348285
qwen15,qwen,989aa7980e4cf806f80c7fef2b1adb7bc71aa306,alice,7,5,0,1024,128,0.08838834764831845,128,896,0.39867443194751423,0.39973623208075354
qwen15,qwen,989aa7980e4cf806f80c7fef2b1adb7bc71aa306,alice,7,6,1,1024,128,0.08838834764831845,128,896,0.11533887728659155,0.11750930852138229
qwen15,qwen,989aa7980e4cf806f80c7fef2b1adb7bc71aa306,alice,7,7,1,1024,128,0.08838834764831845,128,896,0.04751121907777468,0.047635020726837125
qwen15,qwen,989aa7980e4cf806f80c7fef2b1adb7bc71aa306,alice,7,8,1,1024,128,0.08838834764831845,128,896,0.09466270913328574,0.09477050089222624
qwen15,qwen,989aa7980e4cf806f80c7fef2b1adb7bc71aa306,alice,7,9,1,1024,128,0.08838834764831845,128,896,0.02393277556382751,0.024098440238185005
qwen15,qwen,989aa7980e4cf806f80c7fef2b1adb7bc71aa306,alice,7,10,1,1024,128,0.08838834764831845,128,896,0.17290711998223157,0.173488706430564
qwen15,qwen,989aa7980e4cf806f80c7fef2b1adb7bc71aa306,alice,7,11,1,1024,128,0.08838834764831845,128,896,0.09247308802827124,0.09370560707319735
qwen15,qwen,989aa7980e4cf806f80c7fef2b1adb7bc71aa306,moby,7,0,0,1024,128,0.08838834764831845,128,896,0.4153118354205962,0.4163141813026338
qwen15,qwen,989aa7980e4cf806f80c7fef2b1adb7bc71aa306,moby,7,1,0,1024,128,0.08838834764831845,128,896,0.25842357090689233,0.25886705635832036
qwen15,qwen,989aa7980e4cf806f80c7fef2b1adb7bc71aa306,moby,7,2,0,1024,128,0.08838834764831845,128,896,0.24708887610414512,0.25109712210084095
qwen15,qwen,989aa7980e4cf806f80c7fef2b1adb7bc71aa306,moby,7,3,0,1024,128,0.08838834764831845,128,896,0.27984789552490896,0.2801511091495742
qwen15,qwen,989aa7980e4cf806f80c7fef2b1adb7bc71aa306,moby,7,4,0,1024,128,0.08838834764831845,128,896,0.11991949425464311,0.13080307790565024
qwen15,qwen,989aa7980e4cf806f80c7fef2b1adb7bc71aa306,moby,7,5,0,1024,128,0.08838834764831845,128,896,0.36004224015991404,0.36105358729827136
qwen15,qwen,989aa7980e4cf806f80c7fef2b1adb7bc71aa306,moby,7,6,1,1024,128,0.08838834764831845,128,896,0.10835619839982295,0.11235282031200396
qwen15,qwen,989aa7980e4cf806f80c7fef2b1adb7bc71aa306,moby,7,7,1,1024,128,0.08838834764831845,128,896,0.0422445220752526,0.04235687862620152
qwen15,qwen,989aa7980e4cf806f80c7fef2b1adb7bc71aa306,moby,7,8,1,1024,128,0.08838834764831845,128,896,0.09126125436152646,0.09142457363836982
qwen15,qwen,989aa7980e4cf806f80c7fef2b1adb7bc71aa306,moby,7,9,1,1024,128,0.08838834764831845,128,896,0.022524932812285146,0.022702836690426494
qwen15,qwen,989aa7980e4cf806f80c7fef2b1adb7bc71aa306,moby,7,10,1,1024,128,0.08838834764831845,128,896,0.17541307456094404,0.17629644052383558
qwen15,qwen,989aa7980e4cf806f80c7fef2b1adb7bc71aa306,moby,7,11,1,1024,128,0.08838834764831845,128,896,0.09143831178325372,0.09390705624043309
qwen15,qwen,989aa7980e4cf806f80c7fef2b1adb7bc71aa306,pride,7,0,0,1024,128,0.08838834764831845,128,896,0.3851084768106668,0.38615457618158383
qwen15,qwen,989aa7980e4cf806f80c7fef2b1adb7bc71aa306,pride,7,1,0,1024,128,0.08838834764831845,128,896,0.3278972440947775,0.32808935997470995
qwen15,qwen,989aa7980e4cf806f80c7fef2b1adb7bc71aa306,pride,7,2,0,1024,128,0.08838834764831845,128,896,0.20112201289729253,0.2017569408183433
qwen15,qwen,989aa7980e4cf806f80c7fef2b1adb7bc71aa306,pride,7,3,0,1024,128,0.08838834764831845,128,896,0.2361454570704331,0.23632318334423405
qwen15,qwen,989aa7980e4cf806f80c7fef2b1adb7bc71aa306,pride,7,4,0,1024,128,0.08838834764831845,128,896,0.1137438821808767,0.1151711997126172
qwen15,qwen,989aa7980e4cf806f80c7fef2b1adb7bc71aa306,pride,7,5,0,1024,128,0.08838834764831845,128,896,0.3609651260768681,0.36210277253635464
qwen15,qwen,989aa7980e4cf806f80c7fef2b1adb7bc71aa306,pride,7,6,1,1024,128,0.08838834764831845,128,896,0.10328137460178607,0.1041583251784466
qwen15,qwen,989aa7980e4cf806f80c7fef2b1adb7bc71aa306,pride,7,7,1,1024,128,0.08838834764831845,128,896,0.051854493663808066,0.05191734956109111
qwen15,qwen,989aa7980e4cf806f80c7fef2b1adb7bc71aa306,pride,7,8,1,1024,128,0.08838834764831845,128,896,0.09174799895922943,0.0918499032739064
qwen15,qwen,989aa7980e4cf806f80c7fef2b1adb7bc71aa306,pride,7,9,1,1024,128,0.08838834764831845,128,896,0.02331293922626405,0.023462921275755146
qwen15,qwen,989aa7980e4cf806f80c7fef2b1adb7bc71aa306,pride,7,10,1,1024,128,0.08838834764831845,128,896,0.17288812108012633,0.17318052232642325
qwen15,qwen,989aa7980e4cf806f80c7fef2b1adb7bc71aa306,pride,7,11,1,1024,128,0.08838834764831845,128,896,0.08762073822476386,0.08809253062901916
qwen15,qwen,989aa7980e4cf806f80c7fef2b1adb7bc71aa306,alice,8,0,0,1024,128,0.08838834764831845,128,896,0.2509580391049897,0.2514385129926297
qwen15,qwen,989aa7980e4cf806f80c7fef2b1adb7bc71aa306,alice,8,1,0,1024,128,0.08838834764831845,128,896,0.3978084486900854,0.400427046577396
qwen15,qwen,989aa7980e4cf806f80c7fef2b1adb7bc71aa306,alice,8,2,0,1024,128,0.08838834764831845,128,896,0.21070516379701126,0.21401004912109065
qwen15,qwen,989aa7980e4cf806f80c7fef2b1adb7bc71aa306,alice,8,3,0,1024,128,0.08838834764831845,128,896,0.596726486336262,0.5977987070517647
qwen15,qwen,989aa7980e4cf806f80c7fef2b1adb7bc71aa306,alice,8,4,0,1024,128,0.08838834764831845,128,896,0.6173560494279211,0.6178746070976471
qwen15,qwen,989aa7980e4cf806f80c7fef2b1adb7bc71aa306,alice,8,5,0,1024,128,0.08838834764831845,128,896,0.27371854473135737,0.2743705590090589
qwen15,qwen,989aa7980e4cf806f80c7fef2b1adb7bc71aa306,alice,8,6,1,1024,128,0.08838834764831845,128,896,0.4138271403131436,0.4150892408676885
qwen15,qwen,989aa7980e4cf806f80c7fef2b1adb7bc71aa306,alice,8,7,1,1024,128,0.08838834764831845,128,896,0.5913752742497799,0.5922874476019413
qwen15,qwen,989aa7980e4cf806f80c7fef2b1adb7bc71aa306,alice,8,8,1,1024,128,0.08838834764831845,128,896,0.4701335289759327,0.4709796964918807
qwen15,qwen,989aa7980e4cf806f80c7fef2b1adb7bc71aa306,alice,8,9,1,1024,128,0.08838834764831845,128,896,0.3257075248139329,0.3263049311228873
qwen15,qwen,989aa7980e4cf806f80c7fef2b1adb7bc71aa306,alice,8,10,1,1024,128,0.08838834764831845,128,896,0.7035544996364893,0.7038561772555854
qwen15,qwen,989aa7980e4cf806f80c7fef2b1adb7bc71aa306,alice,8,11,1,1024,128,0.08838834764831845,128,896,0.42630831329399727,0.42656485388181353
qwen15,qwen,989aa7980e4cf806f80c7fef2b1adb7bc71aa306,moby,8,0,0,1024,128,0.08838834764831845,128,896,0.22967428815726926,0.2310647180942269
qwen15,qwen,989aa7980e4cf806f80c7fef2b1adb7bc71aa306,moby,8,1,0,1024,128,0.08838834764831845,128,896,0.4127840106910387,0.4156351549095488
qwen15,qwen,989aa7980e4cf806f80c7fef2b1adb7bc71aa306,moby,8,2,0,1024,128,0.08838834764831845,128,896,0.18820831489288775,0.20142233987353397
qwen15,qwen,989aa7980e4cf806f80c7fef2b1adb7bc71aa306,moby,8,3,0,1024,128,0.08838834764831845,128,896,0.6722007093585006,0.6751953099892454
qwen15,qwen,989aa7980e4cf806f80c7fef2b1adb7bc71aa306,moby,8,4,0,1024,128,0.08838834764831845,128,896,0.5136816980780309,0.5154664826635501
qwen15,qwen,989aa7980e4cf806f80c7fef2b1adb7bc71aa306,moby,8,5,0,1024,128,0.08838834764831845,128,896,0.28761068815947327,0.28827138017030374
qwen15,qwen,989aa7980e4cf806f80c7fef2b1adb7bc71aa306,moby,8,6,1,1024,128,0.08838834764831845,128,896,0.40750833366854317,0.4087370172909335
qwen15,qwen,989aa7980e4cf806f80c7fef2b1adb7bc71aa306,moby,8,7,1,1024,128,0.08838834764831845,128,896,0.5628821395858007,0.5653534048306413
qwen15,qwen,989aa7980e4cf806f80c7fef2b1adb7bc71aa306,moby,8,8,1,1024,128,0.08838834764831845,128,896,0.4357122578438418,0.4366102092565424
qwen15,qwen,989aa7980e4cf806f80c7fef2b1adb7bc71aa306,moby,8,9,1,1024,128,0.08838834764831845,128,896,0.3640092968508002,0.36456667927363595
qwen15,qwen,989aa7980e4cf806f80c7fef2b1adb7bc71aa306,moby,8,10,1,1024,128,0.08838834764831845,128,896,0.6804400339195487,0.6809060015458347
qwen15,qwen,989aa7980e4cf806f80c7fef2b1adb7bc71aa306,moby,8,11,1,1024,128,0.08838834764831845,128,896,0.4390014804547429,0.4395096733768686
qwen15,qwen,989aa7980e4cf806f80c7fef2b1adb7bc71aa306,pride,8,0,0,1024,128,0.08838834764831845,128,896,0.19330770747345302,0.19345589913636974
qwen15,qwen,989aa7980e4cf806f80c7fef2b1adb7bc71aa306,pride,8,1,0,1024,128,0.08838834764831845,128,896,0.3437135534309919,0.3441696386339695
qwen15,qwen,989aa7980e4cf806f80c7fef2b1adb7bc71aa306,pride,8,2,0,1024,128,0.08838834764831845,128,896,0.20580827697890652,0.20630767893272334
qwen15,qwen,989aa7980e4cf806f80c7fef2b1adb7bc71aa306,pride,8,3,0,1024,128,0.08838834764831845,128,896,0.5286596866832721,0.5291024146541118
qwen15,qwen,989aa7980e4cf806f80c7fef2b1adb7bc71aa306,pride,8,4,0,1024,128,0.08838834764831845,128,896,0.5878984498961045,0.588022130655476
qwen15,qwen,989aa7980e4cf806f80c7fef2b1adb7bc71aa306,pride,8,5,0,1024,128,0.08838834764831845,128,896,0.278363675316545,0.2784636226272291
qwen15,qwen,989aa7980e4cf806f80c7fef2b1adb7bc71aa306,pride,8,6,1,1024,128,0.08838834764831845,128,896,0.4228666331077749,0.4231140605370783
qwen15,qwen,989aa7980e4cf806f80c7fef2b1adb7bc71aa306,pride,8,7,1,1024,128,0.08838834764831845,128,896,0.5457459951350371,0.5461682137902267
qwen15,qwen,989aa7980e4cf806f80c7fef2b1adb7bc71aa306,pride,8,8,1,1024,128,0.08838834764831845,128,896,0.47328217343970325,0.47353767136950714
qwen15,qwen,989aa7980e4cf806f80c7fef2b1adb7bc71aa306,pride,8,9,1,1024,128,0.08838834764831845,128,896,0.319124511570566,0.31936762890383064
qwen15,qwen,989aa7980e4cf806f80c7fef2b1adb7bc71aa306,pride,8,10,1,1024,128,0.08838834764831845,128,896,0.7333900628006642,0.7336032729468915
qwen15,qwen,989aa7980e4cf806f80c7fef2b1adb7bc71aa306,pride,8,11,1,1024,128,0.08838834764831845,128,896,0.4685937567084153,0.4687320089773976
qwen15,qwen,989aa7980e4cf806f80c7fef2b1adb7bc71aa306,alice,9,0,0,1024,128,0.08838834764831845,128,896,0.3089772777281431,0.30951883533433744
qwen15,qwen,989aa7980e4cf806f80c7fef2b1adb7bc71aa306,alice,9,1,0,1024,128,0.08838834764831845,128,896,0.41622990126090403,0.4171706904323212
qwen15,qwen,989aa7980e4cf806f80c7fef2b1adb7bc71aa306,alice,9,2,0,1024,128,0.08838834764831845,128,896,0.3369318078732034,0.3370870761467802
qwen15,qwen,989aa7980e4cf806f80c7fef2b1adb7bc71aa306,alice,9,3,0,1024,128,0.08838834764831845,128,896,0.33869294378928055,0.34133770274368774
qwen15,qwen,989aa7980e4cf806f80c7fef2b1adb7bc71aa306,alice,9,4,0,1024,128,0.08838834764831845,128,896,0.27098497077344635,0.27112980143683785
qwen15,qwen,989aa7980e4cf806f80c7fef2b1adb7bc71aa306,alice,9,5,0,1024,128,0.08838834764831845,128,896,0.39502064411221677,0.3952539525384346
qwen15,qwen,989aa7980e4cf806f80c7fef2b1adb7bc71aa306,alice,9,6,1,1024,128,0.08838834764831845,128,896,0.44601216184942877,0.4483700369038411
qwen15,qwen,989aa7980e4cf806f80c7fef2b1adb7bc71aa306,alice,9,7,1,1024,128,0.08838834764831845,128,896,0.28800451313825226,0.2884081295042078
qwen15,qwen,989aa7980e4cf806f80c7fef2b1adb7bc71aa306,alice,9,8,1,1024,128,0.08838834764831845,128,896,0.4702356089764354,0.473570087052922
qwen15,qwen,989aa7980e4cf806f80c7fef2b1adb7bc71aa306,alice,9,9,1,1024,128,0.08838834764831845,128,896,0.29207471173649896,0.2921678417536738
qwen15,qwen,989aa7980e4cf806f80c7fef2b1adb7bc71aa306,alice,9,10,1,1024,128,0.08838834764831845,128,896,0.30405979203671174,0.3040905388256182
qwen15,qwen,989aa7980e4cf806f80c7fef2b1adb7bc71aa306,alice,9,11,1,1024,128,0.08838834764831845,128,896,0.39368070064753524,0.3937171605591453
qwen15,qwen,989aa7980e4cf806f80c7fef2b1adb7bc71aa306,moby,9,0,0,1024,128,0.08838834764831845,128,896,0.36514072529609143,0.36553699009561497
qwen15,qwen,989aa7980e4cf806f80c7fef2b1adb7bc71aa306,moby,9,1,0,1024,128,0.08838834764831845,128,896,0.3949244259153687,0.3959441862192798
qwen15,qwen,989aa7980e4cf806f80c7fef2b1adb7bc71aa306,moby,9,2,0,1024,128,0.08838834764831845,128,896,0.35233448810292234,0.35297593454363535
qwen15,qwen,989aa7980e4cf806f80c7fef2b1adb7bc71aa306,moby,9,3,0,1024,128,0.08838834764831845,128,896,0.29067599804775446,0.29552502409152354
qwen15,qwen,989aa7980e4cf806f80c7fef2b1adb7bc71aa306,moby,9,4,0,1024,128,0.08838834764831845,128,896,0.3563426440903,0.3571789470316481
qwen15,qwen,989aa7980e4cf806f80c7fef2b1adb7bc71aa306,moby,9,5,0,1024,128,0.08838834764831845,128,896,0.3467640188974427,0.34801177498189534
qwen15,qwen,989aa7980e4cf806f80c7fef2b1adb7bc71aa306,moby,9,6,1,1024,128,0.08838834764831845,128,896,0.39557565051847116,0.4026412824184892
qwen15,qwen,989aa7980e4cf806f80c7fef2b1adb7bc71aa306,moby,9,7,1,1024,128,0.08838834764831845,128,896,0.29489917766238516,0.2959039589280129
qwen15,qwen,989aa7980e4cf806f80c7fef2b1adb7bc71aa306,moby,9,8,1,1024,128,0.08838834764831845,128,896,0.4250280384404347,0.43098979351802674
qwen15,qwen,989aa7980e4cf806f80c7fef2b1adb7bc71aa306,moby,9,9,1,1024,128,0.08838834764831845,128,896,0.2717276326271405,0.27227537174264915
qwen15,qwen,989aa7980e4cf806f80c7fef2b1adb7bc71aa306,moby,9,10,1,1024,128,0.08838834764831845,128,896,0.2888993481842252,0.2889693118538212
qwen15,qwen,989aa7980e4cf806f80c7fef2b1adb7bc71aa306,moby,9,11,1,1024,128,0.08838834764831845,128,896,0.4104560450652431,0.4107096892129718
qwen15,qwen,989aa7980e4cf806f80c7fef2b1adb7bc71aa306,pride,9,0,0,1024,128,0.08838834764831845,128,896,0.30421367224457896,0.3044183051479026
qwen15,qwen,989aa7980e4cf806f80c7fef2b1adb7bc71aa306,pride,9,1,0,1024,128,0.08838834764831845,128,896,0.45635818822180807,0.45668394061205725
qwen15,qwen,989aa7980e4cf806f80c7fef2b1adb7bc71aa306,pride,9,2,0,1024,128,0.08838834764831845,128,896,0.38168957596574316,0.38179400317037304
qwen15,qwen,989aa7980e4cf806f80c7fef2b1adb7bc71aa306,pride,9,3,0,1024,128,0.08838834764831845,128,896,0.3158757571992421,0.3162241827590829
qwen15,qwen,989aa7980e4cf806f80c7fef2b1adb7bc71aa306,pride,9,4,0,1024,128,0.08838834764831845,128,896,0.262086735794803,0.2621757047570659
qwen15,qwen,989aa7980e4cf806f80c7fef2b1adb7bc71aa306,pride,9,5,0,1024,128,0.08838834764831845,128,896,0.41922963749993386,0.41940496527043536
qwen15,qwen,989aa7980e4cf806f80c7fef2b1adb7bc71aa306,pride,9,6,1,1024,128,0.08838834764831845,128,896,0.35377217016640033,0.35482080039490943
qwen15,qwen,989aa7980e4cf806f80c7fef2b1adb7bc71aa306,pride,9,7,1,1024,128,0.08838834764831845,128,896,0.26318892832158797,0.26326361722565716
qwen15,qwen,989aa7980e4cf806f80c7fef2b1adb7bc71aa306,pride,9,8,1,1024,128,0.08838834764831845,128,896,0.3777076243936129,0.3788471428623751
qwen15,qwen,989aa7980e4cf806f80c7fef2b1adb7bc71aa306,pride,9,9,1,1024,128,0.08838834764831845,128,896,0.27392528840832403,0.2739641973383128
qwen15,qwen,989aa7980e4cf806f80c7fef2b1adb7bc71aa306,pride,9,10,1,1024,128,0.08838834764831845,128,896,0.2927610142167409,0.29277052605276677
qwen15,qwen,989aa7980e4cf806f80c7fef2b1adb7bc71aa306,pride,9,11,1,1024,128,0.08838834764831845,128,896,0.4155375672416322,0.4155720481671882
qwen15,qwen,989aa7980e4cf806f80c7fef2b1adb7bc71aa306,alice,10,0,0,1024,128,0.08838834764831845,128,896,0.5024973713030331,0.5035883202144465
qwen15,qwen,989aa7980e4cf806f80c7fef2b1adb7bc71aa306,alice,10,1,0,1024,128,0.08838834764831845,128,896,0.3705871752063386,0.37074910683100065
qwen15,qwen,989aa7980e4cf806f80c7fef2b1adb7bc71aa306,alice,10,2,0,1024,128,0.08838834764831845,128,896,0.1288432055036318,0.13097690655770614
qwen15,qwen,989aa7980e4cf806f80c7fef2b1adb7bc71aa306,alice,10,3,0,1024,128,0.08838834764831845,128,896,0.5876998358788516,0.588138420111647
qwen15,qwen,989aa7980e4cf806f80c7fef2b1adb7bc71aa306,alice,10,4,0,1024,128,0.08838834764831845,128,896,0.38141619152651485,0.38352532530260725
qwen15,qwen,989aa7980e4cf806f80c7fef2b1adb7bc71aa306,alice,10,5,0,1024,128,0.08838834764831845,128,896,0.12045687656811029,0.12072428718589319
qwen15,qwen,989aa7980e4cf806f80c7fef2b1adb7bc71aa306,alice,10,6,1,1024,128,0.08838834764831845,128,896,0.3443315660583351,0.344813653436939
qwen15,qwen,989aa7980e4cf806f80c7fef2b1adb7bc71aa306,alice,10,7,1,1024,128,0.08838834764831845,128,896,0.2528378675425111,0.2533751470605091
qwen15,qwen,989aa7980e4cf806f80c7fef2b1adb7bc71aa306,alice,10,8,1,1024,128,0.08838834764831845,128,896,0.3558938902128424,0.35629412388019205
qwen15,qwen,989aa7980e4cf806f80c7fef2b1adb7bc71aa306,alice,10,9,1,1024,128,0.08838834764831845,128,896,0.2303737688475589,0.2313750566054596
qwen15,qwen,989aa7980e4cf806f80c7fef2b1adb7bc71aa306,alice,10,10,1,1024,128,0.08838834764831845,128,896,0.25688849754526605,0.25782812823440926
qwen15,qwen,989aa7980e4cf806f80c7fef2b1adb7bc71aa306,alice,10,11,1,1024,128,0.08838834764831845,128,896,0.2608502533415847,0.26144804896625895
qwen15,qwen,989aa7980e4cf806f80c7fef2b1adb7bc71aa306,moby,10,0,0,1024,128,0.08838834764831845,128,896,0.4991953465985194,0.500406872833594
qwen15,qwen,989aa7980e4cf806f80c7fef2b1adb7bc71aa306,moby,10,1,0,1024,128,0.08838834764831845,128,896,0.38599219410782526,0.38636228763142705
qwen15,qwen,989aa7980e4cf806f80c7fef2b1adb7bc71aa306,moby,10,2,0,1024,128,0.08838834764831845,128,896,0.11346341103603363,0.1158374672505987
qwen15,qwen,989aa7980e4cf806f80c7fef2b1adb7bc71aa306,moby,10,3,0,1024,128,0.08838834764831845,128,896,0.5593206953659966,0.5600382376192001
qwen15,qwen,989aa7980e4cf806f80c7fef2b1adb7bc71aa306,moby,10,4,0,1024,128,0.08838834764831845,128,896,0.2876504105764874,0.28863591001884487
qwen15,qwen,989aa7980e4cf806f80c7fef2b1adb7bc71aa306,moby,10,5,0,1024,128,0.08838834764831845,128,896,0.11405616483324062,0.11440343886911421
qwen15,qwen,989aa7980e4cf806f80c7fef2b1adb7bc71aa306,moby,10,6,1,1024,128,0.08838834764831845,128,896,0.3162820008437151,0.3178636252788131
qwen15,qwen,989aa7980e4cf806f80c7fef2b1adb7bc71aa306,moby,10,7,1,1024,128,0.08838834764831845,128,896,0.20554732792623714,0.20771317157009275
qwen15,qwen,989aa7980e4cf806f80c7fef2b1adb7bc71aa306,moby,10,8,1,1024,128,0.08838834764831845,128,896,0.389808230452861,0.3902636522546901
qwen15,qwen,989aa7980e4cf806f80c7fef2b1adb7bc71aa306,moby,10,9,1,1024,128,0.08838834764831845,128,896,0.2208312728616201,0.2241008564730609
qwen15,qwen,989aa7980e4cf806f80c7fef2b1adb7bc71aa306,moby,10,10,1,1024,128,0.08838834764831845,128,896,0.2830544852326875,0.28588315745149023
qwen15,qwen,989aa7980e4cf806f80c7fef2b1adb7bc71aa306,moby,10,11,1,1024,128,0.08838834764831845,128,896,0.29429474077201895,0.2968084628865603
qwen15,qwen,989aa7980e4cf806f80c7fef2b1adb7bc71aa306,pride,10,0,0,1024,128,0.08838834764831845,128,896,0.4235737036092805,0.4237261916260931
qwen15,qwen,989aa7980e4cf806f80c7fef2b1adb7bc71aa306,pride,10,1,0,1024,128,0.08838834764831845,128,896,0.37976181034319395,0.3797875762379314
qwen15,qwen,989aa7980e4cf806f80c7fef2b1adb7bc71aa306,pride,10,2,0,1024,128,0.08838834764831845,128,896,0.11911903422301273,0.119339941182111
qwen15,qwen,989aa7980e4cf806f80c7fef2b1adb7bc71aa306,pride,10,3,0,1024,128,0.08838834764831845,128,896,0.5556637066779425,0.5557426147069504
qwen15,qwen,989aa7980e4cf806f80c7fef2b1adb7bc71aa306,pride,10,4,0,1024,128,0.08838834764831845,128,896,0.3397527230063236,0.3404064723874887
qwen15,qwen,989aa7980e4cf806f80c7fef2b1adb7bc71aa306,pride,10,5,0,1024,128,0.08838834764831845,128,896,0.09965503946646206,0.09975317037394339
qwen15,qwen,989aa7980e4cf806f80c7fef2b1adb7bc71aa306,pride,10,6,1,1024,128,0.08838834764831845,128,896,0.33731289611093035,0.3375114175142097
qwen15,qwen,989aa7980e4cf806f80c7fef2b1adb7bc71aa306,pride,10,7,1,1024,128,0.08838834764831845,128,896,0.19494762337300192,0.19521207662207712
qwen15,qwen,989aa7980e4cf806f80c7fef2b1adb7bc71aa306,pride,10,8,1,1024,128,0.08838834764831845,128,896,0.31076803482712084,0.31099836466682756
qwen15,qwen,989aa7980e4cf806f80c7fef2b1adb7bc71aa306,pride,10,9,1,1024,128,0.08838834764831845,128,896,0.1837281339109487,0.18405333600640156
qwen15,qwen,989aa7980e4cf806f80c7fef2b1adb7bc71aa306,pride,10,10,1,1024,128,0.08838834764831845,128,896,0.18081328631027702,0.18109372434501023
qwen15,qwen,989aa7980e4cf806f80c7fef2b1adb7bc71aa306,pride,10,11,1,1024,128,0.08838834764831845,128,896,0.23348209411003812,0.23366273714636082
qwen15,qwen,989aa7980e4cf806f80c7fef2b1adb7bc71aa306,alice,11,0,0,1024,128,0.08838834764831845,128,896,0.2632268546173964,0.2647221947432981
qwen15,qwen,989aa7980e4cf806f80c7fef2b1adb7bc71aa306,alice,11,1,0,1024,128,0.08838834764831845,128,896,0.2898298983308284,0.289995759018026
qwen15,qwen,989aa7980e4cf806f80c7fef2b1adb7bc71aa306,alice,11,2,0,1024,128,0.08838834764831845,128,896,0.2111934907681078,0.2112542442641252
qwen15,qwen,989aa7980e4cf806f80c7fef2b1adb7bc71aa306,alice,11,3,0,1024,128,0.08838834764831845,128,896,0.20314259697972603,0.20464127216233607
qwen15,qwen,989aa7980e4cf806f80c7fef2b1adb7bc71aa306,alice,11,4,0,1024,128,0.08838834764831845,128,896,0.29870465339914026,0.2987865022709307
qwen15,qwen,989aa7980e4cf806f80c7fef2b1adb7bc71aa306,alice,11,5,0,1024,128,0.08838834764831845,128,896,0.3255814042600235,0.3260861296878506
qwen15,qwen,989aa7980e4cf806f80c7fef2b1adb7bc71aa306,alice,11,6,1,1024,128,0.08838834764831845,128,896,0.1855392825182682,0.19085535143948998
qwen15,qwen,989aa7980e4cf806f80c7fef2b1adb7bc71aa306,alice,11,7,1,1024,128,0.08838834764831845,128,896,0.1793840091360706,0.18129704379204442
qwen15,qwen,989aa7980e4cf806f80c7fef2b1adb7bc71aa306,alice,11,8,1,1024,128,0.08838834764831845,128,896,0.09536803903380685,0.09558853905757825
qwen15,qwen,989aa7980e4cf806f80c7fef2b1adb7bc71aa306,alice,11,9,1,1024,128,0.08838834764831845,128,896,0.24012214248540079,0.24059569432783154
qwen15,qwen,989aa7980e4cf806f80c7fef2b1adb7bc71aa306,alice,11,10,1,1024,128,0.08838834764831845,128,896,0.05238688192759798,0.05626283199548033
qwen15,qwen,989aa7980e4cf806f80c7fef2b1adb7bc71aa306,alice,11,11,1,1024,128,0.08838834764831845,128,896,0.33559402701187724,0.33569397735003964
qwen15,qwen,989aa7980e4cf806f80c7fef2b1adb7bc71aa306,moby,11,0,0,1024,128,0.08838834764831845,128,896,0.22493672015939506,0.22970479456726056
qwen15,qwen,989aa7980e4cf806f80c7fef2b1adb7bc71aa306,moby,11,1,0,1024,128,0.08838834764831845,128,896,0.2581832346852355,0.25854487044419977
qwen15,qwen,989aa7980e4cf806f80c7fef2b1adb7bc71aa306,moby,11,2,0,1024,128,0.08838834764831845,128,896,0.17970955124170687,0.17983343366036558
qwen15,qwen,989aa7980e4cf806f80c7fef2b1adb7bc71aa306,moby,11,3,0,1024,128,0.08838834764831845,128,896,0.19668043339766644,0.19984242648017503
qwen15,qwen,989aa7980e4cf806f80c7fef2b1adb7bc71aa306,moby,11,4,0,1024,128,0.08838834764831845,128,896,0.2907733140110093,0.29095746871848244
qwen15,qwen,989aa7980e4cf806f80c7fef2b1adb7bc71aa306,moby,11,5,0,1024,128,0.08838834764831845,128,896,0.3068146823154004,0.3085431364998214
qwen15,qwen,989aa7980e4cf806f80c7fef2b1adb7bc71aa306,moby,11,6,1,1024,128,0.08838834764831845,128,896,0.14961159484337622,0.16644123781024295
qwen15,qwen,989aa7980e4cf806f80c7fef2b1adb7bc71aa306,moby,11,7,1,1024,128,0.08838834764831845,128,896,0.16608075178796225,0.1700839640106077
qwen15,qwen,989aa7980e4cf806f80c7fef2b1adb7bc71aa306,moby,11,8,1,1024,128,0.08838834764831845,128,896,0.10497242391854388,0.10570469440021941
qwen15,qwen,989aa7980e4cf806f80c7fef2b1adb7bc71aa306,moby,11,9,1,1024,128,0.08838834764831845,128,896,0.2118427116504134,0.21516357133047287
qwen15,qwen,989aa7980e4cf806f80c7fef2b1adb7bc71aa306,moby,11,10,1,1024,128,0.08838834764831845,128,896,0.08613819683732679,0.10522886148364534
qwen15,qwen,989aa7980e4cf806f80c7fef2b1adb7bc71aa306,moby,11,11,1,1024,128,0.08838834764831845,128,896,0.24081191246604794,0.24137777985197187
qwen15,qwen,989aa7980e4cf806f80c7fef2b1adb7bc71aa306,pride,11,0,0,1024,128,0.08838834764831845,128,896,0.19085264633558077,0.191132873558703
qwen15,qwen,989aa7980e4cf806f80c7fef2b1adb7bc71aa306,pride,11,1,0,1024,128,0.08838834764831845,128,896,0.27726183689020584,0.2773325466030753
qwen15,qwen,989aa7980e4cf806f80c7fef2b1adb7bc71aa306,pride,11,2,0,1024,128,0.08838834764831845,128,896,0.2252693579276528,0.2253121766044725
qwen15,qwen,989aa7980e4cf806f80c7fef2b1adb7bc71aa306,pride,11,3,0,1024,128,0.08838834764831845,128,896,0.1605187142418232,0.16079971173847643
qwen15,qwen,989aa7980e4cf806f80c7fef2b1adb7bc71aa306,pride,11,4,0,1024,128,0.08838834764831845,128,896,0.34448349317464827,0.3445539346062242
qwen15,qwen,989aa7980e4cf806f80c7fef2b1adb7bc71aa306,pride,11,5,0,1024,128,0.08838834764831845,128,896,0.27089252220426746,0.2710538467268591
qwen15,qwen,989aa7980e4cf806f80c7fef2b1adb7bc71aa306,pride,11,6,1,1024,128,0.08838834764831845,128,896,0.09723609019521971,0.0978720141404167
qwen15,qwen,989aa7980e4cf806f80c7fef2b1adb7bc71aa306,pride,11,7,1,1024,128,0.08838834764831845,128,896,0.11705789824298883,0.11734797465288897
qwen15,qwen,989aa7980e4cf806f80c7fef2b1adb7bc71aa306,pride,11,8,1,1024,128,0.08838834764831845,128,896,0.08041048937963431,0.08060464291189624
qwen15,qwen,989aa7980e4cf806f80c7fef2b1adb7bc71aa306,pride,11,9,1,1024,128,0.08838834764831845,128,896,0.15747661610172642,0.15760042087187245
qwen15,qwen,989aa7980e4cf806f80c7fef2b1adb7bc71aa306,pride,11,10,1,1024,128,0.08838834764831845,128,896,0.05241508638256953,0.052885024807226545
qwen15,qwen,989aa7980e4cf806f80c7fef2b1adb7bc71aa306,pride,11,11,1,1024,128,0.08838834764831845,128,896,0.26660333076101655,0.26665136861719446
qwen15,qwen,989aa7980e4cf806f80c7fef2b1adb7bc71aa306,alice,12,0,0,1024,128,0.08838834764831845,128,896,0.5608606331692773,0.5615415875439035
qwen15,qwen,989aa7980e4cf806f80c7fef2b1adb7bc71aa306,alice,12,1,0,1024,128,0.08838834764831845,128,896,0.575987323678069,0.5765101096111888
qwen15,qwen,989aa7980e4cf806f80c7fef2b1adb7bc71aa306,alice,12,2,0,1024,128,0.08838834764831845,128,896,0.33383273311271217,0.33412778997417547
qwen15,qwen,989aa7980e4cf806f80c7fef2b1adb7bc71aa306,alice,12,3,0,1024,128,0.08838834764831845,128,896,0.46114492825810627,0.46234888024993737
qwen15,qwen,989aa7980e4cf806f80c7fef2b1adb7bc71aa306,alice,12,4,0,1024,128,0.08838834764831845,128,896,0.27726246552783107,0.2781596413180639
qwen15,qwen,989aa7980e4cf806f80c7fef2b1adb7bc71aa306,alice,12,5,0,1024,128,0.08838834764831845,128,896,0.4126996474314178,0.41329023588976677
qwen15,qwen,989aa7980e4cf806f80c7fef2b1adb7bc71aa306,alice,12,6,1,1024,128,0.08838834764831845,128,896,0.6814433778562414,0.6817649489923
qwen15,qwen,989aa7980e4cf806f80c7fef2b1adb7bc71aa306,alice,12,7,1,1024,128,0.08838834764831845,128,896,0.3591142007739805,0.3592370030576702
qwen15,qwen,989aa7980e4cf806f80c7fef2b1adb7bc71aa306,alice,12,8,1,1024,128,0.08838834764831845,128,896,0.4484475353166785,0.44863660449781995
qwen15,qwen,989aa7980e4cf806f80c7fef2b1adb7bc71aa306,alice,12,9,1,1024,128,0.08838834764831845,128,896,0.5208678348107189,0.5209973873777436
qwen15,qwen,989aa7980e4cf806f80c7fef2b1adb7bc71aa306,alice,12,10,1,1024,128,0.08838834764831845,128,896,0.31743721197502056,0.31807856628186365
qwen15,qwen,989aa7980e4cf806f80c7fef2b1adb7bc71aa306,alice,12,11,1,1024,128,0.08838834764831845,128,896,0.41898462701697453,0.41960267134635215
qwen15,qwen,989aa7980e4cf806f80c7fef2b1adb7bc71aa306,moby,12,0,0,1024,128,0.08838834764831845,128,896,0.5219988867952096,0.5224377052767347
qwen15,qwen,989aa7980e4cf806f80c7fef2b1adb7bc71aa306,moby,12,1,0,1024,128,0.08838834764831845,128,896,0.6264240328919849,0.6271624196932787
qwen15,qwen,989aa7980e4cf806f80c7fef2b1adb7bc71aa306,moby,12,2,0,1024,128,0.08838834764831845,128,896,0.2586762517091087,0.25901756489895805
qwen15,qwen,989aa7980e4cf806f80c7fef2b1adb7bc71aa306,moby,12,3,0,1024,128,0.08838834764831845,128,896,0.4855893301840433,0.4871343509072049
qwen15,qwen,989aa7980e4cf806f80c7fef2b1adb7bc71aa306,moby,12,4,0,1024,128,0.08838834764831845,128,896,0.2422669944612074,0.24264331154268895
qwen15,qwen,989aa7980e4cf806f80c7fef2b1adb7bc71aa306,moby,12,5,0,1024,128,0.08838834764831845,128,896,0.3439533985099105,0.34463733085878484
qwen15,qwen,989aa7980e4cf806f80c7fef2b1adb7bc71aa306,moby,12,6,1,1024,128,0.08838834764831845,128,896,0.5842217759417266,0.5848115738425309
qwen15,qwen,989aa7980e4cf806f80c7fef2b1adb7bc71aa306,moby,12,7,1,1024,128,0.08838834764831845,128,896,0.31804039087783853,0.31815341394676605
qwen15,qwen,989aa7980e4cf806f80c7fef2b1adb7bc71aa306,moby,12,8,1,1024,128,0.08838834764831845,128,896,0.4205045832113809,0.4206240214660137
qwen15,qwen,989aa7980e4cf806f80c7fef2b1adb7bc71aa306,moby,12,9,1,1024,128,0.08838834764831845,128,896,0.5407285060936824,0.5409220229815247
qwen15,qwen,989aa7980e4cf806f80c7fef2b1adb7bc71aa306,moby,12,10,1,1024,128,0.08838834764831845,128,896,0.31142849932821265,0.31207104732497115
qwen15,qwen,989aa7980e4cf806f80c7fef2b1adb7bc71aa306,moby,12,11,1,1024,128,0.08838834764831845,128,896,0.31592164945465007,0.31650775028205524
qwen15,qwen,989aa7980e4cf806f80c7fef2b1adb7bc71aa306,pride,12,0,0,1024,128,0.08838834764831845,128,896,0.39566811095026555,0.39579945323133675
qwen15,qwen,989aa7980e4cf806f80c7fef2b1adb7bc71aa306,pride,12,1,0,1024,128,0.08838834764831845,128,896,0.4226419734559902,0.4231691488502388
qwen15,qwen,989aa7980e4cf806f80c7fef2b1adb7bc71aa306,pride,12,2,0,1024,128,0.08838834764831845,128,896,0.19231633570754053,0.1923724341064769
qwen15,qwen,989aa7980e4cf806f80c7fef2b1adb7bc71aa306,pride,12,3,0,1024,128,0.08838834764831845,128,896,0.3291251773182976,0.3298240868286392
qwen15,qwen,989aa7980e4cf806f80c7fef2b1adb7bc71aa306,pride,12,4,0,1024,128,0.08838834764831845,128,896,0.20664683628036043,0.20702886617532903
qwen15,qwen,989aa7980e4cf806f80c7fef2b1adb7bc71aa306,pride,12,5,0,1024,128,0.08838834764831845,128,896,0.26400403559675334,0.2640907499443868
qwen15,qwen,989aa7980e4cf806f80c7fef2b1adb7bc71aa306,pride,12,6,1,1024,128,0.08838834764831845,128,896,0.5953954702806266,0.5957258885307424
qwen15,qwen,989aa7980e4cf806f80c7fef2b1adb7bc71aa306,pride,12,7,1,1024,128,0.08838834764831845,128,896,0.3593116497408465,0.35934572784605734
qwen15,qwen,989aa7980e4cf806f80c7fef2b1adb7bc71aa306,pride,12,8,1,1024,128,0.08838834764831845,128,896,0.4492262259037614,0.449245974697902
qwen15,qwen,989aa7980e4cf806f80c7fef2b1adb7bc71aa306,pride,12,9,1,1024,128,0.08838834764831845,128,896,0.4264862479833854,0.4265082974780852
qwen15,qwen,989aa7980e4cf806f80c7fef2b1adb7bc71aa306,pride,12,10,1,1024,128,0.08838834764831845,128,896,0.2712915172998159,0.2714529076688656
qwen15,qwen,989aa7980e4cf806f80c7fef2b1adb7bc71aa306,pride,12,11,1,1024,128,0.08838834764831845,128,896,0.37963349768407795,0.37974845451191774
qwen15,qwen,989aa7980e4cf806f80c7fef2b1adb7bc71aa306,alice,13,0,0,1024,128,0.08838834764831845,128,896,0.28311033604213837,0.28313544576018496
qwen15,qwen,989aa7980e4cf806f80c7fef2b1adb7bc71aa306,alice,13,1,0,1024,128,0.08838834764831845,128,896,0.3675379093051637,0.3686021033733562
qwen15,qwen,989aa7980e4cf806f80c7fef2b1adb7bc71aa306,alice,13,2,0,1024,128,0.08838834764831845,128,896,0.26967712271043937,0.26971604968615515
qwen15,qwen,989aa7980e4cf806f80c7fef2b1adb7bc71aa306,alice,13,3,0,1024,128,0.08838834764831845,128,896,0.3113717634813657,0.3114546099066919
qwen15,qwen,989aa7980e4cf806f80c7fef2b1adb7bc71aa306,alice,13,4,0,1024,128,0.08838834764831845,128,896,0.1309147849454078,0.13095450280240659
qwen15,qwen,989aa7980e4cf806f80c7fef2b1adb7bc71aa306,alice,13,5,0,1024,128,0.08838834764831845,128,896,0.25552626460426947,0.25653844501495376
qwen15,qwen,989aa7980e4cf806f80c7fef2b1adb7bc71aa306,alice,13,6,1,1024,128,0.08838834764831845,128,896,0.18324633018861966,0.18343125764358212
qwen15,qwen,989aa7980e4cf806f80c7fef2b1adb7bc71aa306,alice,13,7,1,1024,128,0.08838834764831845,128,896,0.19337767427607044,0.1951580042979042
qwen15,qwen,989aa7980e4cf806f80c7fef2b1adb7bc71aa306,alice,13,8,1,1024,128,0.08838834764831845,128,896,0.18819764980690643,0.18964823844240122
qwen15,qwen,989aa7980e4cf806f80c7fef2b1adb7bc71aa306,alice,13,9,1,1024,128,0.08838834764831845,128,896,0.20790502098960156,0.20833190734301152
qwen15,qwen,989aa7980e4cf806f80c7fef2b1adb7bc71aa306,alice,13,10,1,1024,128,0.08838834764831845,128,896,0.19888920583767242,0.1995156680518968
qwen15,qwen,989aa7980e4cf806f80c7fef2b1adb7bc71aa306,alice,13,11,1,1024,128,0.08838834764831845,128,896,0.29304100598891625,0.2936212066988081
qwen15,qwen,989aa7980e4cf806f80c7fef2b1adb7bc71aa306,moby,13,0,0,1024,128,0.08838834764831845,128,896,0.2668012670032653,0.26681654839087804
qwen15,qwen,989aa7980e4cf806f80c7fef2b1adb7bc71aa306,moby,13,1,0,1024,128,0.08838834764831845,128,896,0.3076899691904461,0.3085473803889135
qwen15,qwen,989aa7980e4cf806f80c7fef2b1adb7bc71aa306,moby,13,2,0,1024,128,0.08838834764831845,128,896,0.22266356648022834,0.22268692870075468
qwen15,qwen,989aa7980e4cf806f80c7fef2b1adb7bc71aa306,moby,13,3,0,1024,128,0.08838834764831845,128,896,0.27256989096814543,0.27264903078742225
qwen15,qwen,989aa7980e4cf806f80c7fef2b1adb7bc71aa306,moby,13,4,0,1024,128,0.08838834764831845,128,896,0.1270671167584232,0.12711004656761324
qwen15,qwen,989aa7980e4cf806f80c7fef2b1adb7bc71aa306,moby,13,5,0,1024,128,0.08838834764831845,128,896,0.22983876580918827,0.23045928605357185
qwen15,qwen,989aa7980e4cf806f80c7fef2b1adb7bc71aa306,moby,13,6,1,1024,128,0.08838834764831845,128,896,0.1247417723748567,0.12486520940761432
qwen15,qwen,989aa7980e4cf806f80c7fef2b1adb7bc71aa306,moby,13,7,1,1024,128,0.08838834764831845,128,896,0.15224920395553782,0.15282889062742083
qwen15,qwen,989aa7980e4cf806f80c7fef2b1adb7bc71aa306,moby,13,8,1,1024,128,0.08838834764831845,128,896,0.16301879508871983,0.1634593963753075
qwen15,qwen,989aa7980e4cf806f80c7fef2b1adb7bc71aa306,moby,13,9,1,1024,128,0.08838834764831845,128,896,0.2236594133527878,0.2240701326926909
qwen15,qwen,989aa7980e4cf806f80c7fef2b1adb7bc71aa306,moby,13,10,1,1024,128,0.08838834764831845,128,896,0.1952607114171745,0.19562459827733372
qwen15,qwen,989aa7980e4cf806f80c7fef2b1adb7bc71aa306,moby,13,11,1,1024,128,0.08838834764831845,128,896,0.2646655710651917,0.2652018147108232
qwen15,qwen,989aa7980e4cf806f80c7fef2b1adb7bc71aa306,pride,13,0,0,1024,128,0.08838834764831845,128,896,0.2477769511292925,0.24779120465714513
qwen15,qwen,989aa7980e4cf806f80c7fef2b1adb7bc71aa306,pride,13,1,0,1024,128,0.08838834764831845,128,896,0.2727139499682642,0.2730863195269508
qwen15,qwen,989aa7980e4cf806f80c7fef2b1adb7bc71aa306,pride,13,2,0,1024,128,0.08838834764831845,128,896,0.25046074108836097,0.2504863158279257
qwen15,qwen,989aa7980e4cf806f80c7fef2b1adb7bc71aa306,pride,13,3,0,1024,128,0.08838834764831845,128,896,0.30735329997984573,0.30741752549166085
qwen15,qwen,989aa7980e4cf806f80c7fef2b1adb7bc71aa306,pride,13,4,0,1024,128,0.08838834764831845,128,896,0.12539073884634508,0.12543548663802384
qwen15,qwen,989aa7980e4cf806f80c7fef2b1adb7bc71aa306,pride,13,5,0,1024,128,0.08838834764831845,128,896,0.17759852125461278,0.1779224339274341
qwen15,qwen,989aa7980e4cf806f80c7fef2b1adb7bc71aa306,pride,13,6,1,1024,128,0.08838834764831845,128,896,0.10804876519923089,0.10810209182758093
qwen15,qwen,989aa7980e4cf806f80c7fef2b1adb7bc71aa306,pride,13,7,1,1024,128,0.08838834764831845,128,896,0.0932911540130098,0.0933944277427373
qwen15,qwen,989aa7980e4cf806f80c7fef2b1adb7bc71aa306,pride,13,8,1,1024,128,0.08838834764831845,128,896,0.11071938292106479,0.1108408367336476
qwen15,qwen,989aa7980e4cf806f80c7fef2b1adb7bc71aa306,pride,13,9,1,1024,128,0.08838834764831845,128,896,0.12817025010186922,0.12827142154405172
qwen15,qwen,989aa7980e4cf806f80c7fef2b1adb7bc71aa306,pride,13,10,1,1024,128,0.08838834764831845,128,896,0.14944636240322606,0.14957097952889617
qwen15,qwen,989aa7980e4cf806f80c7fef2b1adb7bc71aa306,pride,13,11,1,1024,128,0.08838834764831845,128,896,0.22962614918348287,0.22977336846727203
qwen15,qwen,989aa7980e4cf806f80c7fef2b1adb7bc71aa306,alice,14,0,0,1024,128,0.08838834764831845,128,896,0.8299935605945249,0.8302189284618285
qwen15,qwen,989aa7980e4cf806f80c7fef2b1adb7bc71aa306,alice,14,1,0,1024,128,0.08838834764831845,128,896,0.5568280432404387,0.5572678145206545
qwen15,qwen,989aa7980e4cf806f80c7fef2b1adb7bc71aa306,alice,14,2,0,1024,128,0.08838834764831845,128,896,0.7147947957643217,0.7156859991609295
qwen15,qwen,989aa7980e4cf806f80c7fef2b1adb7bc71aa306,alice,14,3,0,1024,128,0.08838834764831845,128,896,0.7024016526742873,0.703829544645561
qwen15,qwen,989aa7980e4cf806f80c7fef2b1adb7bc71aa306,alice,14,4,0,1024,128,0.08838834764831845,128,896,0.9290360513839702,0.9291591039086825
qwen15,qwen,989aa7980e4cf806f80c7fef2b1adb7bc71aa306,alice,14,5,0,1024,128,0.08838834764831845,128,896,0.9824404558282248,0.9827137087016007
qwen15,qwen,989aa7980e4cf806f80c7fef2b1adb7bc71aa306,alice,14,6,1,1024,128,0.08838834764831845,128,896,0.7257666650060681,0.7262234503715318
qwen15,qwen,989aa7980e4cf806f80c7fef2b1adb7bc71aa306,alice,14,7,1,1024,128,0.08838834764831845,128,896,0.494671643874473,0.49486363026129443
qwen15,qwen,989aa7980e4cf806f80c7fef2b1adb7bc71aa306,alice,14,8,1,1024,128,0.08838834764831845,128,896,0.25353459970976594,0.2536630561845766
qwen15,qwen,989aa7980e4cf806f80c7fef2b1adb7bc71aa306,alice,14,9,1,1024,128,0.08838834764831845,128,896,0.2815127162370085,0.28183362923388017
qwen15,qwen,989aa7980e4cf806f80c7fef2b1adb7bc71aa306,alice,14,10,1,1024,128,0.08838834764831845,128,896,0.422692292101441,0.4234369900588533
qwen15,qwen,989aa7980e4cf806f80c7fef2b1adb7bc71aa306,alice,14,11,1,1024,128,0.08838834764831845,128,896,0.3961629958799641,0.3973737918879312
qwen15,qwen,989aa7980e4cf806f80c7fef2b1adb7bc71aa306,moby,14,0,0,1024,128,0.08838834764831845,128,896,0.8303594867461975,0.8307774160352631
qwen15,qwen,989aa7980e4cf806f80c7fef2b1adb7bc71aa306,moby,14,1,0,1024,128,0.08838834764831845,128,896,0.46189543863977445,0.4625659580319354
qwen15,qwen,989aa7980e4cf806f80c7fef2b1adb7bc71aa306,moby,14,2,0,1024,128,0.08838834764831845,128,896,0.6545202410585736,0.6563273651070218
qwen15,qwen,989aa7980e4cf806f80c7fef2b1adb7bc71aa306,moby,14,3,0,1024,128,0.08838834764831845,128,896,0.6640806358533003,0.6669253563624669
qwen15,qwen,989aa7980e4cf806f80c7fef2b1adb7bc71aa306,moby,14,4,0,1024,128,0.08838834764831845,128,896,0.919663279105135,0.9199172980179368
qwen15,qwen,989aa7980e4cf806f80c7fef2b1adb7bc71aa306,moby,14,5,0,1024,128,0.08838834764831845,128,896,0.9733434468145739,0.9737130285242055
qwen15,qwen,989aa7980e4cf806f80c7fef2b1adb7bc71aa306,moby,14,6,1,1024,128,0.08838834764831845,128,896,0.5837495744849158,0.5844812324949588
qwen15,qwen,989aa7980e4cf806f80c7fef2b1adb7bc71aa306,moby,14,7,1,1024,128,0.08838834764831845,128,896,0.45721160778966274,0.45732354789849533
qwen15,qwen,989aa7980e4cf806f80c7fef2b1adb7bc71aa306,moby,14,8,1,1024,128,0.08838834764831845,128,896,0.21941407621943101,0.2194909357273996
qwen15,qwen,989aa7980e4cf806f80c7fef2b1adb7bc71aa306,moby,14,9,1,1024,128,0.08838834764831845,128,896,0.28033366301962565,0.280544560370044
qwen15,qwen,989aa7980e4cf806f80c7fef2b1adb7bc71aa306,moby,14,10,1,1024,128,0.08838834764831845,128,896,0.3307402622957141,0.3312297111028057
qwen15,qwen,989aa7980e4cf806f80c7fef2b1adb7bc71aa306,moby,14,11,1,1024,128,0.08838834764831845,128,896,0.29931898010836555,0.29997806706737834
qwen15,qwen,989aa7980e4cf806f80c7fef2b1adb7bc71aa306,pride,14,0,0,1024,128,0.08838834764831845,128,896,0.7633025685714473,0.7634075854915079
qwen15,qwen,989aa7980e4cf806f80c7fef2b1adb7bc71aa306,pride,14,1,0,1024,128,0.08838834764831845,128,896,0.5768261360306699,0.5769586226451542
qwen15,qwen,989aa7980e4cf806f80c7fef2b1adb7bc71aa306,pride,14,2,0,1024,128,0.08838834764831845,128,896,0.5923989315160328,0.5928623812441075
qwen15,qwen,989aa7980e4cf806f80c7fef2b1adb7bc71aa306,pride,14,3,0,1024,128,0.08838834764831845,128,896,0.545364357252265,0.5465492520510848
qwen15,qwen,989aa7980e4cf806f80c7fef2b1adb7bc71aa306,pride,14,4,0,1024,128,0.08838834764831845,128,896,0.8699516944827838,0.8700614005258424
qwen15,qwen,989aa7980e4cf806f80c7fef2b1adb7bc71aa306,pride,14,5,0,1024,128,0.08838834764831845,128,896,0.957527464002851,0.95821975541346
qwen15,qwen,989aa7980e4cf806f80c7fef2b1adb7bc71aa306,pride,14,6,1,1024,128,0.08838834764831845,128,896,0.6021496250139711,0.6025205009945399
qwen15,qwen,989aa7980e4cf806f80c7fef2b1adb7bc71aa306,pride,14,7,1,1024,128,0.08838834764831845,128,896,0.4726001590994959,0.47264773240540403
qwen15,qwen,989aa7980e4cf806f80c7fef2b1adb7bc71aa306,pride,14,8,1,1024,128,0.08838834764831845,128,896,0.20740953010912014,0.20745580163568936
qwen15,qwen,989aa7980e4cf806f80c7fef2b1adb7bc71aa306,pride,14,9,1,1024,128,0.08838834764831845,128,896,0.2595425508962265,0.2597288717100168
qwen15,qwen,989aa7980e4cf806f80c7fef2b1adb7bc71aa306,pride,14,10,1,1024,128,0.08838834764831845,128,896,0.3009006525678878,0.3011194911321975
qwen15,qwen,989aa7980e4cf806f80c7fef2b1adb7bc71aa306,pride,14,11,1,1024,128,0.08838834764831845,128,896,0.25209305854037534,0.2524246013712727
qwen15,qwen,989aa7980e4cf806f80c7fef2b1adb7bc71aa306,alice,15,0,0,1024,128,0.08838834764831845,128,896,0.32201793276862534,0.32211923387955643
qwen15,qwen,989aa7980e4cf806f80c7fef2b1adb7bc71aa306,alice,15,1,0,1024,128,0.08838834764831845,128,896,0.23613610743545932,0.23654527310089687
qwen15,qwen,989aa7980e4cf806f80c7fef2b1adb7bc71aa306,alice,15,2,0,1024,128,0.08838834764831845,128,896,0.24490842481718486,0.24526513082622228
qwen15,qwen,989aa7980e4cf806f80c7fef2b1adb7bc71aa306,alice,15,3,0,1024,128,0.08838834764831845,128,896,0.34977556766224505,0.3505827162236386
qwen15,qwen,989aa7980e4cf806f80c7fef2b1adb7bc71aa306,alice,15,4,0,1024,128,0.08838834764831845,128,896,0.3227868093518733,0.3231782687261076
qwen15,qwen,989aa7980e4cf806f80c7fef2b1adb7bc71aa306,alice,15,5,0,1024,128,0.08838834764831845,128,896,0.20580238076675922,0.20590237763053104
qwen15,qwen,989aa7980e4cf806f80c7fef2b1adb7bc71aa306,alice,15,6,1,1024,128,0.08838834764831845,128,896,0.1161016422702975,0.11881598318899865
qwen15,qwen,989aa7980e4cf806f80c7fef2b1adb7bc71aa306,alice,15,7,1,1024,128,0.08838834764831845,128,896,4.614151512014172e-08,4.63636011773079e-08
qwen15,qwen,989aa7980e4cf806f80c7fef2b1adb7bc71aa306,alice,15,8,1,1024,128,0.08838834764831845,128,896,0.369178085411696,0.36980805731772676
qwen15,qwen,989aa7980e4cf806f80c7fef2b1adb7bc71aa306,alice,15,9,1,1024,128,0.08838834764831845,128,896,0.319402820077217,0.3195417214834494
qwen15,qwen,989aa7980e4cf806f80c7fef2b1adb7bc71aa306,alice,15,10,1,1024,128,0.08838834764831845,128,896,0.44488491190418905,0.4450495832316652
qwen15,qwen,989aa7980e4cf806f80c7fef2b1adb7bc71aa306,alice,15,11,1,1024,128,0.08838834764831845,128,896,0.05226022456735762,0.05240798444083827
qwen15,qwen,989aa7980e4cf806f80c7fef2b1adb7bc71aa306,moby,15,0,0,1024,128,0.08838834764831845,128,896,0.2592665382251978,0.2601503929253583
qwen15,qwen,989aa7980e4cf806f80c7fef2b1adb7bc71aa306,moby,15,1,0,1024,128,0.08838834764831845,128,896,0.14358362209715292,0.14607543995694622
qwen15,qwen,989aa7980e4cf806f80c7fef2b1adb7bc71aa306,moby,15,2,0,1024,128,0.08838834764831845,128,896,0.24192776354033646,0.24332029791667292
qwen15,qwen,989aa7980e4cf806f80c7fef2b1adb7bc71aa306,moby,15,3,0,1024,128,0.08838834764831845,128,896,0.2936371456545245,0.2962810517723181
qwen15,qwen,989aa7980e4cf806f80c7fef2b1adb7bc71aa306,moby,15,4,0,1024,128,0.08838834764831845,128,896,0.2757143885113522,0.27705091386133496
qwen15,qwen,989aa7980e4cf806f80c7fef2b1adb7bc71aa306,moby,15,5,0,1024,128,0.08838834764831845,128,896,0.21723018502237532,0.21752404544741605
qwen15,qwen,989aa7980e4cf806f80c7fef2b1adb7bc71aa306,moby,15,6,1,1024,128,0.08838834764831845,128,896,0.07711490839700239,0.0788541026300558
qwen15,qwen,989aa7980e4cf806f80c7fef2b1adb7bc71aa306,moby,15,7,1,1024,128,0.08838834764831845,128,896,6.796613565985231e-08,6.797275018729159e-08
qwen15,qwen,989aa7980e4cf806f80c7fef2b1adb7bc71aa306,moby,15,8,1,1024,128,0.08838834764831845,128,896,0.3208600840330817,0.3213398640304841
qwen15,qwen,989aa7980e4cf806f80c7fef2b1adb7bc71aa306,moby,15,9,1,1024,128,0.08838834764831845,128,896,0.28130491505691585,0.2814190820453882
qwen15,qwen,989aa7980e4cf806f80c7fef2b1adb7bc71aa306,moby,15,10,1,1024,128,0.08838834764831845,128,896,0.4285209077403693,0.42878079427925214
qwen15,qwen,989aa7980e4cf806f80c7fef2b1adb7bc71aa306,moby,15,11,1,1024,128,0.08838834764831845,128,896,0.046932215882722485,0.046988060469499396
qwen15,qwen,989aa7980e4cf806f80c7fef2b1adb7bc71aa306,pride,15,0,0,1024,128,0.08838834764831845,128,896,0.2776073411199662,0.27769578090386565
qwen15,qwen,989aa7980e4cf806f80c7fef2b1adb7bc71aa306,pride,15,1,0,1024,128,0.08838834764831845,128,896,0.11384426070060583,0.11412322807756295
qwen15,qwen,989aa7980e4cf806f80c7fef2b1adb7bc71aa306,pride,15,2,0,1024,128,0.08838834764831845,128,896,0.17872921753823515,0.1788999576513179
qwen15,qwen,989aa7980e4cf806f80c7fef2b1adb7bc71aa306,pride,15,3,0,1024,128,0.08838834764831845,128,896,0.21712930250198367,0.21779285234240603
qwen15,qwen,989aa7980e4cf806f80c7fef2b1adb7bc71aa306,pride,15,4,0,1024,128,0.08838834764831845,128,896,0.25263400796847246,0.25289473523377465
qwen15,qwen,989aa7980e4cf806f80c7fef2b1adb7bc71aa306,pride,15,5,0,1024,128,0.08838834764831845,128,896,0.1940595149705031,0.19418872466223897
qwen15,qwen,989aa7980e4cf806f80c7fef2b1adb7bc71aa306,pride,15,6,1,1024,128,0.08838834764831845,128,896,0.06913366742393708,0.06964682683538904
qwen15,qwen,989aa7980e4cf806f80c7fef2b1adb7bc71aa306,pride,15,7,1,1024,128,0.08838834764831845,128,896,4.251642668806816e-06,4.251682289942056e-06
qwen15,qwen,989aa7980e4cf806f80c7fef2b1adb7bc71aa306,pride,15,8,1,1024,128,0.08838834764831845,128,896,0.3344800890026346,0.33462361194449175
qwen15,qwen,989aa7980e4cf806f80c7fef2b1adb7bc71aa306,pride,15,9,1,1024,128,0.08838834764831845,128,896,0.3108315817049932,0.31087165099448566
qwen15,qwen,989aa7980e4cf806f80c7fef2b1adb7bc71aa306,pride,15,10,1,1024,128,0.08838834764831845,128,896,0.3887708882765608,0.38886300484098707
qwen15,qwen,989aa7980e4cf806f80c7fef2b1adb7bc71aa306,pride,15,11,1,1024,128,0.08838834764831845,128,896,0.043537718157184976,0.043562112693646675
qwen15,qwen,989aa7980e4cf806f80c7fef2b1adb7bc71aa306,alice,16,0,0,1024,128,0.08838834764831845,128,896,0.32188479835062733,0.32205911569093537
qwen15,qwen,989aa7980e4cf806f80c7fef2b1adb7bc71aa306,alice,16,1,0,1024,128,0.08838834764831845,128,896,0.40176712130871506,0.40239345838565266
qwen15,qwen,989aa7980e4cf806f80c7fef2b1adb7bc71aa306,alice,16,2,0,1024,128,0.08838834764831845,128,896,0.6796702624512625,0.6800946031912228
qwen15,qwen,989aa7980e4cf806f80c7fef2b1adb7bc71aa306,alice,16,3,0,1024,128,0.08838834764831845,128,896,0.4171059290433085,0.41781476144181173
qwen15,qwen,989aa7980e4cf806f80c7fef2b1adb7bc71aa306,alice,16,4,0,1024,128,0.08838834764831845,128,896,0.33213459387412575,0.3323469678373532
qwen15,qwen,989aa7980e4cf806f80c7fef2b1adb7bc71aa306,alice,16,5,0,1024,128,0.08838834764831845,128,896,0.19761721390226403,0.19850578119138645
qwen15,qwen,989aa7980e4cf806f80c7fef2b1adb7bc71aa306,alice,16,6,1,1024,128,0.08838834764831845,128,896,0.18776794240588832,0.18888886419557885
qwen15,qwen,989aa7980e4cf806f80c7fef2b1adb7bc71aa306,alice,16,7,1,1024,128,0.08838834764831845,128,896,0.3257976928751255,0.3263394173502614
qwen15,qwen,989aa7980e4cf806f80c7fef2b1adb7bc71aa306,alice,16,8,1,1024,128,0.08838834764831845,128,896,0.23940112540040306,0.2397154296664282
qwen15,qwen,989aa7980e4cf806f80c7fef2b1adb7bc71aa306,alice,16,9,1,1024,128,0.08838834764831845,128,896,0.04031592235272275,0.04338757114942016
qwen15,qwen,989aa7980e4cf806f80c7fef2b1adb7bc71aa306,alice,16,10,1,1024,128,0.08838834764831845,128,896,0.46007278875525304,0.4605998946839591
qwen15,qwen,989aa7980e4cf806f80c7fef2b1adb7bc71aa306,alice,16,11,1,1024,128,0.08838834764831845,128,896,0.5151700164585733,0.5157607884259507
qwen15,qwen,989aa7980e4cf806f80c7fef2b1adb7bc71aa306,moby,16,0,0,1024,128,0.08838834764831845,128,896,0.20838476100272652,0.20919794923113066
qwen15,qwen,989aa7980e4cf806f80c7fef2b1adb7bc71aa306,moby,16,1,0,1024,128,0.08838834764831845,128,896,0.3194988888942239,0.3205469476898086
qwen15,qwen,989aa7980e4cf806f80c7fef2b1adb7bc71aa306,moby,16,2,0,1024,128,0.08838834764831845,128,896,0.5292879625120183,0.5331409048539346
qwen15,qwen,989aa7980e4cf806f80c7fef2b1adb7bc71aa306,moby,16,3,0,1024,128,0.08838834764831845,128,896,0.28951448981430755,0.29268416812285564
qwen15,qwen,989aa7980e4cf806f80c7fef2b1adb7bc71aa306,moby,16,4,0,1024,128,0.08838834764831845,128,896,0.2668445336141902,0.26811524160202244
qwen15,qwen,989aa7980e4cf806f80c7fef2b1adb7bc71aa306,moby,16,5,0,1024,128,0.08838834764831845,128,896,0.17453421332250718,0.17566939815267116
qwen15,qwen,989aa7980e4cf806f80c7fef2b1adb7bc71aa306,moby,16,6,1,1024,128,0.08838834764831845,128,896,0.19310013896813372,0.19498919666586417
qwen15,qwen,989aa7980e4cf806f80c7fef2b1adb7bc71aa306,moby,16,7,1,1024,128,0.08838834764831845,128,896,0.25859162274213016,0.26036695834599627
qwen15,qwen,989aa7980e4cf806f80c7fef2b1adb7bc71aa306,moby,16,8,1,1024,128,0.08838834764831845,128,896,0.19615371670797574,0.19660831793552694
qwen15,qwen,989aa7980e4cf806f80c7fef2b1adb7bc71aa306,moby,16,9,1,1024,128,0.08838834764831845,128,896,0.04042106052338034,0.054942402069867446
qwen15,qwen,989aa7980e4cf806f80c7fef2b1adb7bc71aa306,moby,16,10,1,1024,128,0.08838834764831845,128,896,0.42115595748059464,0.42236219237702816
qwen15,qwen,989aa7980e4cf806f80c7fef2b1adb7bc71aa306,moby,16,11,1,1024,128,0.08838834764831845,128,896,0.39570685713814896,0.3986118427299889
qwen15,qwen,989aa7980e4cf806f80c7fef2b1adb7bc71aa306,pride,16,0,0,1024,128,0.08838834764831845,128,896,0.23352554240829862,0.23361783104917647
qwen15,qwen,989aa7980e4cf806f80c7fef2b1adb7bc71aa306,pride,16,1,0,1024,128,0.08838834764831845,128,896,0.255256651050557,0.25548400790070114
qwen15,qwen,989aa7980e4cf806f80c7fef2b1adb7bc71aa306,pride,16,2,0,1024,128,0.08838834764831845,128,896,0.4737320434669129,0.47406609975933867
qwen15,qwen,989aa7980e4cf806f80c7fef2b1adb7bc71aa306,pride,16,3,0,1024,128,0.08838834764831845,128,896,0.2315478188444662,0.23179587291689357
qwen15,qwen,989aa7980e4cf806f80c7fef2b1adb7bc71aa306,pride,16,4,0,1024,128,0.08838834764831845,128,896,0.1954448105051426,0.19551788004667675
qwen15,qwen,989aa7980e4cf806f80c7fef2b1adb7bc71aa306,pride,16,5,0,1024,128,0.08838834764831845,128,896,0.09158718370624705,0.09168706788096873
qwen15,qwen,989aa7980e4cf806f80c7fef2b1adb7bc71aa306,pride,16,6,1,1024,128,0.08838834764831845,128,896,0.1476188246503507,0.1480022682432422
qwen15,qwen,989aa7980e4cf806f80c7fef2b1adb7bc71aa306,pride,16,7,1,1024,128,0.08838834764831845,128,896,0.2129807777993704,0.2130832158338712
qwen15,qwen,989aa7980e4cf806f80c7fef2b1adb7bc71aa306,pride,16,8,1,1024,128,0.08838834764831845,128,896,0.27574956326657757,0.27580436533642205
qwen15,qwen,989aa7980e4cf806f80c7fef2b1adb7bc71aa306,pride,16,9,1,1024,128,0.08838834764831845,128,896,0.029846752944891978,0.030218773764382874
qwen15,qwen,989aa7980e4cf806f80c7fef2b1adb7bc71aa306,pride,16,10,1,1024,128,0.08838834764831845,128,896,0.30102723290255395,0.3011059034396365
qwen15,qwen,989aa7980e4cf806f80c7fef2b1adb7bc71aa306,pride,16,11,1,1024,128,0.08838834764831845,128,896,0.3721213278981178,0.3723377030523096
qwen15,qwen,989aa7980e4cf806f80c7fef2b1adb7bc71aa306,alice,17,0,0,1024,128,0.08838834764831845,128,896,0.2613732468667425,0.2614653115085546
qwen15,qwen,989aa7980e4cf806f80c7fef2b1adb7bc71aa306,alice,17,1,0,1024,128,0.08838834764831845,128,896,0.4039787453390762,0.40472240577570945
qwen15,qwen,989aa7980e4cf806f80c7fef2b1adb7bc71aa306,alice,17,2,0,1024,128,0.08838834764831845,128,896,0.3957008949530007,0.3962482686082544
qwen15,qwen,989aa7980e4cf806f80c7fef2b1adb7bc71aa306,alice,17,3,0,1024,128,0.08838834764831845,128,896,0.2568069118397317,0.2575889321998785
qwen15,qwen,989aa7980e4cf806f80c7fef2b1adb7bc71aa306,alice,17,4,0,1024,128,0.08838834764831845,128,896,0.2862926772625986,0.28680447996218245
qwen15,qwen,989aa7980e4cf806f80c7fef2b1adb7bc71aa306,alice,17,5,0,1024,128,0.08838834764831845,128,896,0.33273655609097574,0.3335330388101325
qwen15,qwen,989aa7980e4cf806f80c7fef2b1adb7bc71aa306,alice,17,6,1,1024,128,0.08838834764831845,128,896,0.5418888802962305,0.543811675663445
qwen15,qwen,989aa7980e4cf806f80c7fef2b1adb7bc71aa306,alice,17,7,1,1024,128,0.08838834764831845,128,896,0.25550171624590534,0.2575220443566605
qwen15,qwen,989aa7980e4cf806f80c7fef2b1adb7bc71aa306,alice,17,8,1,1024,128,0.08838834764831845,128,896,0.5429015210620848,0.5431063662961356
qwen15,qwen,989aa7980e4cf806f80c7fef2b1adb7bc71aa306,alice,17,9,1,1024,128,0.08838834764831845,128,896,0.3636198380676456,0.3657759104585242
qwen15,qwen,989aa7980e4cf806f80c7fef2b1adb7bc71aa306,alice,17,10,1,1024,128,0.08838834764831845,128,896,0.41485880256950664,0.41692270862857866
qwen15,qwen,989aa7980e4cf806f80c7fef2b1adb7bc71aa306,alice,17,11,1,1024,128,0.08838834764831845,128,896,0.4727245219495109,0.4757518566435431
qwen15,qwen,989aa7980e4cf806f80c7fef2b1adb7bc71aa306,moby,17,0,0,1024,128,0.08838834764831845,128,896,0.2158233461664887,0.21593632107169008
qwen15,qwen,989aa7980e4cf806f80c7fef2b1adb7bc71aa306,moby,17,1,0,1024,128,0.08838834764831845,128,896,0.38097623102469386,0.38172546442236693
qwen15,qwen,989aa7980e4cf806f80c7fef2b1adb7bc71aa306,moby,17,2,0,1024,128,0.08838834764831845,128,896,0.33227204797908433,0.33288330094233226
qwen15,qwen,989aa7980e4cf806f80c7fef2b1adb7bc71aa306,moby,17,3,0,1024,128,0.08838834764831845,128,896,0.2517671876594708,0.25240448233769464
qwen15,qwen,989aa7980e4cf806f80c7fef2b1adb7bc71aa306,moby,17,4,0,1024,128,0.08838834764831845,128,896,0.1903069486201209,0.19049965834221738
qwen15,qwen,989aa7980e4cf806f80c7fef2b1adb7bc71aa306,moby,17,5,0,1024,128,0.08838834764831845,128,896,0.23266213428877577,0.23323541430709724
qwen15,qwen,989aa7980e4cf806f80c7fef2b1adb7bc71aa306,moby,17,6,1,1024,128,0.08838834764831845,128,896,0.36779337649996735,0.36920509898578924
qwen15,qwen,989aa7980e4cf806f80c7fef2b1adb7bc71aa306,moby,17,7,1,1024,128,0.08838834764831845,128,896,0.16120021601759213,0.1624232814709842
qwen15,qwen,989aa7980e4cf806f80c7fef2b1adb7bc71aa306,moby,17,8,1,1024,128,0.08838834764831845,128,896,0.5270729824025832,0.527394173476014
qwen15,qwen,989aa7980e4cf806f80c7fef2b1adb7bc71aa306,moby,17,9,1,1024,128,0.08838834764831845,128,896,0.2514943675242845,0.2522116151407852
qwen15,qwen,989aa7980e4cf806f80c7fef2b1adb7bc71aa306,moby,17,10,1,1024,128,0.08838834764831845,128,896,0.3680557761729752,0.3704021415805719
qwen15,qwen,989aa7980e4cf806f80c7fef2b1adb7bc71aa306,moby,17,11,1,1024,128,0.08838834764831845,128,896,0.3452847032656816,0.34715864906346744
qwen15,qwen,989aa7980e4cf806f80c7fef2b1adb7bc71aa306,pride,17,0,0,1024,128,0.08838834764831845,128,896,0.21642459829700397,0.21644123084919056
qwen15,qwen,989aa7980e4cf806f80c7fef2b1adb7bc71aa306,pride,17,1,0,1024,128,0.08838834764831845,128,896,0.30329676047545284,0.30353704585915636
qwen15,qwen,989aa7980e4cf806f80c7fef2b1adb7bc71aa306,pride,17,2,0,1024,128,0.08838834764831845,128,896,0.23152636060506102,0.23177899101598293
qwen15,qwen,989aa7980e4cf806f80c7fef2b1adb7bc71aa306,pride,17,3,0,1024,128,0.08838834764831845,128,896,0.22851930417054375,0.22871605397098743
qwen15,qwen,989aa7980e4cf806f80c7fef2b1adb7bc71aa306,pride,17,4,0,1024,128,0.08838834764831845,128,896,0.20463574851587757,0.20477267047199935
qwen15,qwen,989aa7980e4cf806f80c7fef2b1adb7bc71aa306,pride,17,5,0,1024,128,0.08838834764831845,128,896,0.23757267834093623,0.23778207462498016
qwen15,qwen,989aa7980e4cf806f80c7fef2b1adb7bc71aa306,pride,17,6,1,1024,128,0.08838834764831845,128,896,0.41987613547423636,0.42036162526565873
qwen15,qwen,989aa7980e4cf806f80c7fef2b1adb7bc71aa306,pride,17,7,1,1024,128,0.08838834764831845,128,896,0.22385430182248284,0.2247809621390592
qwen15,qwen,989aa7980e4cf806f80c7fef2b1adb7bc71aa306,pride,17,8,1,1024,128,0.08838834764831845,128,896,0.5497399521660715,0.5498211077928625
qwen15,qwen,989aa7980e4cf806f80c7fef2b1adb7bc71aa306,pride,17,9,1,1024,128,0.08838834764831845,128,896,0.2583752892598983,0.25873481935266823
qwen15,qwen,989aa7980e4cf806f80c7fef2b1adb7bc71aa306,pride,17,10,1,1024,128,0.08838834764831845,128,896,0.34549565252607106,0.34629480501895854
qwen15,qwen,989aa7980e4cf806f80c7fef2b1adb7bc71aa306,pride,17,11,1,1024,128,0.08838834764831845,128,896,0.40565694188967877,0.4073177121475286
qwen15,qwen,989aa7980e4cf806f80c7fef2b1adb7bc71aa306,alice,18,0,0,1024,128,0.08838834764831845,128,896,0.25177313928771866,0.25187725223485025
qwen15,qwen,989aa7980e4cf806f80c7fef2b1adb7bc71aa306,alice,18,1,0,1024,128,0.08838834764831845,128,896,0.4742039756842918,0.474820889680353
qwen15,qwen,989aa7980e4cf806f80c7fef2b1adb7bc71aa306,alice,18,2,0,1024,128,0.08838834764831845,128,896,0.4070062980699433,0.40707706082465844
qwen15,qwen,989aa7980e4cf806f80c7fef2b1adb7bc71aa306,alice,18,3,0,1024,128,0.08838834764831845,128,896,0.49035898777399706,0.49122895752385715
qwen15,qwen,989aa7980e4cf806f80c7fef2b1adb7bc71aa306,alice,18,4,0,1024,128,0.08838834764831845,128,896,0.3265498948880986,0.32665052607717476
qwen15,qwen,989aa7980e4cf806f80c7fef2b1adb7bc71aa306,alice,18,5,0,1024,128,0.08838834764831845,128,896,0.3254446098819095,0.32577021699922526
qwen15,qwen,989aa7980e4cf806f80c7fef2b1adb7bc71aa306,alice,18,6,1,1024,128,0.08838834764831845,128,896,0.39467018031765955,0.39611991397583984
qwen15,qwen,989aa7980e4cf806f80c7fef2b1adb7bc71aa306,alice,18,7,1,1024,128,0.08838834764831845,128,896,0.40406735343668304,0.40427990517962537
qwen15,qwen,989aa7980e4cf806f80c7fef2b1adb7bc71aa306,alice,18,8,1,1024,128,0.08838834764831845,128,896,0.14490944436773298,0.1450017628478176
qwen15,qwen,989aa7980e4cf806f80c7fef2b1adb7bc71aa306,alice,18,9,1,1024,128,0.08838834764831845,128,896,0.5934439805322641,0.5937969962442349
qwen15,qwen,989aa7980e4cf806f80c7fef2b1adb7bc71aa306,alice,18,10,1,1024,128,0.08838834764831845,128,896,0.048883645810948936,0.04895288095849455
qwen15,qwen,989aa7980e4cf806f80c7fef2b1adb7bc71aa306,alice,18,11,1,1024,128,0.08838834764831845,128,896,0.2583445185756794,0.25848893837373366
qwen15,qwen,989aa7980e4cf806f80c7fef2b1adb7bc71aa306,moby,18,0,0,1024,128,0.08838834764831845,128,896,0.19868946449398497,0.19890745105472393
qwen15,qwen,989aa7980e4cf806f80c7fef2b1adb7bc71aa306,moby,18,1,0,1024,128,0.08838834764831845,128,896,0.3443199003382449,0.3456473557370197
qwen15,qwen,989aa7980e4cf806f80c7fef2b1adb7bc71aa306,moby,18,2,0,1024,128,0.08838834764831845,128,896,0.255978926359812,0.2561199132122445
qwen15,qwen,989aa7980e4cf806f80c7fef2b1adb7bc71aa306,moby,18,3,0,1024,128,0.08838834764831845,128,896,0.284180954300234,0.28543738567264804
qwen15,qwen,989aa7980e4cf806f80c7fef2b1adb7bc71aa306,moby,18,4,0,1024,128,0.08838834764831845,128,896,0.24278196483683287,0.24286694957153968
qwen15,qwen,989aa7980e4cf806f80c7fef2b1adb7bc71aa306,moby,18,5,0,1024,128,0.08838834764831845,128,896,0.2096639181101598,0.21035129362976795
qwen15,qwen,989aa7980e4cf806f80c7fef2b1adb7bc71aa306,moby,18,6,1,1024,128,0.08838834764831845,128,896,0.28311737150586674,0.28427731439789267
qwen15,qwen,989aa7980e4cf806f80c7fef2b1adb7bc71aa306,moby,18,7,1,1024,128,0.08838834764831845,128,896,0.3200474634536473,0.3203507634823358
qwen15,qwen,989aa7980e4cf806f80c7fef2b1adb7bc71aa306,moby,18,8,1,1024,128,0.08838834764831845,128,896,0.14497698221011374,0.14508921111909698
qwen15,qwen,989aa7980e4cf806f80c7fef2b1adb7bc71aa306,moby,18,9,1,1024,128,0.08838834764831845,128,896,0.45875206563316456,0.45905629190053965
qwen15,qwen,989aa7980e4cf806f80c7fef2b1adb7bc71aa306,moby,18,10,1,1024,128,0.08838834764831845,128,896,0.0426019242179727,0.042638953045880605
qwen15,qwen,989aa7980e4cf806f80c7fef2b1adb7bc71aa306,moby,18,11,1,1024,128,0.08838834764831845,128,896,0.22566863501375298,0.22584894938344582
qwen15,qwen,989aa7980e4cf806f80c7fef2b1adb7bc71aa306,pride,18,0,0,1024,128,0.08838834764831845,128,896,0.18573497699823274,0.18577170681969143
qwen15,qwen,989aa7980e4cf806f80c7fef2b1adb7bc71aa306,pride,18,1,0,1024,128,0.08838834764831845,128,896,0.37778257558788075,0.3782905783675159
qwen15,qwen,989aa7980e4cf806f80c7fef2b1adb7bc71aa306,pride,18,2,0,1024,128,0.08838834764831845,128,896,0.375689302705916,0.3757385904544944
qwen15,qwen,989aa7980e4cf806f80c7fef2b1adb7bc71aa306,pride,18,3,0,1024,128,0.08838834764831845,128,896,0.2731143998222335,0.27335942124234325
qwen15,qwen,989aa7980e4cf806f80c7fef2b1adb7bc71aa306,pride,18,4,0,1024,128,0.08838834764831845,128,896,0.2800370508638214,0.28009984060052956
qwen15,qwen,989aa7980e4cf806f80c7fef2b1adb7bc71aa306,pride,18,5,0,1024,128,0.08838834764831845,128,896,0.24096480259128933,0.2411449842749712
qwen15,qwen,989aa7980e4cf806f80c7fef2b1adb7bc71aa306,pride,18,6,1,1024,128,0.08838834764831845,128,896,0.344055552636525,0.34446815820697124
qwen15,qwen,989aa7980e4cf806f80c7fef2b1adb7bc71aa306,pride,18,7,1,1024,128,0.08838834764831845,128,896,0.3390003338949752,0.33908494952022783
qwen15,qwen,989aa7980e4cf806f80c7fef2b1adb7bc71aa306,pride,18,8,1,1024,128,0.08838834764831845,128,896,0.1232638914617457,0.12329318983759621
qwen15,qwen,989aa7980e4cf806f80c7fef2b1adb7bc71aa306,pride,18,9,1,1024,128,0.08838834764831845,128,896,0.5434835771030323,0.5435888203157997
qwen15,qwen,989aa7980e4cf806f80c7fef2b1adb7bc71aa306,pride,18,10,1,1024,128,0.08838834764831845,128,896,0.03698062182570618,0.03699990237186004
qwen15,qwen,989aa7980e4cf806f80c7fef2b1adb7bc71aa306,pride,18,11,1,1024,128,0.08838834764831845,128,896,0.20724768262353774,0.20728704285158825
qwen15,qwen,989aa7980e4cf806f80c7fef2b1adb7bc71aa306,alice,19,0,0,1024,128,0.08838834764831845,128,896,0.8327600485843174,0.8329358816052153
qwen15,qwen,989aa7980e4cf806f80c7fef2b1adb7bc71aa306,alice,19,1,0,1024,128,0.08838834764831845,128,896,0.8978963625966863,0.8979593121712659
qwen15,qwen,989aa7980e4cf806f80c7fef2b1adb7bc71aa306,alice,19,2,0,1024,128,0.08838834764831845,128,896,0.6314560698641535,0.6326472750828468
qwen15,qwen,989aa7980e4cf806f80c7fef2b1adb7bc71aa306,alice,19,3,0,1024,128,0.08838834764831845,128,896,0.8100640870763133,0.8102543205299897
qwen15,qwen,989aa7980e4cf806f80c7fef2b1adb7bc71aa306,alice,19,4,0,1024,128,0.08838834764831845,128,896,0.6795513051685075,0.6799869378667569
qwen15,qwen,989aa7980e4cf806f80c7fef2b1adb7bc71aa306,alice,19,5,0,1024,128,0.08838834764831845,128,896,0.9323455370715231,0.93256618887793
qwen15,qwen,989aa7980e4cf806f80c7fef2b1adb7bc71aa306,alice,19,6,1,1024,128,0.08838834764831845,128,896,0.06842529375263894,0.06857482546236315
qwen15,qwen,989aa7980e4cf806f80c7fef2b1adb7bc71aa306,alice,19,7,1,1024,128,0.08838834764831845,128,896,0.5921672819127746,0.5923023563461385
qwen15,qwen,989aa7980e4cf806f80c7fef2b1adb7bc71aa306,alice,19,8,1,1024,128,0.08838834764831845,128,896,0.43489773687848066,0.4351635603344145
qwen15,qwen,989aa7980e4cf806f80c7fef2b1adb7bc71aa306,alice,19,9,1,1024,128,0.08838834764831845,128,896,0.21064829897156426,0.21135826348658512
qwen15,qwen,989aa7980e4cf806f80c7fef2b1adb7bc71aa306,alice,19,10,1,1024,128,0.08838834764831845,128,896,0.6115522220555568,0.6119195173522013
qwen15,qwen,989aa7980e4cf806f80c7fef2b1adb7bc71aa306,alice,19,11,1,1024,128,0.08838834764831845,128,896,0.31104217489915215,0.31114735976570673
qwen15,qwen,989aa7980e4cf806f80c7fef2b1adb7bc71aa306,moby,19,0,0,1024,128,0.08838834764831845,128,896,0.6149794824064264,0.6158422266052919
qwen15,qwen,989aa7980e4cf806f80c7fef2b1adb7bc71aa306,moby,19,1,0,1024,128,0.08838834764831845,128,896,0.7954560387223839,0.7961591552375592
qwen15,qwen,989aa7980e4cf806f80c7fef2b1adb7bc71aa306,moby,19,2,0,1024,128,0.08838834764831845,128,896,0.41033557223345046,0.4111774887527697
qwen15,qwen,989aa7980e4cf806f80c7fef2b1adb7bc71aa306,moby,19,3,0,1024,128,0.08838834764831845,128,896,0.7090429556858181,0.7099070092933139
qwen15,qwen,989aa7980e4cf806f80c7fef2b1adb7bc71aa306,moby,19,4,0,1024,128,0.08838834764831845,128,896,0.5089413886817994,0.510029704113854
qwen15,qwen,989aa7980e4cf806f80c7fef2b1adb7bc71aa306,moby,19,5,0,1024,128,0.08838834764831845,128,896,0.8377050919105008,0.8385743957242823
qwen15,qwen,989aa7980e4cf806f80c7fef2b1adb7bc71aa306,moby,19,6,1,1024,128,0.08838834764831845,128,896,0.039080854987568754,0.0392573516728089
qwen15,qwen,989aa7980e4cf806f80c7fef2b1adb7bc71aa306,moby,19,7,1,1024,128,0.08838834764831845,128,896,0.6005179725879117,0.6007231972254229
qwen15,qwen,989aa7980e4cf806f80c7fef2b1adb7bc71aa306,moby,19,8,1,1024,128,0.08838834764831845,128,896,0.4406985418423181,0.4408678252678924
qwen15,qwen,989aa7980e4cf806f80c7fef2b1adb7bc71aa306,moby,19,9,1,1024,128,0.08838834764831845,128,896,0.11592916024081101,0.1162932922745907
qwen15,qwen,989aa7980e4cf806f80c7fef2b1adb7bc71aa306,moby,19,10,1,1024,128,0.08838834764831845,128,896,0.5693126406724305,0.5697473090488382
qwen15,qwen,989aa7980e4cf806f80c7fef2b1adb7bc71aa306,moby,19,11,1,1024,128,0.08838834764831845,128,896,0.1786655551897268,0.17878693832794626
qwen15,qwen,989aa7980e4cf806f80c7fef2b1adb7bc71aa306,pride,19,0,0,1024,128,0.08838834764831845,128,896,0.7505605088824938,0.7509424417237186
qwen15,qwen,989aa7980e4cf806f80c7fef2b1adb7bc71aa306,pride,19,1,0,1024,128,0.08838834764831845,128,896,0.7710484526782525,0.7713242111963119
qwen15,qwen,989aa7980e4cf806f80c7fef2b1adb7bc71aa306,pride,19,2,0,1024,128,0.08838834764831845,128,896,0.579583154640104,0.5805918505460993
qwen15,qwen,989aa7980e4cf806f80c7fef2b1adb7bc71aa306,pride,19,3,0,1024,128,0.08838834764831845,128,896,0.6785475148987764,0.679141422393985
qwen15,qwen,989aa7980e4cf806f80c7fef2b1adb7bc71aa306,pride,19,4,0,1024,128,0.08838834764831845,128,896,0.568490095964696,0.5692211606027937
qwen15,qwen,989aa7980e4cf806f80c7fef2b1adb7bc71aa306,pride,19,5,0,1024,128,0.08838834764831845,128,896,0.885554386187177,0.8872613781942962
qwen15,qwen,989aa7980e4cf806f80c7fef2b1adb7bc71aa306,pride,19,6,1,1024,128,0.08838834764831845,128,896,0.05077037465981111,0.05096542713416372
qwen15,qwen,989aa7980e4cf806f80c7fef2b1adb7bc71aa306,pride,19,7,1,1024,128,0.08838834764831845,128,896,0.6011576644201082,0.601189417582946
qwen15,qwen,989aa7980e4cf806f80c7fef2b1adb7bc71aa306,pride,19,8,1,1024,128,0.08838834764831845,128,896,0.4799128720840936,0.47999565522769266
qwen15,qwen,989aa7980e4cf806f80c7fef2b1adb7bc71aa306,pride,19,9,1,1024,128,0.08838834764831845,128,896,0.13488905428193715,0.13504788777887536
qwen15,qwen,989aa7980e4cf806f80c7fef2b1adb7bc71aa306,pride,19,10,1,1024,128,0.08838834764831845,128,896,0.4789257429871311,0.47919341484928596
qwen15,qwen,989aa7980e4cf806f80c7fef2b1adb7bc71aa306,pride,19,11,1,1024,128,0.08838834764831845,128,896,0.24029709434092567,0.24035376493812896
qwen15,qwen,989aa7980e4cf806f80c7fef2b1adb7bc71aa306,alice,20,0,0,1024,128,0.08838834764831845,128,896,0.383478571357522,0.38389036455209435
qwen15,qwen,989aa7980e4cf806f80c7fef2b1adb7bc71aa306,alice,20,1,0,1024,128,0.08838834764831845,128,896,0.7062496317134502,0.7069842921223756
qwen15,qwen,989aa7980e4cf806f80c7fef2b1adb7bc71aa306,alice,20,2,0,1024,128,0.08838834764831845,128,896,0.7344650256597262,0.734808203083766
qwen15,qwen,989aa7980e4cf806f80c7fef2b1adb7bc71aa306,alice,20,3,0,1024,128,0.08838834764831845,128,896,0.753808648018093,0.7539414270068959
qwen15,qwen,989aa7980e4cf806f80c7fef2b1adb7bc71aa306,alice,20,4,0,1024,128,0.08838834764831845,128,896,0.604435219795092,0.6049731534412375
qwen15,qwen,989aa7980e4cf806f80c7fef2b1adb7bc71aa306,alice,20,5,0,1024,128,0.08838834764831845,128,896,0.5223254206832508,0.5225580292807873
qwen15,qwen,989aa7980e4cf806f80c7fef2b1adb7bc71aa306,alice,20,6,1,1024,128,0.08838834764831845,128,896,0.408061476442502,0.4091442758636848
qwen15,qwen,989aa7980e4cf806f80c7fef2b1adb7bc71aa306,alice,20,7,1,1024,128,0.08838834764831845,128,896,0.10830256861903072,0.1087305908288522
qwen15,qwen,989aa7980e4cf806f80c7fef2b1adb7bc71aa306,alice,20,8,1,1024,128,0.08838834764831845,128,896,0.2812029062318404,0.281270463201931
qwen15,qwen,989aa7980e4cf806f80c7fef2b1adb7bc71aa306,alice,20,9,1,1024,128,0.08838834764831845,128,896,0.5372694403995155,0.5374977164707907
qwen15,qwen,989aa7980e4cf806f80c7fef2b1adb7bc71aa306,alice,20,10,1,1024,128,0.08838834764831845,128,896,0.36979093679521025,0.3702940419803632
qwen15,qwen,989aa7980e4cf806f80c7fef2b1adb7bc71aa306,alice,20,11,1,1024,128,0.08838834764831845,128,896,0.2801533135227943,0.28043021846184696
qwen15,qwen,989aa7980e4cf806f80c7fef2b1adb7bc71aa306,moby,20,0,0,1024,128,0.08838834764831845,128,896,0.26712306504563277,0.2677643857149707
qwen15,qwen,989aa7980e4cf806f80c7fef2b1adb7bc71aa306,moby,20,1,0,1024,128,0.08838834764831845,128,896,0.5631230374392462,0.56437732278192
qwen15,qwen,989aa7980e4cf806f80c7fef2b1adb7bc71aa306,moby,20,2,0,1024,128,0.08838834764831845,128,896,0.568337995090607,0.5691344241232078
qwen15,qwen,989aa7980e4cf806f80c7fef2b1adb7bc71aa306,moby,20,3,0,1024,128,0.08838834764831845,128,896,0.552072044434814,0.5525527507642591
qwen15,qwen,989aa7980e4cf806f80c7fef2b1adb7bc71aa306,moby,20,4,0,1024,128,0.08838834764831845,128,896,0.5207069079920101,0.5214734455883636
qwen15,qwen,989aa7980e4cf806f80c7fef2b1adb7bc71aa306,moby,20,5,0,1024,128,0.08838834764831845,128,896,0.3943647165349648,0.39536152215811143
qwen15,qwen,989aa7980e4cf806f80c7fef2b1adb7bc71aa306,moby,20,6,1,1024,128,0.08838834764831845,128,896,0.35422128759117155,0.3557741226594517
qwen15,qwen,989aa7980e4cf806f80c7fef2b1adb7bc71aa306,moby,20,7,1,1024,128,0.08838834764831845,128,896,0.07333799231879587,0.0741380679912832
qwen15,qwen,989aa7980e4cf806f80c7fef2b1adb7bc71aa306,moby,20,8,1,1024,128,0.08838834764831845,128,896,0.2064671208128364,0.2068229197400838
qwen15,qwen,989aa7980e4cf806f80c7fef2b1adb7bc71aa306,moby,20,9,1,1024,128,0.08838834764831845,128,896,0.3783116849280161,0.3809588456817759
qwen15,qwen,989aa7980e4cf806f80c7fef2b1adb7bc71aa306,moby,20,10,1,1024,128,0.08838834764831845,128,896,0.37425167614580246,0.3749892063903498
qwen15,qwen,989aa7980e4cf806f80c7fef2b1adb7bc71aa306,moby,20,11,1,1024,128,0.08838834764831845,128,896,0.25853383227713767,0.2606200480228555
qwen15,qwen,989aa7980e4cf806f80c7fef2b1adb7bc71aa306,pride,20,0,0,1024,128,0.08838834764831845,128,896,0.3114244040270814,0.3115618108269071
qwen15,qwen,989aa7980e4cf806f80c7fef2b1adb7bc71aa306,pride,20,1,0,1024,128,0.08838834764831845,128,896,0.6265970076232893,0.6273018008317878
qwen15,qwen,989aa7980e4cf806f80c7fef2b1adb7bc71aa306,pride,20,2,0,1024,128,0.08838834764831845,128,896,0.6980185033090739,0.6980906193305313
qwen15,qwen,989aa7980e4cf806f80c7fef2b1adb7bc71aa306,pride,20,3,0,1024,128,0.08838834764831845,128,896,0.6242264466632012,0.6244313076821407
qwen15,qwen,989aa7980e4cf806f80c7fef2b1adb7bc71aa306,pride,20,4,0,1024,128,0.08838834764831845,128,896,0.48480160265584216,0.48488163412456237
qwen15,qwen,989aa7980e4cf806f80c7fef2b1adb7bc71aa306,pride,20,5,0,1024,128,0.08838834764831845,128,896,0.4088364448184984,0.4088977196821268
qwen15,qwen,989aa7980e4cf806f80c7fef2b1adb7bc71aa306,pride,20,6,1,1024,128,0.08838834764831845,128,896,0.2801103327044447,0.2802313730823695
qwen15,qwen,989aa7980e4cf806f80c7fef2b1adb7bc71aa306,pride,20,7,1,1024,128,0.08838834764831845,128,896,0.056864089061545504,0.05705164703535676
qwen15,qwen,989aa7980e4cf806f80c7fef2b1adb7bc71aa306,pride,20,8,1,1024,128,0.08838834764831845,128,896,0.33773558872897774,0.3377809250835216
qwen15,qwen,989aa7980e4cf806f80c7fef2b1adb7bc71aa306,pride,20,9,1,1024,128,0.08838834764831845,128,896,0.38748847685551596,0.38778665168974674
qwen15,qwen,989aa7980e4cf806f80c7fef2b1adb7bc71aa306,pride,20,10,1,1024,128,0.08838834764831845,128,896,0.42955536414113604,0.429689620900812
qwen15,qwen,989aa7980e4cf806f80c7fef2b1adb7bc71aa306,pride,20,11,1,1024,128,0.08838834764831845,128,896,0.2650907066132463,0.26518443417961446
qwen15,qwen,989aa7980e4cf806f80c7fef2b1adb7bc71aa306,alice,21,0,0,1024,128,0.08838834764831845,128,896,0.5499647867555265,0.550355482695088
qwen15,qwen,989aa7980e4cf806f80c7fef2b1adb7bc71aa306,alice,21,1,0,1024,128,0.08838834764831845,128,896,0.6191577402581379,0.620656040196396
qwen15,qwen,989aa7980e4cf806f80c7fef2b1adb7bc71aa306,alice,21,2,0,1024,128,0.08838834764831845,128,896,0.1698042083775339,0.17423527229510044
qwen15,qwen,989aa7980e4cf806f80c7fef2b1adb7bc71aa306,alice,21,3,0,1024,128,0.08838834764831845,128,896,0.45529091676171,0.4556652484607858
qwen15,qwen,989aa7980e4cf806f80c7fef2b1adb7bc71aa306,alice,21,4,0,1024,128,0.08838834764831845,128,896,0.47242744293919403,0.47281966199823694
qwen15,qwen,989aa7980e4cf806f80c7fef2b1adb7bc71aa306,alice,21,5,0,1024,128,0.08838834764831845,128,896,0.4401049523912738,0.4421473635990832
qwen15,qwen,989aa7980e4cf806f80c7fef2b1adb7bc71aa306,alice,21,6,1,1024,128,0.08838834764831845,128,896,0.5681830136593169,0.5685865080439332
qwen15,qwen,989aa7980e4cf806f80c7fef2b1adb7bc71aa306,alice,21,7,1,1024,128,0.08838834764831845,128,896,0.36732605428147236,0.36786965155155904
qwen15,qwen,989aa7980e4cf806f80c7fef2b1adb7bc71aa306,alice,21,8,1,1024,128,0.08838834764831845,128,896,0.5020041517977142,0.5021565758512205
qwen15,qwen,989aa7980e4cf806f80c7fef2b1adb7bc71aa306,alice,21,9,1,1024,128,0.08838834764831845,128,896,0.5178956157329985,0.5183660145620543
qwen15,qwen,989aa7980e4cf806f80c7fef2b1adb7bc71aa306,alice,21,10,1,1024,128,0.08838834764831845,128,896,0.5203623144054778,0.5205899948436928
qwen15,qwen,989aa7980e4cf806f80c7fef2b1adb7bc71aa306,alice,21,11,1,1024,128,0.08838834764831845,128,896,0.6655111487548583,0.6660275410708938
qwen15,qwen,989aa7980e4cf806f80c7fef2b1adb7bc71aa306,moby,21,0,0,1024,128,0.08838834764831845,128,896,0.3691283932112991,0.371398104332587
qwen15,qwen,989aa7980e4cf806f80c7fef2b1adb7bc71aa306,moby,21,1,0,1024,128,0.08838834764831845,128,896,0.34771232150162773,0.34839317561647737
qwen15,qwen,989aa7980e4cf806f80c7fef2b1adb7bc71aa306,moby,21,2,0,1024,128,0.08838834764831845,128,896,0.14771977651725338,0.15188967900625722
qwen15,qwen,989aa7980e4cf806f80c7fef2b1adb7bc71aa306,moby,21,3,0,1024,128,0.08838834764831845,128,896,0.21385056327726668,0.21420879604296814
qwen15,qwen,989aa7980e4cf806f80c7fef2b1adb7bc71aa306,moby,21,4,0,1024,128,0.08838834764831845,128,896,0.31173129689701057,0.312489184072517
qwen15,qwen,989aa7980e4cf806f80c7fef2b1adb7bc71aa306,moby,21,5,0,1024,128,0.08838834764831845,128,896,0.33132345548733194,0.3365253526149522
qwen15,qwen,989aa7980e4cf806f80c7fef2b1adb7bc71aa306,moby,21,6,1,1024,128,0.08838834764831845,128,896,0.49660622603551147,0.49820916555284145
qwen15,qwen,989aa7980e4cf806f80c7fef2b1adb7bc71aa306,moby,21,7,1,1024,128,0.08838834764831845,128,896,0.2979797189898391,0.2989140821575433
qwen15,qwen,989aa7980e4cf806f80c7fef2b1adb7bc71aa306,moby,21,8,1,1024,128,0.08838834764831845,128,896,0.3718052655660369,0.37258609257950187
qwen15,qwen,989aa7980e4cf806f80c7fef2b1adb7bc71aa306,moby,21,9,1,1024,128,0.08838834764831845,128,896,0.45736062053196175,0.4595429820982905
qwen15,qwen,989aa7980e4cf806f80c7fef2b1adb7bc71aa306,moby,21,10,1,1024,128,0.08838834764831845,128,896,0.4118511796285248,0.4125675028525508
qwen15,qwen,989aa7980e4cf806f80c7fef2b1adb7bc71aa306,moby,21,11,1,1024,128,0.08838834764831845,128,896,0.6241460802942884,0.6259414170576741
qwen15,qwen,989aa7980e4cf806f80c7fef2b1adb7bc71aa306,pride,21,0,0,1024,128,0.08838834764831845,128,896,0.5396280784092039,0.5397456691986311
qwen15,qwen,989aa7980e4cf806f80c7fef2b1adb7bc71aa306,pride,21,1,0,1024,128,0.08838834764831845,128,896,0.47579245869964504,0.47605276873799707
qwen15,qwen,989aa7980e4cf806f80c7fef2b1adb7bc71aa306,pride,21,2,0,1024,128,0.08838834764831845,128,896,0.07853333100969019,0.07877812882348646
qwen15,qwen,989aa7980e4cf806f80c7fef2b1adb7bc71aa306,pride,21,3,0,1024,128,0.08838834764831845,128,896,0.3560632580800327,0.35624347260598205
qwen15,qwen,989aa7980e4cf806f80c7fef2b1adb7bc71aa306,pride,21,4,0,1024,128,0.08838834764831845,128,896,0.5164420636043331,0.5166109231605874
qwen15,qwen,989aa7980e4cf806f80c7fef2b1adb7bc71aa306,pride,21,5,0,1024,128,0.08838834764831845,128,896,0.2781682994111186,0.27832430917552164
qwen15,qwen,989aa7980e4cf806f80c7fef2b1adb7bc71aa306,pride,21,6,1,1024,128,0.08838834764831845,128,896,0.34999955821243856,0.35022879695575077
qwen15,qwen,989aa7980e4cf806f80c7fef2b1adb7bc71aa306,pride,21,7,1,1024,128,0.08838834764831845,128,896,0.2822973817509893,0.28236871240420885
qwen15,qwen,989aa7980e4cf806f80c7fef2b1adb7bc71aa306,pride,21,8,1,1024,128,0.08838834764831845,128,896,0.351548895610598,0.35163338536061967
qwen15,qwen,989aa7980e4cf806f80c7fef2b1adb7bc71aa306,pride,21,9,1,1024,128,0.08838834764831845,128,896,0.31426173851294564,0.3143440760757986
qwen15,qwen,989aa7980e4cf806f80c7fef2b1adb7bc71aa306,pride,21,10,1,1024,128,0.08838834764831845,128,896,0.412351884901287,0.41245340748722076
qwen15,qwen,989aa7980e4cf806f80c7fef2b1adb7bc71aa306,pride,21,11,1,1024,128,0.08838834764831845,128,896,0.46406883006990024,0.4642767933394451
qwen15,qwen,989aa7980e4cf806f80c7fef2b1adb7bc71aa306,alice,22,0,0,1024,128,0.08838834764831845,128,896,0.7344948413218969,0.7345713285590918
qwen15,qwen,989aa7980e4cf806f80c7fef2b1adb7bc71aa306,alice,22,1,0,1024,128,0.08838834764831845,128,896,0.6387878135298486,0.6388901527551558
qwen15,qwen,989aa7980e4cf806f80c7fef2b1adb7bc71aa306,alice,22,2,0,1024,128,0.08838834764831845,128,896,0.5961679886831162,0.5962792197115896
qwen15,qwen,989aa7980e4cf806f80c7fef2b1adb7bc71aa306,alice,22,3,0,1024,128,0.08838834764831845,128,896,0.4447621449125689,0.4449378161366731
qwen15,qwen,989aa7980e4cf806f80c7fef2b1adb7bc71aa306,alice,22,4,0,1024,128,0.08838834764831845,128,896,0.5042815761837114,0.5045618529815682
qwen15,qwen,989aa7980e4cf806f80c7fef2b1adb7bc71aa306,alice,22,5,0,1024,128,0.08838834764831845,128,896,0.4057121853708296,0.405959963248071
qwen15,qwen,989aa7980e4cf806f80c7fef2b1adb7bc71aa306,alice,22,6,1,1024,128,0.08838834764831845,128,896,0.6537597873589046,0.6553990694378158
qwen15,qwen,989aa7980e4cf806f80c7fef2b1adb7bc71aa306,alice,22,7,1,1024,128,0.08838834764831845,128,896,0.7259534455785294,0.726900556472492
qwen15,qwen,989aa7980e4cf806f80c7fef2b1adb7bc71aa306,alice,22,8,1,1024,128,0.08838834764831845,128,896,0.6853256859503659,0.6858144985031351
qwen15,qwen,989aa7980e4cf806f80c7fef2b1adb7bc71aa306,alice,22,9,1,1024,128,0.08838834764831845,128,896,0.4879086554626638,0.4882503027325732
qwen15,qwen,989aa7980e4cf806f80c7fef2b1adb7bc71aa306,alice,22,10,1,1024,128,0.08838834764831845,128,896,0.7535223766668062,0.754007893766161
qwen15,qwen,989aa7980e4cf806f80c7fef2b1adb7bc71aa306,alice,22,11,1,1024,128,0.08838834764831845,128,896,0.6642492834372018,0.6646952152985383
qwen15,qwen,989aa7980e4cf806f80c7fef2b1adb7bc71aa306,moby,22,0,0,1024,128,0.08838834764831845,128,896,0.5170866552325591,0.5171786903204568
qwen15,qwen,989aa7980e4cf806f80c7fef2b1adb7bc71aa306,moby,22,1,0,1024,128,0.08838834764831845,128,896,0.460281306154059,0.4606968745083898
qwen15,qwen,989aa7980e4cf806f80c7fef2b1adb7bc71aa306,moby,22,2,0,1024,128,0.08838834764831845,128,896,0.5638075298666569,0.56395169950478
qwen15,qwen,989aa7980e4cf806f80c7fef2b1adb7bc71aa306,moby,22,3,0,1024,128,0.08838834764831845,128,896,0.23901266825718964,0.23946022467302322
qwen15,qwen,989aa7980e4cf806f80c7fef2b1adb7bc71aa306,moby,22,4,0,1024,128,0.08838834764831845,128,896,0.3829405791428043,0.3833284480610641
qwen15,qwen,989aa7980e4cf806f80c7fef2b1adb7bc71aa306,moby,22,5,0,1024,128,0.08838834764831845,128,896,0.3067959558800902,0.307421746678819
qwen15,qwen,989aa7980e4cf806f80c7fef2b1adb7bc71aa306,moby,22,6,1,1024,128,0.08838834764831845,128,896,0.48706041153266755,0.48891055776528053
qwen15,qwen,989aa7980e4cf806f80c7fef2b1adb7bc71aa306,moby,22,7,1,1024,128,0.08838834764831845,128,896,0.7683446960654993,0.7690868789726387
qwen15,qwen,989aa7980e4cf806f80c7fef2b1adb7bc71aa306,moby,22,8,1,1024,128,0.08838834764831845,128,896,0.6391140712345249,0.6393622074095795
qwen15,qwen,989aa7980e4cf806f80c7fef2b1adb7bc71aa306,moby,22,9,1,1024,128,0.08838834764831845,128,896,0.4768889232782105,0.4772971190961501
qwen15,qwen,989aa7980e4cf806f80c7fef2b1adb7bc71aa306,moby,22,10,1,1024,128,0.08838834764831845,128,896,0.6500085651727653,0.6501542070216716
qwen15,qwen,989aa7980e4cf806f80c7fef2b1adb7bc71aa306,moby,22,11,1,1024,128,0.08838834764831845,128,896,0.5904090460666316,0.5911798927518843
qwen15,qwen,989aa7980e4cf806f80c7fef2b1adb7bc71aa306,pride,22,0,0,1024,128,0.08838834764831845,128,896,0.6641457988521691,0.6642588825534654
qwen15,qwen,989aa7980e4cf806f80c7fef2b1adb7bc71aa306,pride,22,1,0,1024,128,0.08838834764831845,128,896,0.5864959407909904,0.5867183777376315
qwen15,qwen,989aa7980e4cf806f80c7fef2b1adb7bc71aa306,pride,22,2,0,1024,128,0.08838834764831845,128,896,0.5176323841484164,0.5177056296146512
qwen15,qwen,989aa7980e4cf806f80c7fef2b1adb7bc71aa306,pride,22,3,0,1024,128,0.08838834764831845,128,896,0.3657254860854961,0.3658789017504217
qwen15,qwen,989aa7980e4cf806f80c7fef2b1adb7bc71aa306,pride,22,4,0,1024,128,0.08838834764831845,128,896,0.3812299797143613,0.38158662558394496
qwen15,qwen,989aa7980e4cf806f80c7fef2b1adb7bc71aa306,pride,22,5,0,1024,128,0.08838834764831845,128,896,0.3704849021716803,0.3708977461924658
qwen15,qwen,989aa7980e4cf806f80c7fef2b1adb7bc71aa306,pride,22,6,1,1024,128,0.08838834764831845,128,896,0.5647562528059996,0.5651000697204407
qwen15,qwen,989aa7980e4cf806f80c7fef2b1adb7bc71aa306,pride,22,7,1,1024,128,0.08838834764831845,128,896,0.6257062512681936,0.6258256717837869
qwen15,qwen,989aa7980e4cf806f80c7fef2b1adb7bc71aa306,pride,22,8,1,1024,128,0.08838834764831845,128,896,0.7549591930668468,0.7550713249606311
qwen15,qwen,989aa7980e4cf806f80c7fef2b1adb7bc71aa306,pride,22,9,1,1024,128,0.08838834764831845,128,896,0.4911230079288843,0.4912730973531129
qwen15,qwen,989aa7980e4cf806f80c7fef2b1adb7bc71aa306,pride,22,10,1,1024,128,0.08838834764831845,128,896,0.6773678933888385,0.6774297283502355
qwen15,qwen,989aa7980e4cf806f80c7fef2b1adb7bc71aa306,pride,22,11,1,1024,128,0.08838834764831845,128,896,0.5536105032817301,0.5537284393093137
qwen15,qwen,989aa7980e4cf806f80c7fef2b1adb7bc71aa306,alice,23,0,0,1024,128,0.08838834764831845,128,896,0.8026812362814496,0.8027779011841212
qwen15,qwen,989aa7980e4cf806f80c7fef2b1adb7bc71aa306,alice,23,1,0,1024,128,0.08838834764831845,128,896,0.7841516060366237,0.7846983693083359
qwen15,qwen,989aa7980e4cf806f80c7fef2b1adb7bc71aa306,alice,23,2,0,1024,128,0.08838834764831845,128,896,0.903437434571419,0.9036646208088125
qwen15,qwen,989aa7980e4cf806f80c7fef2b1adb7bc71aa306,alice,23,3,0,1024,128,0.08838834764831845,128,896,0.7725749634969407,0.7727022646473544
qwen15,qwen,989aa7980e4cf806f80c7fef2b1adb7bc71aa306,alice,23,4,0,1024,128,0.08838834764831845,128,896,0.7383765816418537,0.7384999028681765
qwen15,qwen,989aa7980e4cf806f80c7fef2b1adb7bc71aa306,alice,23,5,0,1024,128,0.08838834764831845,128,896,0.5121476013988885,0.5125953941479062
qwen15,qwen,989aa7980e4cf806f80c7fef2b1adb7bc71aa306,alice,23,6,1,1024,128,0.08838834764831845,128,896,0.5016755213353962,0.5019572204916724
qwen15,qwen,989aa7980e4cf806f80c7fef2b1adb7bc71aa306,alice,23,7,1,1024,128,0.08838834764831845,128,896,0.3632746731248827,0.3637691909989612
qwen15,qwen,989aa7980e4cf806f80c7fef2b1adb7bc71aa306,alice,23,8,1,1024,128,0.08838834764831845,128,896,0.6227549084254334,0.6234496838646754
qwen15,qwen,989aa7980e4cf806f80c7fef2b1adb7bc71aa306,alice,23,9,1,1024,128,0.08838834764831845,128,896,0.46156614360333353,0.4616655904255255
qwen15,qwen,989aa7980e4cf806f80c7fef2b1adb7bc71aa306,alice,23,10,1,1024,128,0.08838834764831845,128,896,0.5231430959371607,0.5235613385525558
qwen15,qwen,989aa7980e4cf806f80c7fef2b1adb7bc71aa306,alice,23,11,1,1024,128,0.08838834764831845,128,896,0.6702924282425257,0.670376136876967
qwen15,qwen,989aa7980e4cf806f80c7fef2b1adb7bc71aa306,moby,23,0,0,1024,128,0.08838834764831845,128,896,0.7311611528580577,0.7313185533482016
qwen15,qwen,989aa7980e4cf806f80c7fef2b1adb7bc71aa306,moby,23,1,0,1024,128,0.08838834764831845,128,896,0.7624819845986053,0.7636760827885967
qwen15,qwen,989aa7980e4cf806f80c7fef2b1adb7bc71aa306,moby,23,2,0,1024,128,0.08838834764831845,128,896,0.8687619111474489,0.8694072874528904
qwen15,qwen,989aa7980e4cf806f80c7fef2b1adb7bc71aa306,moby,23,3,0,1024,128,0.08838834764831845,128,896,0.6904019601500323,0.6906515010907129
qwen15,qwen,989aa7980e4cf806f80c7fef2b1adb7bc71aa306,moby,23,4,0,1024,128,0.08838834764831845,128,896,0.7567686318210605,0.758920953311917
qwen15,qwen,989aa7980e4cf806f80c7fef2b1adb7bc71aa306,moby,23,5,0,1024,128,0.08838834764831845,128,896,0.6050343050943442,0.6060090909716116
qwen15,qwen,989aa7980e4cf806f80c7fef2b1adb7bc71aa306,moby,23,6,1,1024,128,0.08838834764831845,128,896,0.4821560433282969,0.48252901720739505
qwen15,qwen,989aa7980e4cf806f80c7fef2b1adb7bc71aa306,moby,23,7,1,1024,128,0.08838834764831845,128,896,0.33111269808233273,0.3320620319981042
qwen15,qwen,989aa7980e4cf806f80c7fef2b1adb7bc71aa306,moby,23,8,1,1024,128,0.08838834764831845,128,896,0.5541088788357078,0.5557312273194278
qwen15,qwen,989aa7980e4cf806f80c7fef2b1adb7bc71aa306,moby,23,9,1,1024,128,0.08838834764831845,128,896,0.4035281225215121,0.40387078300400275
qwen15,qwen,989aa7980e4cf806f80c7fef2b1adb7bc71aa306,moby,23,10,1,1024,128,0.08838834764831845,128,896,0.49809219949905165,0.49853474518126256
qwen15,qwen,989aa7980e4cf806f80c7fef2b1adb7bc71aa306,moby,23,11,1,1024,128,0.08838834764831845,128,896,0.5467328850365578,0.5469755915927098
qwen15,qwen,989aa7980e4cf806f80c7fef2b1adb7bc71aa306,pride,23,0,0,1024,128,0.08838834764831845,128,896,0.6785090760167937,0.6790493531970954
qwen15,qwen,989aa7980e4cf806f80c7fef2b1adb7bc71aa306,pride,23,1,0,1024,128,0.08838834764831845,128,896,0.6796543297124601,0.6797634190480489
qwen15,qwen,989aa7980e4cf806f80c7fef2b1adb7bc71aa306,pride,23,2,0,1024,128,0.08838834764831845,128,896,0.8295095426152309,0.8297416091416859
qwen15,qwen,989aa7980e4cf806f80c7fef2b1adb7bc71aa306,pride,23,3,0,1024,128,0.08838834764831845,128,896,0.7428732188455225,0.7429641271075164
qwen15,qwen,989aa7980e4cf806f80c7fef2b1adb7bc71aa306,pride,23,4,0,1024,128,0.08838834764831845,128,896,0.6161733074688568,0.616340578838107
qwen15,qwen,989aa7980e4cf806f80c7fef2b1adb7bc71aa306,pride,23,5,0,1024,128,0.08838834764831845,128,896,0.6834284599495584,0.6834737633340425
qwen15,qwen,989aa7980e4cf806f80c7fef2b1adb7bc71aa306,pride,23,6,1,1024,128,0.08838834764831845,128,896,0.4084320639694784,0.4087315993732741
qwen15,qwen,989aa7980e4cf806f80c7fef2b1adb7bc71aa306,pride,23,7,1,1024,128,0.08838834764831845,128,896,0.3775937347080093,0.3782385572760246
qwen15,qwen,989aa7980e4cf806f80c7fef2b1adb7bc71aa306,pride,23,8,1,1024,128,0.08838834764831845,128,896,0.45561266411251944,0.4559888015133416
qwen15,qwen,989aa7980e4cf806f80c7fef2b1adb7bc71aa306,pride,23,9,1,1024,128,0.08838834764831845,128,896,0.4217271002572041,0.4218151549755728
qwen15,qwen,989aa7980e4cf806f80c7fef2b1adb7bc71aa306,pride,23,10,1,1024,128,0.08838834764831845,128,896,0.4709785104461694,0.47108569076203155
qwen15,qwen,989aa7980e4cf806f80c7fef2b1adb7bc71aa306,pride,23,11,1,1024,128,0.08838834764831845,128,896,0.61949825715052,0.6196140236718893
qwen15,qwen,989aa7980e4cf806f80c7fef2b1adb7bc71aa306,alice,24,0,0,1024,128,0.08838834764831845,128,896,0.6508551485809824,0.6509907742659146
qwen15,qwen,989aa7980e4cf806f80c7fef2b1adb7bc71aa306,alice,24,1,0,1024,128,0.08838834764831845,128,896,0.5857733942394834,0.5858821569684691
qwen15,qwen,989aa7980e4cf806f80c7fef2b1adb7bc71aa306,alice,24,2,0,1024,128,0.08838834764831845,128,896,0.1623200565437879,0.16343438909436317
qwen15,qwen,989aa7980e4cf806f80c7fef2b1adb7bc71aa306,alice,24,3,0,1024,128,0.08838834764831845,128,896,0.5655515975498473,0.5657310277045661
qwen15,qwen,989aa7980e4cf806f80c7fef2b1adb7bc71aa306,alice,24,4,0,1024,128,0.08838834764831845,128,896,0.3741725390169965,0.374301435693956
qwen15,qwen,989aa7980e4cf806f80c7fef2b1adb7bc71aa306,alice,24,5,0,1024,128,0.08838834764831845,128,896,0.733574043535608,0.7336953384301673
qwen15,qwen,989aa7980e4cf806f80c7fef2b1adb7bc71aa306,alice,24,6,1,1024,128,0.08838834764831845,128,896,0.843833632229653,0.8440982697979946
qwen15,qwen,989aa7980e4cf806f80c7fef2b1adb7bc71aa306,alice,24,7,1,1024,128,0.08838834764831845,128,896,0.6322694757685152,0.6325988720696961
qwen15,qwen,989aa7980e4cf806f80c7fef2b1adb7bc71aa306,alice,24,8,1,1024,128,0.08838834764831845,128,896,0.5886749755864514,0.5892893352195332
qwen15,qwen,989aa7980e4cf806f80c7fef2b1adb7bc71aa306,alice,24,9,1,1024,128,0.08838834764831845,128,896,0.7505266038821634,0.7514100634046287
qwen15,qwen,989aa7980e4cf806f80c7fef2b1adb7bc71aa306,alice,24,10,1,1024,128,0.08838834764831845,128,896,0.7419515290228674,0.7431901008427813
qwen15,qwen,989aa7980e4cf806f80c7fef2b1adb7bc71aa306,alice,24,11,1,1024,128,0.08838834764831845,128,896,0.8141814920291218,0.8149827135745106
qwen15,qwen,989aa7980e4cf806f80c7fef2b1adb7bc71aa306,moby,24,0,0,1024,128,0.08838834764831845,128,896,0.6523666625815798,0.6526443634383269
qwen15,qwen,989aa7980e4cf806f80c7fef2b1adb7bc71aa306,moby,24,1,0,1024,128,0.08838834764831845,128,896,0.4737762338635632,0.47401366370529835
qwen15,qwen,989aa7980e4cf806f80c7fef2b1adb7bc71aa306,moby,24,2,0,1024,128,0.08838834764831845,128,896,0.11843866026875051,0.11918126610707079
qwen15,qwen,989aa7980e4cf806f80c7fef2b1adb7bc71aa306,moby,24,3,0,1024,128,0.08838834764831845,128,896,0.4693205349518238,0.46970586291623684
qwen15,qwen,989aa7980e4cf806f80c7fef2b1adb7bc71aa306,moby,24,4,0,1024,128,0.08838834764831845,128,896,0.1951232385194678,0.19532810904821063
qwen15,qwen,989aa7980e4cf806f80c7fef2b1adb7bc71aa306,moby,24,5,0,1024,128,0.08838834764831845,128,896,0.4394566560016288,0.4401076467965598
qwen15,qwen,989aa7980e4cf806f80c7fef2b1adb7bc71aa306,moby,24,6,1,1024,128,0.08838834764831845,128,896,0.7690521910628151,0.769694856891596
qwen15,qwen,989aa7980e4cf806f80c7fef2b1adb7bc71aa306,moby,24,7,1,1024,128,0.08838834764831845,128,896,0.570425163120395,0.5706641168470463
qwen15,qwen,989aa7980e4cf806f80c7fef2b1adb7bc71aa306,moby,24,8,1,1024,128,0.08838834764831845,128,896,0.555113068343448,0.5556867822531452
qwen15,qwen,989aa7980e4cf806f80c7fef2b1adb7bc71aa306,moby,24,9,1,1024,128,0.08838834764831845,128,896,0.6911176955627154,0.6912002902146209
qwen15,qwen,989aa7980e4cf806f80c7fef2b1adb7bc71aa306,moby,24,10,1,1024,128,0.08838834764831845,128,896,0.7598226868958223,0.7633470625032078
qwen15,qwen,989aa7980e4cf806f80c7fef2b1adb7bc71aa306,moby,24,11,1,1024,128,0.08838834764831845,128,896,0.7632093294972665,0.764792743033003
qwen15,qwen,989aa7980e4cf806f80c7fef2b1adb7bc71aa306,pride,24,0,0,1024,128,0.08838834764831845,128,896,0.5964737578559809,0.5965175386812296
qwen15,qwen,989aa7980e4cf806f80c7fef2b1adb7bc71aa306,pride,24,1,0,1024,128,0.08838834764831845,128,896,0.5273290877249923,0.5273761041301273
qwen15,qwen,989aa7980e4cf806f80c7fef2b1adb7bc71aa306,pride,24,2,0,1024,128,0.08838834764831845,128,896,0.11710615914603448,0.11728754691860929
qwen15,qwen,989aa7980e4cf806f80c7fef2b1adb7bc71aa306,pride,24,3,0,1024,128,0.08838834764831845,128,896,0.4060752187001452,0.4061809787422132
qwen15,qwen,989aa7980e4cf806f80c7fef2b1adb7bc71aa306,pride,24,4,0,1024,128,0.08838834764831845,128,896,0.2677598307201387,0.2677851309214866
qwen15,qwen,989aa7980e4cf806f80c7fef2b1adb7bc71aa306,pride,24,5,0,1024,128,0.08838834764831845,128,896,0.41975406382188785,0.4199937078872774
qwen15,qwen,989aa7980e4cf806f80c7fef2b1adb7bc71aa306,pride,24,6,1,1024,128,0.08838834764831845,128,896,0.765735002958202,0.7664508956674687
qwen15,qwen,989aa7980e4cf806f80c7fef2b1adb7bc71aa306,pride,24,7,1,1024,128,0.08838834764831845,128,896,0.6351057002997985,0.6353490532308775
qwen15,qwen,989aa7980e4cf806f80c7fef2b1adb7bc71aa306,pride,24,8,1,1024,128,0.08838834764831845,128,896,0.5410815225039917,0.5415286836433101
qwen15,qwen,989aa7980e4cf806f80c7fef2b1adb7bc71aa306,pride,24,9,1,1024,128,0.08838834764831845,128,896,0.7469348441252216,0.7472521908462193
qwen15,qwen,989aa7980e4cf806f80c7fef2b1adb7bc71aa306,pride,24,10,1,1024,128,0.08838834764831845,128,896,0.6410502362848988,0.6412115187940561
qwen15,qwen,989aa7980e4cf806f80c7fef2b1adb7bc71aa306,pride,24,11,1,1024,128,0.08838834764831845,128,896,0.7051478651784171,0.7052913435606288
qwen15,qwen,989aa7980e4cf806f80c7fef2b1adb7bc71aa306,alice,25,0,0,1024,128,0.08838834764831845,128,896,0.6509774176093558,0.6525836836550908
qwen15,qwen,989aa7980e4cf806f80c7fef2b1adb7bc71aa306,alice,25,1,0,1024,128,0.08838834764831845,128,896,0.5163068742793546,0.5167762553425927
qwen15,qwen,989aa7980e4cf806f80c7fef2b1adb7bc71aa306,alice,25,2,0,1024,128,0.08838834764831845,128,896,0.7002415420202172,0.7005555799014035
qwen15,qwen,989aa7980e4cf806f80c7fef2b1adb7bc71aa306,alice,25,3,0,1024,128,0.08838834764831845,128,896,0.4418892199577679,0.44274670600256866
qwen15,qwen,989aa7980e4cf806f80c7fef2b1adb7bc71aa306,alice,25,4,0,1024,128,0.08838834764831845,128,896,0.641852437861511,0.6432013894895611
qwen15,qwen,989aa7980e4cf806f80c7fef2b1adb7bc71aa306,alice,25,5,0,1024,128,0.08838834764831845,128,896,0.7634670744916087,0.7639849190515994
qwen15,qwen,989aa7980e4cf806f80c7fef2b1adb7bc71aa306,alice,25,6,1,1024,128,0.08838834764831845,128,896,0.7067807322635337,0.7093800811159402
qwen15,qwen,989aa7980e4cf806f80c7fef2b1adb7bc71aa306,alice,25,7,1,1024,128,0.08838834764831845,128,896,0.36297251974377615,0.3635229068394801
qwen15,qwen,989aa7980e4cf806f80c7fef2b1adb7bc71aa306,alice,25,8,1,1024,128,0.08838834764831845,128,896,0.6076226526170643,0.6086780415277213
qwen15,qwen,989aa7980e4cf806f80c7fef2b1adb7bc71aa306,alice,25,9,1,1024,128,0.08838834764831845,128,896,0.7549956477264205,0.7554479194816919
qwen15,qwen,989aa7980e4cf806f80c7fef2b1adb7bc71aa306,alice,25,10,1,1024,128,0.08838834764831845,128,896,0.31654067355418525,0.31696675193348256
qwen15,qwen,989aa7980e4cf806f80c7fef2b1adb7bc71aa306,alice,25,11,1,1024,128,0.08838834764831845,128,896,0.6570833995200889,0.657451432862911
qwen15,qwen,989aa7980e4cf806f80c7fef2b1adb7bc71aa306,moby,25,0,0,1024,128,0.08838834764831845,128,896,0.4613523096500197,0.4628836471161875
qwen15,qwen,989aa7980e4cf806f80c7fef2b1adb7bc71aa306,moby,25,1,0,1024,128,0.08838834764831845,128,896,0.6102614573895627,0.6106455344876665
qwen15,qwen,989aa7980e4cf806f80c7fef2b1adb7bc71aa306,moby,25,2,0,1024,128,0.08838834764831845,128,896,0.7139137823119677,0.714176156088403
qwen15,qwen,989aa7980e4cf806f80c7fef2b1adb7bc71aa306,moby,25,3,0,1024,128,0.08838834764831845,128,896,0.3681306276107407,0.36850422088744633
qwen15,qwen,989aa7980e4cf806f80c7fef2b1adb7bc71aa306,moby,25,4,0,1024,128,0.08838834764831845,128,896,0.5079181269749181,0.5088445787145224
qwen15,qwen,989aa7980e4cf806f80c7fef2b1adb7bc71aa306,moby,25,5,0,1024,128,0.08838834764831845,128,896,0.6509256927645993,0.6514817141679153
qwen15,qwen,989aa7980e4cf806f80c7fef2b1adb7bc71aa306,moby,25,6,1,1024,128,0.08838834764831845,128,896,0.5802007159699686,0.5807086734870334
qwen15,qwen,989aa7980e4cf806f80c7fef2b1adb7bc71aa306,moby,25,7,1,1024,128,0.08838834764831845,128,896,0.43972386714823447,0.44070629264709094
qwen15,qwen,989aa7980e4cf806f80c7fef2b1adb7bc71aa306,moby,25,8,1,1024,128,0.08838834764831845,128,896,0.500074409289193,0.500579518859946
qwen15,qwen,989aa7980e4cf806f80c7fef2b1adb7bc71aa306,moby,25,9,1,1024,128,0.08838834764831845,128,896,0.6070501673654995,0.6072449408192442
qwen15,qwen,989aa7980e4cf806f80c7fef2b1adb7bc71aa306,moby,25,10,1,1024,128,0.08838834764831845,128,896,0.32346597865010157,0.32584150478166496
qwen15,qwen,989aa7980e4cf806f80c7fef2b1adb7bc71aa306,moby,25,11,1,1024,128,0.08838834764831845,128,896,0.5716214990925795,0.5721768530335513
qwen15,qwen,989aa7980e4cf806f80c7fef2b1adb7bc71aa306,pride,25,0,0,1024,128,0.08838834764831845,128,896,0.5546031773695793,0.555055024311866
qwen15,qwen,989aa7980e4cf806f80c7fef2b1adb7bc71aa306,pride,25,1,0,1024,128,0.08838834764831845,128,896,0.5754568402053983,0.5757798966741572
qwen15,qwen,989aa7980e4cf806f80c7fef2b1adb7bc71aa306,pride,25,2,0,1024,128,0.08838834764831845,128,896,0.7445058839509597,0.7447419349660176
qwen15,qwen,989aa7980e4cf806f80c7fef2b1adb7bc71aa306,pride,25,3,0,1024,128,0.08838834764831845,128,896,0.3376060339061109,0.33786798312422245
qwen15,qwen,989aa7980e4cf806f80c7fef2b1adb7bc71aa306,pride,25,4,0,1024,128,0.08838834764831845,128,896,0.4904558616903157,0.4908759540756967
qwen15,qwen,989aa7980e4cf806f80c7fef2b1adb7bc71aa306,pride,25,5,0,1024,128,0.08838834764831845,128,896,0.6730243263794726,0.6740893109419791
qwen15,qwen,989aa7980e4cf806f80c7fef2b1adb7bc71aa306,pride,25,6,1,1024,128,0.08838834764831845,128,896,0.6901578298558759,0.6909466867528933
qwen15,qwen,989aa7980e4cf806f80c7fef2b1adb7bc71aa306,pride,25,7,1,1024,128,0.08838834764831845,128,896,0.3313470978841534,0.33211135857122365
qwen15,qwen,989aa7980e4cf806f80c7fef2b1adb7bc71aa306,pride,25,8,1,1024,128,0.08838834764831845,128,896,0.4427411187295452,0.4429279817277928
qwen15,qwen,989aa7980e4cf806f80c7fef2b1adb7bc71aa306,pride,25,9,1,1024,128,0.08838834764831845,128,896,0.6813306960971459,0.6816024922643028
qwen15,qwen,989aa7980e4cf806f80c7fef2b1adb7bc71aa306,pride,25,10,1,1024,128,0.08838834764831845,128,896,0.17485983432754462,0.17584260478577346
qwen15,qwen,989aa7980e4cf806f80c7fef2b1adb7bc71aa306,pride,25,11,1,1024,128,0.08838834764831845,128,896,0.4743268355143587,0.47554729987356764
qwen15,qwen,989aa7980e4cf806f80c7fef2b1adb7bc71aa306,alice,26,0,0,1024,128,0.08838834764831845,128,896,0.5188886708555407,0.5198233579171101
qwen15,qwen,989aa7980e4cf806f80c7fef2b1adb7bc71aa306,alice,26,1,0,1024,128,0.08838834764831845,128,896,0.6352456581589551,0.6362685587377742
qwen15,qwen,989aa7980e4cf806f80c7fef2b1adb7bc71aa306,alice,26,2,0,1024,128,0.08838834764831845,128,896,0.6596365365963818,0.6613050233638501
qwen15,qwen,989aa7980e4cf806f80c7fef2b1adb7bc71aa306,alice,26,3,0,1024,128,0.08838834764831845,128,896,0.6892073665547302,0.6901651341481656
qwen15,qwen,989aa7980e4cf806f80c7fef2b1adb7bc71aa306,alice,26,4,0,1024,128,0.08838834764831845,128,896,0.6614497210908746,0.6622651146974295
qwen15,qwen,989aa7980e4cf806f80c7fef2b1adb7bc71aa306,alice,26,5,0,1024,128,0.08838834764831845,128,896,0.36532245639233507,0.365731011948342
qwen15,qwen,989aa7980e4cf806f80c7fef2b1adb7bc71aa306,alice,26,6,1,1024,128,0.08838834764831845,128,896,0.6380524597441056,0.6385162991441126
qwen15,qwen,989aa7980e4cf806f80c7fef2b1adb7bc71aa306,alice,26,7,1,1024,128,0.08838834764831845,128,896,0.6720558260117729,0.6729122245914826
qwen15,qwen,989aa7980e4cf806f80c7fef2b1adb7bc71aa306,alice,26,8,1,1024,128,0.08838834764831845,128,896,0.6570528005666342,0.6575471295238889
qwen15,qwen,989aa7980e4cf806f80c7fef2b1adb7bc71aa306,alice,26,9,1,1024,128,0.08838834764831845,128,896,0.7111918253921452,0.7122709250453055
qwen15,qwen,989aa7980e4cf806f80c7fef2b1adb7bc71aa306,alice,26,10,1,1024,128,0.08838834764831845,128,896,0.4854014565007768,0.48588118789571055
qwen15,qwen,989aa7980e4cf806f80c7fef2b1adb7bc71aa306,alice,26,11,1,1024,128,0.08838834764831845,128,896,0.6746938903460495,0.6765510979754541
qwen15,qwen,989aa7980e4cf806f80c7fef2b1adb7bc71aa306,moby,26,0,0,1024,128,0.08838834764831845,128,896,0.4594427556607673,0.46108508954236044
qwen15,qwen,989aa7980e4cf806f80c7fef2b1adb7bc71aa306,moby,26,1,0,1024,128,0.08838834764831845,128,896,0.619284893968331,0.6220133793446102
qwen15,qwen,989aa7980e4cf806f80c7fef2b1adb7bc71aa306,moby,26,2,0,1024,128,0.08838834764831845,128,896,0.6337648066062292,0.637667745441339
qwen15,qwen,989aa7980e4cf806f80c7fef2b1adb7bc71aa306,moby,26,3,0,1024,128,0.08838834764831845,128,896,0.6226632705045728,0.6248785662658307
qwen15,qwen,989aa7980e4cf806f80c7fef2b1adb7bc71aa306,moby,26,4,0,1024,128,0.08838834764831845,128,896,0.5974604910428168,0.6006847456277399
qwen15,qwen,989aa7980e4cf806f80c7fef2b1adb7bc71aa306,moby,26,5,0,1024,128,0.08838834764831845,128,896,0.465988003720364,0.4667279569974661
qwen15,qwen,989aa7980e4cf806f80c7fef2b1adb7bc71aa306,moby,26,6,1,1024,128,0.08838834764831845,128,896,0.6411544432432666,0.6427166977739649
qwen15,qwen,989aa7980e4cf806f80c7fef2b1adb7bc71aa306,moby,26,7,1,1024,128,0.08838834764831845,128,896,0.5108955705434683,0.5113950015968415
qwen15,qwen,989aa7980e4cf806f80c7fef2b1adb7bc71aa306,moby,26,8,1,1024,128,0.08838834764831845,128,896,0.6024614834261373,0.6034247395066791
qwen15,qwen,989aa7980e4cf806f80c7fef2b1adb7bc71aa306,moby,26,9,1,1024,128,0.08838834764831845,128,896,0.6125018653223787,0.6134660024057033
qwen15,qwen,989aa7980e4cf806f80c7fef2b1adb7bc71aa306,moby,26,10,1,1024,128,0.08838834764831845,128,896,0.384361674650608,0.3848976586276844
qwen15,qwen,989aa7980e4cf806f80c7fef2b1adb7bc71aa306,moby,26,11,1,1024,128,0.08838834764831845,128,896,0.6798830687611293,0.6833043916005422
qwen15,qwen,989aa7980e4cf806f80c7fef2b1adb7bc71aa306,pride,26,0,0,1024,128,0.08838834764831845,128,896,0.4595747513971174,0.4608207275246184
qwen15,qwen,989aa7980e4cf806f80c7fef2b1adb7bc71aa306,pride,26,1,0,1024,128,0.08838834764831845,128,896,0.5525137720673156,0.5530558970931609
qwen15,qwen,989aa7980e4cf806f80c7fef2b1adb7bc71aa306,pride,26,2,0,1024,128,0.08838834764831845,128,896,0.6161427233377864,0.6169658646953013
qwen15,qwen,989aa7980e4cf806f80c7fef2b1adb7bc71aa306,pride,26,3,0,1024,128,0.08838834764831845,128,896,0.5935082020703283,0.5945443826279335
qwen15,qwen,989aa7980e4cf806f80c7fef2b1adb7bc71aa306,pride,26,4,0,1024,128,0.08838834764831845,128,896,0.6016498946626914,0.6022616421663519
qwen15,qwen,989aa7980e4cf806f80c7fef2b1adb7bc71aa306,pride,26,5,0,1024,128,0.08838834764831845,128,896,0.4612326238333146,0.4620601961971937
qwen15,qwen,989aa7980e4cf806f80c7fef2b1adb7bc71aa306,pride,26,6,1,1024,128,0.08838834764831845,128,896,0.6008625505737941,0.601523903078171
qwen15,qwen,989aa7980e4cf806f80c7fef2b1adb7bc71aa306,pride,26,7,1,1024,128,0.08838834764831845,128,896,0.5194366546870174,0.5208947257467439
qwen15,qwen,989aa7980e4cf806f80c7fef2b1adb7bc71aa306,pride,26,8,1,1024,128,0.08838834764831845,128,896,0.5483967567817256,0.5506843415244067
qwen15,qwen,989aa7980e4cf806f80c7fef2b1adb7bc71aa306,pride,26,9,1,1024,128,0.08838834764831845,128,896,0.593183476806389,0.5938199056837092
qwen15,qwen,989aa7980e4cf806f80c7fef2b1adb7bc71aa306,pride,26,10,1,1024,128,0.08838834764831845,128,896,0.43761371161657436,0.44115603459981056
qwen15,qwen,989aa7980e4cf806f80c7fef2b1adb7bc71aa306,pride,26,11,1,1024,128,0.08838834764831845,128,896,0.6061020074583576,0.6066873405845067
qwen15,qwen,989aa7980e4cf806f80c7fef2b1adb7bc71aa306,alice,27,0,0,1024,128,0.08838834764831845,128,896,0.0008965678916758139,0.004852621886436001
qwen15,qwen,989aa7980e4cf806f80c7fef2b1adb7bc71aa306,alice,27,1,0,1024,128,0.08838834764831845,128,896,0.0009650577268945786,0.0054512213306446644
qwen15,qwen,989aa7980e4cf806f80c7fef2b1adb7bc71aa306,alice,27,2,0,1024,128,0.08838834764831845,128,896,0.0057690333110371975,0.009442355019918693
qwen15,qwen,989aa7980e4cf806f80c7fef2b1adb7bc71aa306,alice,27,3,0,1024,128,0.08838834764831845,128,896,0.0016689728660829893,0.005728783540469876
qwen15,qwen,989aa7980e4cf806f80c7fef2b1adb7bc71aa306,alice,27,4,0,1024,128,0.08838834764831845,128,896,0.003357877288230576,0.011328793900718559
qwen15,qwen,989aa7980e4cf806f80c7fef2b1adb7bc71aa306,alice,27,5,0,1024,128,0.08838834764831845,128,896,0.0006247120808184943,0.0031321868377335573
qwen15,qwen,989aa7980e4cf806f80c7fef2b1adb7bc71aa306,alice,27,6,1,1024,128,0.08838834764831845,128,896,0.00095772277969826,0.0033374366936812505
qwen15,qwen,989aa7980e4cf806f80c7fef2b1adb7bc71aa306,alice,27,7,1,1024,128,0.08838834764831845,128,896,0.0006744220278439936,0.0028979512135301868
qwen15,qwen,989aa7980e4cf806f80c7fef2b1adb7bc71aa306,alice,27,8,1,1024,128,0.08838834764831845,128,896,0.003573520914412061,0.006524152636553525
qwen15,qwen,989aa7980e4cf806f80c7fef2b1adb7bc71aa306,alice,27,9,1,1024,128,0.08838834764831845,128,896,0.0009678460475827089,0.002885608196507943
qwen15,qwen,989aa7980e4cf806f80c7fef2b1adb7bc71aa306,alice,27,10,1,1024,128,0.08838834764831845,128,896,0.0018798326725272907,0.004527881026628234
qwen15,qwen,989aa7980e4cf806f80c7fef2b1adb7bc71aa306,alice,27,11,1,1024,128,0.08838834764831845,128,896,0.0021896103259103484,0.006227515025562534
qwen15,qwen,989aa7980e4cf806f80c7fef2b1adb7bc71aa306,moby,27,0,0,1024,128,0.08838834764831845,128,896,0.0010048111635851493,0.0048621556508272835
qwen15,qwen,989aa7980e4cf806f80c7fef2b1adb7bc71aa306,moby,27,1,0,1024,128,0.08838834764831845,128,896,0.0006256114039169181,0.004198825357884047
qwen15,qwen,989aa7980e4cf806f80c7fef2b1adb7bc71aa306,moby,27,2,0,1024,128,0.08838834764831845,128,896,0.001692080914044984,0.018561166076244574
qwen15,qwen,989aa7980e4cf806f80c7fef2b1adb7bc71aa306,moby,27,3,0,1024,128,0.08838834764831845,128,896,0.0012160669705758036,0.006414128495022012
qwen15,qwen,989aa7980e4cf806f80c7fef2b1adb7bc71aa306,moby,27,4,0,1024,128,0.08838834764831845,128,896,0.0006913180270271209,0.0060479730868709435
qwen15,qwen,989aa7980e4cf806f80c7fef2b1adb7bc71aa306,moby,27,5,0,1024,128,0.08838834764831845,128,896,0.000644897886259744,0.0039429481917278115
qwen15,qwen,989aa7980e4cf806f80c7fef2b1adb7bc71aa306,moby,27,6,1,1024,128,0.08838834764831845,128,896,0.001535244396313763,0.008968388581224687
qwen15,qwen,989aa7980e4cf806f80c7fef2b1adb7bc71aa306,moby,27,7,1,1024,128,0.08838834764831845,128,896,0.0007382799701470555,0.004392599019550329
qwen15,qwen,989aa7980e4cf806f80c7fef2b1adb7bc71aa306,moby,27,8,1,1024,128,0.08838834764831845,128,896,0.0028163234413793106,0.007275302169372314
qwen15,qwen,989aa7980e4cf806f80c7fef2b1adb7bc71aa306,moby,27,9,1,1024,128,0.08838834764831845,128,896,0.0011968940269277675,0.004195417600802274
qwen15,qwen,989aa7980e4cf806f80c7fef2b1adb7bc71aa306,moby,27,10,1,1024,128,0.08838834764831845,128,896,0.0016631454109857617,0.005158776832255625
qwen15,qwen,989aa7980e4cf806f80c7fef2b1adb7bc71aa306,moby,27,11,1,1024,128,0.08838834764831845,128,896,0.0017183854056015378,0.009393276846461905
qwen15,qwen,989aa7980e4cf806f80c7fef2b1adb7bc71aa306,pride,27,0,0,1024,128,0.08838834764831845,128,896,0.0016947844531080571,0.00745725985097294
qwen15,qwen,989aa7980e4cf806f80c7fef2b1adb7bc71aa306,pride,27,1,0,1024,128,0.08838834764831845,128,896,0.0012064711813144608,0.00648021221031361
qwen15,qwen,989aa7980e4cf806f80c7fef2b1adb7bc71aa306,pride,27,2,0,1024,128,0.08838834764831845,128,896,0.005044432705200684,0.01037908141764883
qwen15,qwen,989aa7980e4cf806f80c7fef2b1adb7bc71aa306,pride,27,3,0,1024,128,0.08838834764831845,128,896,0.0019722988902732253,0.008324529541358445
qwen15,qwen,989aa7980e4cf806f80c7fef2b1adb7bc71aa306,pride,27,4,0,1024,128,0.08838834764831845,128,896,0.0012810772451226423,0.007748831129787477
qwen15,qwen,989aa7980e4cf806f80c7fef2b1adb7bc71aa306,pride,27,5,0,1024,128,0.08838834764831845,128,896,0.000959974599516736,0.007155483382001555
qwen15,qwen,989aa7980e4cf806f80c7fef2b1adb7bc71aa306,pride,27,6,1,1024,128,0.08838834764831845,128,896,0.001623296898701961,0.008776568371853725
qwen15,qwen,989aa7980e4cf806f80c7fef2b1adb7bc71aa306,pride,27,7,1,1024,128,0.08838834764831845,128,896,0.0011049207969393996,0.007001133247131134
qwen15,qwen,989aa7980e4cf806f80c7fef2b1adb7bc71aa306,pride,27,8,1,1024,128,0.08838834764831845,128,896,0.0029265982293001443,0.009144339847286187
qwen15,qwen,989aa7980e4cf806f80c7fef2b1adb7bc71aa306,pride,27,9,1,1024,128,0.08838834764831845,128,896,0.001688850851298778,0.006307968752967494
qwen15,qwen,989aa7980e4cf806f80c7fef2b1adb7bc71aa306,pride,27,10,1,1024,128,0.08838834764831845,128,896,0.004343600509776598,0.01069835111141465
qwen15,qwen,989aa7980e4cf806f80c7fef2b1adb7bc71aa306,pride,27,11,1,1024,128,0.08838834764831845,128,896,0.002650581996483802,0.009304016773329163
smol036,smol,a10cc1512eabd3dde888204e902eca88bddb4951,alice,0,0,0,1024,64,0.125,128,896,0.0014298462970134256,0.008665482801710471
smol036,smol,a10cc1512eabd3dde888204e902eca88bddb4951,alice,0,1,0,1024,64,0.125,128,896,0.00021434968210198263,0.005879256306239102
smol036,smol,a10cc1512eabd3dde888204e902eca88bddb4951,alice,0,2,0,1024,64,0.125,128,896,0.0006825819520075697,0.006641778243350054
smol036,smol,a10cc1512eabd3dde888204e902eca88bddb4951,alice,0,3,1,1024,64,0.125,128,896,0.00043300571889427184,0.002232889747906406
smol036,smol,a10cc1512eabd3dde888204e902eca88bddb4951,alice,0,4,1,1024,64,0.125,128,896,0.0006000260911326529,0.003028806725016761
smol036,smol,a10cc1512eabd3dde888204e902eca88bddb4951,alice,0,5,1,1024,64,0.125,128,896,0.00038944057704951983,0.0018836432953986365
smol036,smol,a10cc1512eabd3dde888204e902eca88bddb4951,alice,0,6,2,1024,64,0.125,128,896,0.0036174552497914444,0.010110730921241831
smol036,smol,a10cc1512eabd3dde888204e902eca88bddb4951,alice,0,7,2,1024,64,0.125,128,896,0.0037634689467934547,0.009988495199099225
smol036,smol,a10cc1512eabd3dde888204e902eca88bddb4951,alice,0,8,2,1024,64,0.125,128,896,0.0034994542698325616,0.01002949103936479
smol036,smol,a10cc1512eabd3dde888204e902eca88bddb4951,alice,0,9,3,1024,64,0.125,128,896,0.0032901960597311723,0.009669946364045839
smol036,smol,a10cc1512eabd3dde888204e902eca88bddb4951,alice,0,10,3,1024,64,0.125,128,896,0.0022069274077042146,0.008062792903343564
smol036,smol,a10cc1512eabd3dde888204e902eca88bddb4951,alice,0,11,3,1024,64,0.125,128,896,0.0025887743050810666,0.007842252391412332
smol036,smol,a10cc1512eabd3dde888204e902eca88bddb4951,alice,0,12,4,1024,64,0.125,128,896,0.0013448086620041829,0.004802935568356799
smol036,smol,a10cc1512eabd3dde888204e902eca88bddb4951,alice,0,13,4,1024,64,0.125,128,896,0.0017290206078107832,0.007674399950202344
smol036,smol,a10cc1512eabd3dde888204e902eca88bddb4951,alice,0,14,4,1024,64,0.125,128,896,0.0011770626665617474,0.011977381834567456
smol036,smol,a10cc1512eabd3dde888204e902eca88bddb4951,moby,0,0,0,1024,64,0.125,128,896,0.0015156167624248292,0.005550361332001638
smol036,smol,a10cc1512eabd3dde888204e902eca88bddb4951,moby,0,1,0,1024,64,0.125,128,896,0.0005988312509962889,0.004043173983376458
smol036,smol,a10cc1512eabd3dde888204e902eca88bddb4951,moby,0,2,0,1024,64,0.125,128,896,0.0011414524886840948,0.006088038375917794
smol036,smol,a10cc1512eabd3dde888204e902eca88bddb4951,moby,0,3,1,1024,64,0.125,128,896,0.0002733771874612231,0.010206602961546468
smol036,smol,a10cc1512eabd3dde888204e902eca88bddb4951,moby,0,4,1,1024,64,0.125,128,896,0.0004237600029512935,0.0016478536180354933
smol036,smol,a10cc1512eabd3dde888204e902eca88bddb4951,moby,0,5,1,1024,64,0.125,128,896,0.00027626806296008585,0.0014837854372028382
smol036,smol,a10cc1512eabd3dde888204e902eca88bddb4951,moby,0,6,2,1024,64,0.125,128,896,0.0028774269503544954,0.010267915683249976
smol036,smol,a10cc1512eabd3dde888204e902eca88bddb4951,moby,0,7,2,1024,64,0.125,128,896,0.002884956028752383,0.010304085159725676
smol036,smol,a10cc1512eabd3dde888204e902eca88bddb4951,moby,0,8,2,1024,64,0.125,128,896,0.002834236339350568,0.01008747756770958
smol036,smol,a10cc1512eabd3dde888204e902eca88bddb4951,moby,0,9,3,1024,64,0.125,128,896,0.002688066722679291,0.007704578789261075
smol036,smol,a10cc1512eabd3dde888204e902eca88bddb4951,moby,0,10,3,1024,64,0.125,128,896,0.0016306912595353076,0.006468782924823996
smol036,smol,a10cc1512eabd3dde888204e902eca88bddb4951,moby,0,11,3,1024,64,0.125,128,896,0.0018308290105134059,0.006175523440576802
smol036,smol,a10cc1512eabd3dde888204e902eca88bddb4951,moby,0,12,4,1024,64,0.125,128,896,0.001683717735216044,0.006791345290775027
smol036,smol,a10cc1512eabd3dde888204e902eca88bddb4951,moby,0,13,4,1024,64,0.125,128,896,0.0018229335518918106,0.006951906630837648
smol036,smol,a10cc1512eabd3dde888204e902eca88bddb4951,moby,0,14,4,1024,64,0.125,128,896,0.0012220827797079974,0.004820162124050253
smol036,smol,a10cc1512eabd3dde888204e902eca88bddb4951,pride,0,0,0,1024,64,0.125,128,896,0.002135497585349521,0.007832396255461489
smol036,smol,a10cc1512eabd3dde888204e902eca88bddb4951,pride,0,1,0,1024,64,0.125,128,896,0.0011900822737861264,0.006616313177250749
smol036,smol,a10cc1512eabd3dde888204e902eca88bddb4951,pride,0,2,0,1024,64,0.125,128,896,0.0026120690781323277,0.00799071018244912
smol036,smol,a10cc1512eabd3dde888204e902eca88bddb4951,pride,0,3,1,1024,64,0.125,128,896,0.0003722320227985566,0.0013273836688562544
smol036,smol,a10cc1512eabd3dde888204e902eca88bddb4951,pride,0,4,1,1024,64,0.125,128,896,0.0005313536432370264,0.0020050476110641336
smol036,smol,a10cc1512eabd3dde888204e902eca88bddb4951,pride,0,5,1,1024,64,0.125,128,896,0.00036985623134307117,0.0015684067992158678
smol036,smol,a10cc1512eabd3dde888204e902eca88bddb4951,pride,0,6,2,1024,64,0.125,128,896,0.0025822737643450286,0.008902657084063776
smol036,smol,a10cc1512eabd3dde888204e902eca88bddb4951,pride,0,7,2,1024,64,0.125,128,896,0.002349405391871578,0.008588485092473109
smol036,smol,a10cc1512eabd3dde888204e902eca88bddb4951,pride,0,8,2,1024,64,0.125,128,896,0.0024424876938353057,0.008760724160047044
smol036,smol,a10cc1512eabd3dde888204e902eca88bddb4951,pride,0,9,3,1024,64,0.125,128,896,0.002708377314594419,0.009201984773008385
smol036,smol,a10cc1512eabd3dde888204e902eca88bddb4951,pride,0,10,3,1024,64,0.125,128,896,0.002212790517101957,0.007099367590457169
smol036,smol,a10cc1512eabd3dde888204e902eca88bddb4951,pride,0,11,3,1024,64,0.125,128,896,0.001959320975330203,0.006074217684462909
smol036,smol,a10cc1512eabd3dde888204e902eca88bddb4951,pride,0,12,4,1024,64,0.125,128,896,0.0022377425413973554,0.006698020045462238
smol036,smol,a10cc1512eabd3dde888204e902eca88bddb4951,pride,0,13,4,1024,64,0.125,128,896,0.002623595640562631,0.008529995372586148
smol036,smol,a10cc1512eabd3dde888204e902eca88bddb4951,pride,0,14,4,1024,64,0.125,128,896,0.0017650207768616388,0.0099028368213841
smol036,smol,a10cc1512eabd3dde888204e902eca88bddb4951,alice,1,0,0,1024,64,0.125,128,896,0.0005554555432105413,0.0026787866098403994
smol036,smol,a10cc1512eabd3dde888204e902eca88bddb4951,alice,1,1,0,1024,64,0.125,128,896,4.649218616132846e-05,0.00012163346841480333
smol036,smol,a10cc1512eabd3dde888204e902eca88bddb4951,alice,1,2,0,1024,64,0.125,128,896,8.057157022276019e-05,0.0001308880734084288
smol036,smol,a10cc1512eabd3dde888204e902eca88bddb4951,alice,1,3,1,1024,64,0.125,128,896,0.00016198959621961987,0.0074649902313667586
smol036,smol,a10cc1512eabd3dde888204e902eca88bddb4951,alice,1,4,1,1024,64,0.125,128,896,0.0003653292991553273,0.0158292257124091
smol036,smol,a10cc1512eabd3dde888204e902eca88bddb4951,alice,1,5,1,1024,64,0.125,128,896,0.00011147698094919915,0.010763162904995238
smol036,smol,a10cc1512eabd3dde888204e902eca88bddb4951,alice,1,6,2,1024,64,0.125,128,896,4.01729750011722e-06,0.0009098535677216419
smol036,smol,a10cc1512eabd3dde888204e902eca88bddb4951,alice,1,7,2,1024,64,0.125,128,896,4.073485638898265e-06,0.0009765443305023323
smol036,smol,a10cc1512eabd3dde888204e902eca88bddb4951,alice,1,8,2,1024,64,0.125,128,896,6.229269977913022e-06,0.0009070386542879915
smol036,smol,a10cc1512eabd3dde888204e902eca88bddb4951,alice,1,9,3,1024,64,0.125,128,896,0.00033921419561046707,0.012257043847258281
smol036,smol,a10cc1512eabd3dde888204e902eca88bddb4951,alice,1,10,3,1024,64,0.125,128,896,2.337807429741264e-05,0.007066951355564614
smol036,smol,a10cc1512eabd3dde888204e902eca88bddb4951,alice,1,11,3,1024,64,0.125,128,896,1.9686762181258974e-05,0.0077296727051372124
smol036,smol,a10cc1512eabd3dde888204e902eca88bddb4951,alice,1,12,4,1024,64,0.125,128,896,1.1351318199362498e-05,0.005429541465912893
smol036,smol,a10cc1512eabd3dde888204e902eca88bddb4951,alice,1,13,4,1024,64,0.125,128,896,1.0187327892071282e-05,0.005183115536929029
smol036,smol,a10cc1512eabd3dde888204e902eca88bddb4951,alice,1,14,4,1024,64,0.125,128,896,1.1361040708017766e-05,0.005521150893488756
smol036,smol,a10cc1512eabd3dde888204e902eca88bddb4951,moby,1,0,0,1024,64,0.125,128,896,0.0009812153890506037,0.005570201981081521
smol036,smol,a10cc1512eabd3dde888204e902eca88bddb4951,moby,1,1,0,1024,64,0.125,128,896,6.963193939340521e-05,0.0002065382904392374
smol036,smol,a10cc1512eabd3dde888204e902eca88bddb4951,moby,1,2,0,1024,64,0.125,128,896,9.96158420355974e-05,0.00017491401412928756
smol036,smol,a10cc1512eabd3dde888204e902eca88bddb4951,moby,1,3,1,1024,64,0.125,128,896,0.0004257425051652405,0.028126473836303307
smol036,smol,a10cc1512eabd3dde888204e902eca88bddb4951,moby,1,4,1,1024,64,0.125,128,896,0.0005421672009067054,0.11152526427696328
smol036,smol,a10cc1512eabd3dde888204e902eca88bddb4951,moby,1,5,1,1024,64,0.125,128,896,0.0003044339862920159,0.0730058943267156
smol036,smol,a10cc1512eabd3dde888204e902eca88bddb4951,moby,1,6,2,1024,64,0.125,128,896,2.779939521934133e-05,0.09513544586726529
smol036,smol,a10cc1512eabd3dde888204e902eca88bddb4951,moby,1,7,2,1024,64,0.125,128,896,2.5100377809840586e-05,0.10614602737914547
smol036,smol,a10cc1512eabd3dde888204e902eca88bddb4951,moby,1,8,2,1024,64,0.125,128,896,3.629891480771204e-05,0.10286624036996024
smol036,smol,a10cc1512eabd3dde888204e902eca88bddb4951,moby,1,9,3,1024,64,0.125,128,896,0.0002689502687952747,0.08468064053255765
smol036,smol,a10cc1512eabd3dde888204e902eca88bddb4951,moby,1,10,3,1024,64,0.125,128,896,0.00014728003156712824,0.05535127561250331
smol036,smol,a10cc1512eabd3dde888204e902eca88bddb4951,moby,1,11,3,1024,64,0.125,128,896,0.00015551573654234548,0.06656011309175396
smol036,smol,a10cc1512eabd3dde888204e902eca88bddb4951,moby,1,12,4,1024,64,0.125,128,896,5.074266016457576e-05,0.056179264490807214
smol036,smol,a10cc1512eabd3dde888204e902eca88bddb4951,moby,1,13,4,1024,64,0.125,128,896,4.97707882079539e-05,0.0551439946739278
smol036,smol,a10cc1512eabd3dde888204e902eca88bddb4951,moby,1,14,4,1024,64,0.125,128,896,7.538750769581397e-05,0.059563121250173885
smol036,smol,a10cc1512eabd3dde888204e902eca88bddb4951,pride,1,0,0,1024,64,0.125,128,896,0.0012686855113297824,0.002962316007667149
smol036,smol,a10cc1512eabd3dde888204e902eca88bddb4951,pride,1,1,0,1024,64,0.125,128,896,9.215989072685197e-05,0.00015630321097667054
smol036,smol,a10cc1512eabd3dde888204e902eca88bddb4951,pride,1,2,0,1024,64,0.125,128,896,0.00025001255364158356,0.000326945674659488
smol036,smol,a10cc1512eabd3dde888204e902eca88bddb4951,pride,1,3,1,1024,64,0.125,128,896,0.0007923956974194056,0.007628777911673414
smol036,smol,a10cc1512eabd3dde888204e902eca88bddb4951,pride,1,4,1,1024,64,0.125,128,896,0.0010676836706086422,0.017571932604558808
smol036,smol,a10cc1512eabd3dde888204e902eca88bddb4951,pride,1,5,1,1024,64,0.125,128,896,0.0007178101163479046,0.010762676550340921
smol036,smol,a10cc1512eabd3dde888204e902eca88bddb4951,pride,1,6,2,1024,64,0.125,128,896,3.6361220286829725e-05,0.0008048444938937367
smol036,smol,a10cc1512eabd3dde888204e902eca88bddb4951,pride,1,7,2,1024,64,0.125,128,896,3.0450305249795606e-05,0.001125202960655641
smol036,smol,a10cc1512eabd3dde888204e902eca88bddb4951,pride,1,8,2,1024,64,0.125,128,896,7.15425354503552e-05,0.0012108609223540519
smol036,smol,a10cc1512eabd3dde888204e902eca88bddb4951,pride,1,9,3,1024,64,0.125,128,896,0.0005218074949890194,0.00574052704492968
smol036,smol,a10cc1512eabd3dde888204e902eca88bddb4951,pride,1,10,3,1024,64,0.125,128,896,0.00038394494936651845,0.0035134684295955606
smol036,smol,a10cc1512eabd3dde888204e902eca88bddb4951,pride,1,11,3,1024,64,0.125,128,896,0.00036726032008402976,0.003652981207127278
smol036,smol,a10cc1512eabd3dde888204e902eca88bddb4951,pride,1,12,4,1024,64,0.125,128,896,0.0001719476228911649,0.007684543524626902
smol036,smol,a10cc1512eabd3dde888204e902eca88bddb4951,pride,1,13,4,1024,64,0.125,128,896,0.000203872643797309,0.0077766709947898055
smol036,smol,a10cc1512eabd3dde888204e902eca88bddb4951,pride,1,14,4,1024,64,0.125,128,896,0.00021810629694628915,0.008530759032851143
smol036,smol,a10cc1512eabd3dde888204e902eca88bddb4951,alice,2,0,0,1024,64,0.125,128,896,0.00018687854251766477,0.0016002130863112928
smol036,smol,a10cc1512eabd3dde888204e902eca88bddb4951,alice,2,1,0,1024,64,0.125,128,896,0.0018729165873049279,0.010154301947561681
smol036,smol,a10cc1512eabd3dde888204e902eca88bddb4951,alice,2,2,0,1024,64,0.125,128,896,9.191744512101721e-05,0.0006688442862215159
smol036,smol,a10cc1512eabd3dde888204e902eca88bddb4951,alice,2,3,1,1024,64,0.125,128,896,0.0006434780061003613,0.007810982120479951
smol036,smol,a10cc1512eabd3dde888204e902eca88bddb4951,alice,2,4,1,1024,64,0.125,128,896,0.0005037588358349235,0.008753250276387325
smol036,smol,a10cc1512eabd3dde888204e902eca88bddb4951,alice,2,5,1,1024,64,0.125,128,896,0.0005848329961156289,0.006907855421423266
smol036,smol,a10cc1512eabd3dde888204e902eca88bddb4951,alice,2,6,2,1024,64,0.125,128,896,0.0002512803625636651,0.00475855953718433
smol036,smol,a10cc1512eabd3dde888204e902eca88bddb4951,alice,2,7,2,1024,64,0.125,128,896,0.00048520686764417527,0.006423808508198315
smol036,smol,a10cc1512eabd3dde888204e902eca88bddb4951,alice,2,8,2,1024,64,0.125,128,896,0.0006076229753333689,0.005031623839149064
smol036,smol,a10cc1512eabd3dde888204e902eca88bddb4951,alice,2,9,3,1024,64,0.125,128,896,0.00042407737114248916,0.0018388971349726521
smol036,smol,a10cc1512eabd3dde888204e902eca88bddb4951,alice,2,10,3,1024,64,0.125,128,896,0.0002617554635333309,0.0017951968980805377
smol036,smol,a10cc1512eabd3dde888204e902eca88bddb4951,alice,2,11,3,1024,64,0.125,128,896,0.00039414670064677915,0.0024619147473993503
smol036,smol,a10cc1512eabd3dde888204e902eca88bddb4951,alice,2,12,4,1024,64,0.125,128,896,0.0032841953912580435,0.011589720027572609
smol036,smol,a10cc1512eabd3dde888204e902eca88bddb4951,alice,2,13,4,1024,64,0.125,128,896,0.0005980735981370652,0.01103126335357865
smol036,smol,a10cc1512eabd3dde888204e902eca88bddb4951,alice,2,14,4,1024,64,0.125,128,896,0.0013771668580078568,0.010312823062789314
smol036,smol,a10cc1512eabd3dde888204e902eca88bddb4951,moby,2,0,0,1024,64,0.125,128,896,0.00038122251632101927,0.005006841637417288
smol036,smol,a10cc1512eabd3dde888204e902eca88bddb4951,moby,2,1,0,1024,64,0.125,128,896,0.004008200167706174,0.02442506650407264
smol036,smol,a10cc1512eabd3dde888204e902eca88bddb4951,moby,2,2,0,1024,64,0.125,128,896,0.00017015839406973442,0.001827132384863688
smol036,smol,a10cc1512eabd3dde888204e902eca88bddb4951,moby,2,3,1,1024,64,0.125,128,896,0.0006360495934699714,0.04766192364545587
smol036,smol,a10cc1512eabd3dde888204e902eca88bddb4951,moby,2,4,1,1024,64,0.125,128,896,0.0006537266804159412,0.053254227718516005
smol036,smol,a10cc1512eabd3dde888204e902eca88bddb4951,moby,2,5,1,1024,64,0.125,128,896,0.0005338252383347918,0.045909671428567424
smol036,smol,a10cc1512eabd3dde888204e902eca88bddb4951,moby,2,6,2,1024,64,0.125,128,896,0.0002755487252358027,0.04364007339512584
smol036,smol,a10cc1512eabd3dde888204e902eca88bddb4951,moby,2,7,2,1024,64,0.125,128,896,0.0005854056633545931,0.03001529050805129
smol036,smol,a10cc1512eabd3dde888204e902eca88bddb4951,moby,2,8,2,1024,64,0.125,128,896,0.0004968661051702053,0.04046588534870816
smol036,smol,a10cc1512eabd3dde888204e902eca88bddb4951,moby,2,9,3,1024,64,0.125,128,896,0.0007255984335727422,0.047934428487342515
smol036,smol,a10cc1512eabd3dde888204e902eca88bddb4951,moby,2,10,3,1024,64,0.125,128,896,0.00043897758120646084,0.058111372249529857
smol036,smol,a10cc1512eabd3dde888204e902eca88bddb4951,moby,2,11,3,1024,64,0.125,128,896,0.0008450035526923312,0.051972797986428454
smol036,smol,a10cc1512eabd3dde888204e902eca88bddb4951,moby,2,12,4,1024,64,0.125,128,896,0.0031718631434249746,0.028202329181572738
smol036,smol,a10cc1512eabd3dde888204e902eca88bddb4951,moby,2,13,4,1024,64,0.125,128,896,0.001825882164047214,0.028673129922699835
smol036,smol,a10cc1512eabd3dde888204e902eca88bddb4951,moby,2,14,4,1024,64,0.125,128,896,0.0012940863230115642,0.030386411022237
smol036,smol,a10cc1512eabd3dde888204e902eca88bddb4951,pride,2,0,0,1024,64,0.125,128,896,0.00036428239328988233,0.0022752118415191674
smol036,smol,a10cc1512eabd3dde888204e902eca88bddb4951,pride,2,1,0,1024,64,0.125,128,896,0.004819292940917561,0.015917876612690417
smol036,smol,a10cc1512eabd3dde888204e902eca88bddb4951,pride,2,2,0,1024,64,0.125,128,896,0.00016029334392072942,0.000915576333042923
smol036,smol,a10cc1512eabd3dde888204e902eca88bddb4951,pride,2,3,1,1024,64,0.125,128,896,0.00260839544169728,0.011782273711098011
smol036,smol,a10cc1512eabd3dde888204e902eca88bddb4951,pride,2,4,1,1024,64,0.125,128,896,0.002174582056220923,0.011311021009452216
smol036,smol,a10cc1512eabd3dde888204e902eca88bddb4951,pride,2,5,1,1024,64,0.125,128,896,0.002585383024556337,0.01033338148751964
smol036,smol,a10cc1512eabd3dde888204e902eca88bddb4951,pride,2,6,2,1024,64,0.125,128,896,0.002022606487861725,0.015037028933108825
smol036,smol,a10cc1512eabd3dde888204e902eca88bddb4951,pride,2,7,2,1024,64,0.125,128,896,0.002988182768205149,0.01251744422980666
smol036,smol,a10cc1512eabd3dde888204e902eca88bddb4951,pride,2,8,2,1024,64,0.125,128,896,0.003192173791638935,0.01701865527939953
smol036,smol,a10cc1512eabd3dde888204e902eca88bddb4951,pride,2,9,3,1024,64,0.125,128,896,0.002095739846379248,0.0051623550302032336
smol036,smol,a10cc1512eabd3dde888204e902eca88bddb4951,pride,2,10,3,1024,64,0.125,128,896,0.0015877650913747802,0.005229236323650057
smol036,smol,a10cc1512eabd3dde888204e902eca88bddb4951,pride,2,11,3,1024,64,0.125,128,896,0.002351551826615638,0.007831626306812268
smol036,smol,a10cc1512eabd3dde888204e902eca88bddb4951,pride,2,12,4,1024,64,0.125,128,896,0.0060196292367492325,0.01717729879618118
smol036,smol,a10cc1512eabd3dde888204e902eca88bddb4951,pride,2,13,4,1024,64,0.125,128,896,0.004769289647075182,0.01646071788912012
smol036,smol,a10cc1512eabd3dde888204e902eca88bddb4951,pride,2,14,4,1024,64,0.125,128,896,0.004834207589421948,0.014919730572725219
smol036,smol,a10cc1512eabd3dde888204e902eca88bddb4951,alice,3,0,0,1024,64,0.125,128,896,2.8440564242389213e-05,0.011609034164307216
smol036,smol,a10cc1512eabd3dde888204e902eca88bddb4951,alice,3,1,0,1024,64,0.125,128,896,2.32062075254682e-05,0.011408765465809028
smol036,smol,a10cc1512eabd3dde888204e902eca88bddb4951,alice,3,2,0,1024,64,0.125,128,896,3.455909619919224e-05,0.011328190279761967
smol036,smol,a10cc1512eabd3dde888204e902eca88bddb4951,alice,3,3,1,1024,64,0.125,128,896,0.000109557092087719,0.008282440394467126
smol036,smol,a10cc1512eabd3dde888204e902eca88bddb4951,alice,3,4,1,1024,64,0.125,128,896,0.00021851339394255066,0.012120773347465778
smol036,smol,a10cc1512eabd3dde888204e902eca88bddb4951,alice,3,5,1,1024,64,0.125,128,896,9.377161523619358e-05,0.01320010729211222
smol036,smol,a10cc1512eabd3dde888204e902eca88bddb4951,alice,3,6,2,1024,64,0.125,128,896,0.00016745645960425742,0.005177072378461786
smol036,smol,a10cc1512eabd3dde888204e902eca88bddb4951,alice,3,7,2,1024,64,0.125,128,896,0.000326874681728363,0.005858844346725893
smol036,smol,a10cc1512eabd3dde888204e902eca88bddb4951,alice,3,8,2,1024,64,0.125,128,896,4.911230481777126e-05,0.004141219022356825
smol036,smol,a10cc1512eabd3dde888204e902eca88bddb4951,alice,3,9,3,1024,64,0.125,128,896,0.0002991166153488004,0.004230234890676937
smol036,smol,a10cc1512eabd3dde888204e902eca88bddb4951,alice,3,10,3,1024,64,0.125,128,896,0.00017677155716652415,0.0016033914097564217
smol036,smol,a10cc1512eabd3dde888204e902eca88bddb4951,alice,3,11,3,1024,64,0.125,128,896,0.00030158410197550896,0.0020371047891006664
smol036,smol,a10cc1512eabd3dde888204e902eca88bddb4951,alice,3,12,4,1024,64,0.125,128,896,0.00036659714269828296,0.0014541832924754115
smol036,smol,a10cc1512eabd3dde888204e902eca88bddb4951,alice,3,13,4,1024,64,0.125,128,896,0.00029244713884458295,0.0011872079828064905
smol036,smol,a10cc1512eabd3dde888204e902eca88bddb4951,alice,3,14,4,1024,64,0.125,128,896,0.0002992371424798972,0.000990907122999355
smol036,smol,a10cc1512eabd3dde888204e902eca88bddb4951,moby,3,0,0,1024,64,0.125,128,896,0.00025336871682136937,0.09537272788344565
smol036,smol,a10cc1512eabd3dde888204e902eca88bddb4951,moby,3,1,0,1024,64,0.125,128,896,0.00019429980814128842,0.08633310934819569
smol036,smol,a10cc1512eabd3dde888204e902eca88bddb4951,moby,3,2,0,1024,64,0.125,128,896,0.00034426236299843656,0.0984273659392512
smol036,smol,a10cc1512eabd3dde888204e902eca88bddb4951,moby,3,3,1,1024,64,0.125,128,896,0.001123286289065018,0.031639416583801906
smol036,smol,a10cc1512eabd3dde888204e902eca88bddb4951,moby,3,4,1,1024,64,0.125,128,896,0.0006803564872498056,0.03574173962069649
smol036,smol,a10cc1512eabd3dde888204e902eca88bddb4951,moby,3,5,1,1024,64,0.125,128,896,0.0007858608266828562,0.03920347184114293
smol036,smol,a10cc1512eabd3dde888204e902eca88bddb4951,moby,3,6,2,1024,64,0.125,128,896,0.0002710896835399372,0.026465230642313004
smol036,smol,a10cc1512eabd3dde888204e902eca88bddb4951,moby,3,7,2,1024,64,0.125,128,896,0.00012468904434584987,0.026273866291649413
smol036,smol,a10cc1512eabd3dde888204e902eca88bddb4951,moby,3,8,2,1024,64,0.125,128,896,0.00012637734278393047,0.030472720924779782
smol036,smol,a10cc1512eabd3dde888204e902eca88bddb4951,moby,3,9,3,1024,64,0.125,128,896,0.00042919111479220796,0.01353062565066121
smol036,smol,a10cc1512eabd3dde888204e902eca88bddb4951,moby,3,10,3,1024,64,0.125,128,896,0.0002781769580245488,0.004482508352006732
smol036,smol,a10cc1512eabd3dde888204e902eca88bddb4951,moby,3,11,3,1024,64,0.125,128,896,0.00032787549882875054,0.008337096468337395
smol036,smol,a10cc1512eabd3dde888204e902eca88bddb4951,moby,3,12,4,1024,64,0.125,128,896,0.00021993287244438144,0.04682091657018144
smol036,smol,a10cc1512eabd3dde888204e902eca88bddb4951,moby,3,13,4,1024,64,0.125,128,896,0.00019751357871920726,0.042652066691996296
smol036,smol,a10cc1512eabd3dde888204e902eca88bddb4951,moby,3,14,4,1024,64,0.125,128,896,0.00015082346730438157,0.04414298935540493
smol036,smol,a10cc1512eabd3dde888204e902eca88bddb4951,pride,3,0,0,1024,64,0.125,128,896,0.000995877895385149,0.014094522598871572
smol036,smol,a10cc1512eabd3dde888204e902eca88bddb4951,pride,3,1,0,1024,64,0.125,128,896,0.0010755071821350979,0.014218446350061493
smol036,smol,a10cc1512eabd3dde888204e902eca88bddb4951,pride,3,2,0,1024,64,0.125,128,896,0.0009075619574803567,0.015872386775222156
smol036,smol,a10cc1512eabd3dde888204e902eca88bddb4951,pride,3,3,1,1024,64,0.125,128,896,0.003980393294111182,0.021319399215990874
smol036,smol,a10cc1512eabd3dde888204e902eca88bddb4951,pride,3,4,1,1024,64,0.125,128,896,0.0011813275473593304,0.025193236108197636
smol036,smol,a10cc1512eabd3dde888204e902eca88bddb4951,pride,3,5,1,1024,64,0.125,128,896,0.0057709542908503724,0.030734437656630614
smol036,smol,a10cc1512eabd3dde888204e902eca88bddb4951,pride,3,6,2,1024,64,0.125,128,896,0.0015791415776046102,0.014145963161438688
smol036,smol,a10cc1512eabd3dde888204e902eca88bddb4951,pride,3,7,2,1024,64,0.125,128,896,0.0011855617293775559,0.013113246411424638
smol036,smol,a10cc1512eabd3dde888204e902eca88bddb4951,pride,3,8,2,1024,64,0.125,128,896,0.0011418966216751047,0.012343562907569902
smol036,smol,a10cc1512eabd3dde888204e902eca88bddb4951,pride,3,9,3,1024,64,0.125,128,896,0.0005586360373348186,0.003817583093892247
smol036,smol,a10cc1512eabd3dde888204e902eca88bddb4951,pride,3,10,3,1024,64,0.125,128,896,0.000226717408763876,0.001802059578646369
smol036,smol,a10cc1512eabd3dde888204e902eca88bddb4951,pride,3,11,3,1024,64,0.125,128,896,0.0003303227991170314,0.0017996710575437405
smol036,smol,a10cc1512eabd3dde888204e902eca88bddb4951,pride,3,12,4,1024,64,0.125,128,896,0.0011728476755042971,0.011320975402844458
smol036,smol,a10cc1512eabd3dde888204e902eca88bddb4951,pride,3,13,4,1024,64,0.125,128,896,0.0010503581471357493,0.010483955641584145
smol036,smol,a10cc1512eabd3dde888204e902eca88bddb4951,pride,3,14,4,1024,64,0.125,128,896,0.0009052249333573746,0.009387100386643697
smol036,smol,a10cc1512eabd3dde888204e902eca88bddb4951,alice,4,0,0,1024,64,0.125,128,896,0.4755203134118216,0.4757877952679747
smol036,smol,a10cc1512eabd3dde888204e902eca88bddb4951,alice,4,1,0,1024,64,0.125,128,896,0.3142477244406446,0.31445245424281115
smol036,smol,a10cc1512eabd3dde888204e902eca88bddb4951,alice,4,2,0,1024,64,0.125,128,896,0.312683634579855,0.3129562462479002
smol036,smol,a10cc1512eabd3dde888204e902eca88bddb4951,alice,4,3,1,1024,64,0.125,128,896,0.5327613763856008,0.533425818590273
smol036,smol,a10cc1512eabd3dde888204e902eca88bddb4951,alice,4,4,1,1024,64,0.125,128,896,0.45482978955769743,0.4551166468408538
smol036,smol,a10cc1512eabd3dde888204e902eca88bddb4951,alice,4,5,1,1024,64,0.125,128,896,0.5234727569235764,0.5236671720264632
smol036,smol,a10cc1512eabd3dde888204e902eca88bddb4951,alice,4,6,2,1024,64,0.125,128,896,0.45645288999886857,0.4581402073489021
smol036,smol,a10cc1512eabd3dde888204e902eca88bddb4951,alice,4,7,2,1024,64,0.125,128,896,0.5503485347322525,0.551330271273733
smol036,smol,a10cc1512eabd3dde888204e902eca88bddb4951,alice,4,8,2,1024,64,0.125,128,896,0.4015207443215809,0.40226631439159405
smol036,smol,a10cc1512eabd3dde888204e902eca88bddb4951,alice,4,9,3,1024,64,0.125,128,896,0.48633323717610155,0.4867050261778859
smol036,smol,a10cc1512eabd3dde888204e902eca88bddb4951,alice,4,10,3,1024,64,0.125,128,896,0.3820076329945029,0.3840654023943818
smol036,smol,a10cc1512eabd3dde888204e902eca88bddb4951,alice,4,11,3,1024,64,0.125,128,896,0.45847478229262767,0.45944205565132595
smol036,smol,a10cc1512eabd3dde888204e902eca88bddb4951,alice,4,12,4,1024,64,0.125,128,896,0.3381466301945428,0.33852702655619243
smol036,smol,a10cc1512eabd3dde888204e902eca88bddb4951,alice,4,13,4,1024,64,0.125,128,896,0.3344305242643748,0.3347927884301007
smol036,smol,a10cc1512eabd3dde888204e902eca88bddb4951,alice,4,14,4,1024,64,0.125,128,896,0.20438523113737925,0.20543925248562062
smol036,smol,a10cc1512eabd3dde888204e902eca88bddb4951,moby,4,0,0,1024,64,0.125,128,896,0.4402542045818113,0.4405077096254737
smol036,smol,a10cc1512eabd3dde888204e902eca88bddb4951,moby,4,1,0,1024,64,0.125,128,896,0.33186940874177034,0.3320370357239334
smol036,smol,a10cc1512eabd3dde888204e902eca88bddb4951,moby,4,2,0,1024,64,0.125,128,896,0.32443047701153455,0.32477843962713765
smol036,smol,a10cc1512eabd3dde888204e902eca88bddb4951,moby,4,3,1,1024,64,0.125,128,896,0.49295900456672787,0.49484938639215714
smol036,smol,a10cc1512eabd3dde888204e902eca88bddb4951,moby,4,4,1,1024,64,0.125,128,896,0.4365702415132267,0.4379916586847304
smol036,smol,a10cc1512eabd3dde888204e902eca88bddb4951,moby,4,5,1,1024,64,0.125,128,896,0.5055189153689575,0.5066527263602573
smol036,smol,a10cc1512eabd3dde888204e902eca88bddb4951,moby,4,6,2,1024,64,0.125,128,896,0.4648115126985725,0.46864104098311316
smol036,smol,a10cc1512eabd3dde888204e902eca88bddb4951,moby,4,7,2,1024,64,0.125,128,896,0.5096620150302837,0.5108912153474555
smol036,smol,a10cc1512eabd3dde888204e902eca88bddb4951,moby,4,8,2,1024,64,0.125,128,896,0.3828059226520003,0.3848844992938743
smol036,smol,a10cc1512eabd3dde888204e902eca88bddb4951,moby,4,9,3,1024,64,0.125,128,896,0.4709179582270769,0.4712879255027848
smol036,smol,a10cc1512eabd3dde888204e902eca88bddb4951,moby,4,10,3,1024,64,0.125,128,896,0.39464217437948346,0.3968274073338257
smol036,smol,a10cc1512eabd3dde888204e902eca88bddb4951,moby,4,11,3,1024,64,0.125,128,896,0.4026828683614841,0.4037066506311518
smol036,smol,a10cc1512eabd3dde888204e902eca88bddb4951,moby,4,12,4,1024,64,0.125,128,896,0.31994682829286536,0.3219515160114242
smol036,smol,a10cc1512eabd3dde888204e902eca88bddb4951,moby,4,13,4,1024,64,0.125,128,896,0.3240029880868058,0.3260796238043479
smol036,smol,a10cc1512eabd3dde888204e902eca88bddb4951,moby,4,14,4,1024,64,0.125,128,896,0.21404028157208993,0.2176234177482069
smol036,smol,a10cc1512eabd3dde888204e902eca88bddb4951,pride,4,0,0,1024,64,0.125,128,896,0.5648337798098902,0.564945835248509
smol036,smol,a10cc1512eabd3dde888204e902eca88bddb4951,pride,4,1,0,1024,64,0.125,128,896,0.3584019593316295,0.35848135578253626
smol036,smol,a10cc1512eabd3dde888204e902eca88bddb4951,pride,4,2,0,1024,64,0.125,128,896,0.3213687289176062,0.32148406880897923
smol036,smol,a10cc1512eabd3dde888204e902eca88bddb4951,pride,4,3,1,1024,64,0.125,128,896,0.5751774459308283,0.5757414474860908
smol036,smol,a10cc1512eabd3dde888204e902eca88bddb4951,pride,4,4,1,1024,64,0.125,128,896,0.5221625321298262,0.5225162027454688
smol036,smol,a10cc1512eabd3dde888204e902eca88bddb4951,pride,4,5,1,1024,64,0.125,128,896,0.599814267430882,0.6000706490998516
smol036,smol,a10cc1512eabd3dde888204e902eca88bddb4951,pride,4,6,2,1024,64,0.125,128,896,0.4984583282679126,0.5001111360598661
smol036,smol,a10cc1512eabd3dde888204e902eca88bddb4951,pride,4,7,2,1024,64,0.125,128,896,0.6703878600075631,0.6712358597556735
smol036,smol,a10cc1512eabd3dde888204e902eca88bddb4951,pride,4,8,2,1024,64,0.125,128,896,0.43475742243343235,0.43566217352317615
smol036,smol,a10cc1512eabd3dde888204e902eca88bddb4951,pride,4,9,3,1024,64,0.125,128,896,0.5480448823399632,0.5484110011772033
smol036,smol,a10cc1512eabd3dde888204e902eca88bddb4951,pride,4,10,3,1024,64,0.125,128,896,0.41259261374261286,0.4147182063146942
smol036,smol,a10cc1512eabd3dde888204e902eca88bddb4951,pride,4,11,3,1024,64,0.125,128,896,0.5122306087030485,0.5126707320344062
smol036,smol,a10cc1512eabd3dde888204e902eca88bddb4951,pride,4,12,4,1024,64,0.125,128,896,0.37615870890691017,0.3764963672316752
smol036,smol,a10cc1512eabd3dde888204e902eca88bddb4951,pride,4,13,4,1024,64,0.125,128,896,0.42738730779862394,0.4277151507881362
smol036,smol,a10cc1512eabd3dde888204e902eca88bddb4951,pride,4,14,4,1024,64,0.125,128,896,0.23306928547194625,0.23384028418338434
smol036,smol,a10cc1512eabd3dde888204e902eca88bddb4951,alice,5,0,0,1024,64,0.125,128,896,0.3111987719942717,0.3180218212484741
smol036,smol,a10cc1512eabd3dde888204e902eca88bddb4951,alice,5,1,0,1024,64,0.125,128,896,0.4286498812907273,0.4299331555484177
smol036,smol,a10cc1512eabd3dde888204e902eca88bddb4951,alice,5,2,0,1024,64,0.125,128,896,0.4780205302860117,0.4785388699513881
smol036,smol,a10cc1512eabd3dde888204e902eca88bddb4951,alice,5,3,1,1024,64,0.125,128,896,0.38895325086867194,0.39249817960593475
smol036,smol,a10cc1512eabd3dde888204e902eca88bddb4951,alice,5,4,1,1024,64,0.125,128,896,0.538298001455096,0.5391242115413395
smol036,smol,a10cc1512eabd3dde888204e902eca88bddb4951,alice,5,5,1,1024,64,0.125,128,896,0.551307508332432,0.5517561216888109
smol036,smol,a10cc1512eabd3dde888204e902eca88bddb4951,alice,5,6,2,1024,64,0.125,128,896,0.48549213950967907,0.48570501560769996
smol036,smol,a10cc1512eabd3dde888204e902eca88bddb4951,alice,5,7,2,1024,64,0.125,128,896,0.5813728707254144,0.5815114868234301
smol036,smol,a10cc1512eabd3dde888204e902eca88bddb4951,alice,5,8,2,1024,64,0.125,128,896,0.5438104061341048,0.5440708433566367
smol036,smol,a10cc1512eabd3dde888204e902eca88bddb4951,alice,5,9,3,1024,64,0.125,128,896,0.3436855262696307,0.34422535939189486
smol036,smol,a10cc1512eabd3dde888204e902eca88bddb4951,alice,5,10,3,1024,64,0.125,128,896,0.37567685129254225,0.3778870422929016
smol036,smol,a10cc1512eabd3dde888204e902eca88bddb4951,alice,5,11,3,1024,64,0.125,128,896,0.34535400184358794,0.3467975068652195
smol036,smol,a10cc1512eabd3dde888204e902eca88bddb4951,alice,5,12,4,1024,64,0.125,128,896,0.42301109203085996,0.4235775905899353
smol036,smol,a10cc1512eabd3dde888204e902eca88bddb4951,alice,5,13,4,1024,64,0.125,128,896,0.38444982772358305,0.3851473354068002
smol036,smol,a10cc1512eabd3dde888204e902eca88bddb4951,alice,5,14,4,1024,64,0.125,128,896,0.5925243023044053,0.5931925701920155
smol036,smol,a10cc1512eabd3dde888204e902eca88bddb4951,moby,5,0,0,1024,64,0.125,128,896,0.3296182247701963,0.3323202767356273
smol036,smol,a10cc1512eabd3dde888204e902eca88bddb4951,moby,5,1,0,1024,64,0.125,128,896,0.43232126410472166,0.4337249511487364
smol036,smol,a10cc1512eabd3dde888204e902eca88bddb4951,moby,5,2,0,1024,64,0.125,128,896,0.4839566847775104,0.484380112892114
smol036,smol,a10cc1512eabd3dde888204e902eca88bddb4951,moby,5,3,1,1024,64,0.125,128,896,0.4286110141638871,0.43161626205777825
smol036,smol,a10cc1512eabd3dde888204e902eca88bddb4951,moby,5,4,1,1024,64,0.125,128,896,0.5469861252426964,0.5482861744385226
smol036,smol,a10cc1512eabd3dde888204e902eca88bddb4951,moby,5,5,1,1024,64,0.125,128,896,0.5404184073189174,0.5414104206043174
smol036,smol,a10cc1512eabd3dde888204e902eca88bddb4951,moby,5,6,2,1024,64,0.125,128,896,0.4776722808894056,0.47787354414246314
smol036,smol,a10cc1512eabd3dde888204e902eca88bddb4951,moby,5,7,2,1024,64,0.125,128,896,0.5427648845878663,0.5429488218072651
smol036,smol,a10cc1512eabd3dde888204e902eca88bddb4951,moby,5,8,2,1024,64,0.125,128,896,0.5270975929252184,0.5273523356145314
smol036,smol,a10cc1512eabd3dde888204e902eca88bddb4951,moby,5,9,3,1024,64,0.125,128,896,0.3884494774941797,0.3897950992155179
smol036,smol,a10cc1512eabd3dde888204e902eca88bddb4951,moby,5,10,3,1024,64,0.125,128,896,0.34973951399601055,0.35187681310736246
smol036,smol,a10cc1512eabd3dde888204e902eca88bddb4951,moby,5,11,3,1024,64,0.125,128,896,0.3299902387634616,0.3328650541155255
smol036,smol,a10cc1512eabd3dde888204e902eca88bddb4951,moby,5,12,4,1024,64,0.125,128,896,0.4048918246647005,0.4069151837332449
smol036,smol,a10cc1512eabd3dde888204e902eca88bddb4951,moby,5,13,4,1024,64,0.125,128,896,0.38806590268353686,0.38927642345083363
smol036,smol,a10cc1512eabd3dde888204e902eca88bddb4951,moby,5,14,4,1024,64,0.125,128,896,0.5806593230492255,0.5840264458390195
smol036,smol,a10cc1512eabd3dde888204e902eca88bddb4951,pride,5,0,0,1024,64,0.125,128,896,0.36094478593563367,0.3632311075948876
smol036,smol,a10cc1512eabd3dde888204e902eca88bddb4951,pride,5,1,0,1024,64,0.125,128,896,0.49582069240694304,0.4965619249493637
smol036,smol,a10cc1512eabd3dde888204e902eca88bddb4951,pride,5,2,0,1024,64,0.125,128,896,0.5442484964369056,0.5445156891716422
smol036,smol,a10cc1512eabd3dde888204e902eca88bddb4951,pride,5,3,1,1024,64,0.125,128,896,0.4490746788573814,0.4502050327959285
smol036,smol,a10cc1512eabd3dde888204e902eca88bddb4951,pride,5,4,1,1024,64,0.125,128,896,0.6060378996633696,0.6068174197414261
smol036,smol,a10cc1512eabd3dde888204e902eca88bddb4951,pride,5,5,1,1024,64,0.125,128,896,0.6205630091115932,0.6209031158433426
smol036,smol,a10cc1512eabd3dde888204e902eca88bddb4951,pride,5,6,2,1024,64,0.125,128,896,0.6115249211809017,0.6116211405146867
smol036,smol,a10cc1512eabd3dde888204e902eca88bddb4951,pride,5,7,2,1024,64,0.125,128,896,0.6851053646812687,0.6851813047226439
smol036,smol,a10cc1512eabd3dde888204e902eca88bddb4951,pride,5,8,2,1024,64,0.125,128,896,0.6421124943967642,0.6422763574357682
smol036,smol,a10cc1512eabd3dde888204e902eca88bddb4951,pride,5,9,3,1024,64,0.125,128,896,0.4737016298675031,0.4744291001435548
smol036,smol,a10cc1512eabd3dde888204e902eca88bddb4951,pride,5,10,3,1024,64,0.125,128,896,0.4118650350720937,0.41275469827480366
smol036,smol,a10cc1512eabd3dde888204e902eca88bddb4951,pride,5,11,3,1024,64,0.125,128,896,0.4494239855372134,0.4504532533358554
smol036,smol,a10cc1512eabd3dde888204e902eca88bddb4951,pride,5,12,4,1024,64,0.125,128,896,0.5216819073586978,0.5221095986957172
smol036,smol,a10cc1512eabd3dde888204e902eca88bddb4951,pride,5,13,4,1024,64,0.125,128,896,0.46280370285959255,0.4632429947401277
smol036,smol,a10cc1512eabd3dde888204e902eca88bddb4951,pride,5,14,4,1024,64,0.125,128,896,0.6555261916544008,0.6560941556290912
smol036,smol,a10cc1512eabd3dde888204e902eca88bddb4951,alice,6,0,0,1024,64,0.125,128,896,0.3165257407214345,0.31819750291885074
smol036,smol,a10cc1512eabd3dde888204e902eca88bddb4951,alice,6,1,0,1024,64,0.125,128,896,0.32458974025297965,0.32612756904444634
smol036,smol,a10cc1512eabd3dde888204e902eca88bddb4951,alice,6,2,0,1024,64,0.125,128,896,0.36164158114423106,0.36195052361039287
smol036,smol,a10cc1512eabd3dde888204e902eca88bddb4951,alice,6,3,1,1024,64,0.125,128,896,0.13586924432913033,0.1385134144221692
smol036,smol,a10cc1512eabd3dde888204e902eca88bddb4951,alice,6,4,1,1024,64,0.125,128,896,0.5586385485762551,0.5589221008954354
smol036,smol,a10cc1512eabd3dde888204e902eca88bddb4951,alice,6,5,1,1024,64,0.125,128,896,0.4749450997380974,0.47626314102942835
smol036,smol,a10cc1512eabd3dde888204e902eca88bddb4951,alice,6,6,2,1024,64,0.125,128,896,0.605784887042863,0.6058352126215566
smol036,smol,a10cc1512eabd3dde888204e902eca88bddb4951,alice,6,7,2,1024,64,0.125,128,896,0.5015374635461954,0.5016499796578996
smol036,smol,a10cc1512eabd3dde888204e902eca88bddb4951,alice,6,8,2,1024,64,0.125,128,896,0.5862657893202373,0.586344763162607
smol036,smol,a10cc1512eabd3dde888204e902eca88bddb4951,alice,6,9,3,1024,64,0.125,128,896,0.42416636233871413,0.42505064080131805
smol036,smol,a10cc1512eabd3dde888204e902eca88bddb4951,alice,6,10,3,1024,64,0.125,128,896,0.557050274893794,0.5575890102576042
smol036,smol,a10cc1512eabd3dde888204e902eca88bddb4951,alice,6,11,3,1024,64,0.125,128,896,0.5036005239300502,0.5050458606756533
smol036,smol,a10cc1512eabd3dde888204e902eca88bddb4951,alice,6,12,4,1024,64,0.125,128,896,0.26926829599868346,0.2699763220701884
smol036,smol,a10cc1512eabd3dde888204e902eca88bddb4951,alice,6,13,4,1024,64,0.125,128,896,0.182780330920086,0.18350340777756768
smol036,smol,a10cc1512eabd3dde888204e902eca88bddb4951,alice,6,14,4,1024,64,0.125,128,896,0.2624935536827025,0.26262975719462966
smol036,smol,a10cc1512eabd3dde888204e902eca88bddb4951,moby,6,0,0,1024,64,0.125,128,896,0.30449011183037417,0.3073796251947415
smol036,smol,a10cc1512eabd3dde888204e902eca88bddb4951,moby,6,1,0,1024,64,0.125,128,896,0.3288937443926075,0.33131239382993005
smol036,smol,a10cc1512eabd3dde888204e902eca88bddb4951,moby,6,2,0,1024,64,0.125,128,896,0.36350019184674676,0.36412915894603765
smol036,smol,a10cc1512eabd3dde888204e902eca88bddb4951,moby,6,3,1,1024,64,0.125,128,896,0.1378270787746856,0.14025607347023228
smol036,smol,a10cc1512eabd3dde888204e902eca88bddb4951,moby,6,4,1,1024,64,0.125,128,896,0.5421012340078245,0.5424465347417037
smol036,smol,a10cc1512eabd3dde888204e902eca88bddb4951,moby,6,5,1,1024,64,0.125,128,896,0.48825792133013274,0.48995680582309004
smol036,smol,a10cc1512eabd3dde888204e902eca88bddb4951,moby,6,6,2,1024,64,0.125,128,896,0.5785175027879472,0.5785864574496378
smol036,smol,a10cc1512eabd3dde888204e902eca88bddb4951,moby,6,7,2,1024,64,0.125,128,896,0.5132911097804677,0.5134253579232377
smol036,smol,a10cc1512eabd3dde888204e902eca88bddb4951,moby,6,8,2,1024,64,0.125,128,896,0.5617788837693264,0.5618643276660419
smol036,smol,a10cc1512eabd3dde888204e902eca88bddb4951,moby,6,9,3,1024,64,0.125,128,896,0.4411013668017306,0.44130758175195345
smol036,smol,a10cc1512eabd3dde888204e902eca88bddb4951,moby,6,10,3,1024,64,0.125,128,896,0.4985498097509228,0.49892956058515486
smol036,smol,a10cc1512eabd3dde888204e902eca88bddb4951,moby,6,11,3,1024,64,0.125,128,896,0.5640515919269266,0.5642787133760053
smol036,smol,a10cc1512eabd3dde888204e902eca88bddb4951,moby,6,12,4,1024,64,0.125,128,896,0.2822604533257817,0.2828070901956362
smol036,smol,a10cc1512eabd3dde888204e902eca88bddb4951,moby,6,13,4,1024,64,0.125,128,896,0.16105588696340764,0.1621263565100483
smol036,smol,a10cc1512eabd3dde888204e902eca88bddb4951,moby,6,14,4,1024,64,0.125,128,896,0.24169343409349095,0.24190874166773235
smol036,smol,a10cc1512eabd3dde888204e902eca88bddb4951,pride,6,0,0,1024,64,0.125,128,896,0.3462342263439435,0.347195687849371
smol036,smol,a10cc1512eabd3dde888204e902eca88bddb4951,pride,6,1,0,1024,64,0.125,128,896,0.37791198323800385,0.37883690175198786
smol036,smol,a10cc1512eabd3dde888204e902eca88bddb4951,pride,6,2,0,1024,64,0.125,128,896,0.44446061223412403,0.4447214439000017
smol036,smol,a10cc1512eabd3dde888204e902eca88bddb4951,pride,6,3,1,1024,64,0.125,128,896,0.15662768540517416,0.1580242930675808
smol036,smol,a10cc1512eabd3dde888204e902eca88bddb4951,pride,6,4,1,1024,64,0.125,128,896,0.6115481059195461,0.6118863880700048
smol036,smol,a10cc1512eabd3dde888204e902eca88bddb4951,pride,6,5,1,1024,64,0.125,128,896,0.5471966017151015,0.5487068355095468
smol036,smol,a10cc1512eabd3dde888204e902eca88bddb4951,pride,6,6,2,1024,64,0.125,128,896,0.6984300763497149,0.6984755107215651
smol036,smol,a10cc1512eabd3dde888204e902eca88bddb4951,pride,6,7,2,1024,64,0.125,128,896,0.5958879455489194,0.5960003205003065
smol036,smol,a10cc1512eabd3dde888204e902eca88bddb4951,pride,6,8,2,1024,64,0.125,128,896,0.6634614007680242,0.66355145955854
smol036,smol,a10cc1512eabd3dde888204e902eca88bddb4951,pride,6,9,3,1024,64,0.125,128,896,0.4618218645569911,0.4622649408814685
smol036,smol,a10cc1512eabd3dde888204e902eca88bddb4951,pride,6,10,3,1024,64,0.125,128,896,0.582691427382355,0.5830103572591406
smol036,smol,a10cc1512eabd3dde888204e902eca88bddb4951,pride,6,11,3,1024,64,0.125,128,896,0.6071888767397199,0.6076395812479253
smol036,smol,a10cc1512eabd3dde888204e902eca88bddb4951,pride,6,12,4,1024,64,0.125,128,896,0.31886701819584956,0.31929515357316707
smol036,smol,a10cc1512eabd3dde888204e902eca88bddb4951,pride,6,13,4,1024,64,0.125,128,896,0.23937896261958014,0.24002030048542408
smol036,smol,a10cc1512eabd3dde888204e902eca88bddb4951,pride,6,14,4,1024,64,0.125,128,896,0.33886741445876317,0.3389877754740815
smol036,smol,a10cc1512eabd3dde888204e902eca88bddb4951,alice,7,0,0,1024,64,0.125,128,896,0.25089837656914077,0.25398343889470404
smol036,smol,a10cc1512eabd3dde888204e902eca88bddb4951,alice,7,1,0,1024,64,0.125,128,896,0.2654622977602381,0.26717989654400937
smol036,smol,a10cc1512eabd3dde888204e902eca88bddb4951,alice,7,2,0,1024,64,0.125,128,896,0.4445975745339664,0.4457768870035616
smol036,smol,a10cc1512eabd3dde888204e902eca88bddb4951,alice,7,3,1,1024,64,0.125,128,896,0.4388942628555203,0.44251858240000896
smol036,smol,a10cc1512eabd3dde888204e902eca88bddb4951,alice,7,4,1,1024,64,0.125,128,896,0.18936477478626,0.19289969007372712
smol036,smol,a10cc1512eabd3dde888204e902eca88bddb4951,alice,7,5,1,1024,64,0.125,128,896,0.2546390298168602,0.2585273947065923
smol036,smol,a10cc1512eabd3dde888204e902eca88bddb4951,alice,7,6,2,1024,64,0.125,128,896,0.46745941473647473,0.468429503480016
smol036,smol,a10cc1512eabd3dde888204e902eca88bddb4951,alice,7,7,2,1024,64,0.125,128,896,0.3717938158109257,0.3748504916137124
smol036,smol,a10cc1512eabd3dde888204e902eca88bddb4951,alice,7,8,2,1024,64,0.125,128,896,0.38737136138467687,0.38990551018859704
smol036,smol,a10cc1512eabd3dde888204e902eca88bddb4951,alice,7,9,3,1024,64,0.125,128,896,0.1962240418739642,0.20134872190708147
smol036,smol,a10cc1512eabd3dde888204e902eca88bddb4951,alice,7,10,3,1024,64,0.125,128,896,0.250773965949362,0.2518747867388356
smol036,smol,a10cc1512eabd3dde888204e902eca88bddb4951,alice,7,11,3,1024,64,0.125,128,896,0.3256615609115062,0.3257720094778187
smol036,smol,a10cc1512eabd3dde888204e902eca88bddb4951,alice,7,12,4,1024,64,0.125,128,896,0.3196874730155707,0.32018578353561855
smol036,smol,a10cc1512eabd3dde888204e902eca88bddb4951,alice,7,13,4,1024,64,0.125,128,896,0.05173460460811934,0.05225634694197891
smol036,smol,a10cc1512eabd3dde888204e902eca88bddb4951,alice,7,14,4,1024,64,0.125,128,896,0.3860244748295937,0.38689688397164324
smol036,smol,a10cc1512eabd3dde888204e902eca88bddb4951,moby,7,0,0,1024,64,0.125,128,896,0.22876700228829788,0.23194352868712567
smol036,smol,a10cc1512eabd3dde888204e902eca88bddb4951,moby,7,1,0,1024,64,0.125,128,896,0.2868108193319858,0.28777900178389476
smol036,smol,a10cc1512eabd3dde888204e902eca88bddb4951,moby,7,2,0,1024,64,0.125,128,896,0.45468871465348387,0.45608204337012465
smol036,smol,a10cc1512eabd3dde888204e902eca88bddb4951,moby,7,3,1,1024,64,0.125,128,896,0.47000592600334734,0.4728122090852945
smol036,smol,a10cc1512eabd3dde888204e902eca88bddb4951,moby,7,4,1,1024,64,0.125,128,896,0.17614707409781785,0.17796558347867802
smol036,smol,a10cc1512eabd3dde888204e902eca88bddb4951,moby,7,5,1,1024,64,0.125,128,896,0.24961500613659254,0.2507957752364699
smol036,smol,a10cc1512eabd3dde888204e902eca88bddb4951,moby,7,6,2,1024,64,0.125,128,896,0.46328699961856057,0.4642000771712324
smol036,smol,a10cc1512eabd3dde888204e902eca88bddb4951,moby,7,7,2,1024,64,0.125,128,896,0.30104939090430444,0.30530163862009596
smol036,smol,a10cc1512eabd3dde888204e902eca88bddb4951,moby,7,8,2,1024,64,0.125,128,896,0.3939229722336863,0.39499234173944703
smol036,smol,a10cc1512eabd3dde888204e902eca88bddb4951,moby,7,9,3,1024,64,0.125,128,896,0.23054870875478714,0.236100961950992
smol036,smol,a10cc1512eabd3dde888204e902eca88bddb4951,moby,7,10,3,1024,64,0.125,128,896,0.2695139774887804,0.2705223072038942
smol036,smol,a10cc1512eabd3dde888204e902eca88bddb4951,moby,7,11,3,1024,64,0.125,128,896,0.33052942545909303,0.33065137459207683
smol036,smol,a10cc1512eabd3dde888204e902eca88bddb4951,moby,7,12,4,1024,64,0.125,128,896,0.31272665514995984,0.3132864982328155
smol036,smol,a10cc1512eabd3dde888204e902eca88bddb4951,moby,7,13,4,1024,64,0.125,128,896,0.052361148451178764,0.05281212641725715
smol036,smol,a10cc1512eabd3dde888204e902eca88bddb4951,moby,7,14,4,1024,64,0.125,128,896,0.4138336204950819,0.4151539784330142
smol036,smol,a10cc1512eabd3dde888204e902eca88bddb4951,pride,7,0,0,1024,64,0.125,128,896,0.3182113419775526,0.3192329256954343
smol036,smol,a10cc1512eabd3dde888204e902eca88bddb4951,pride,7,1,0,1024,64,0.125,128,896,0.29713242018932146,0.29777151983178
smol036,smol,a10cc1512eabd3dde888204e902eca88bddb4951,pride,7,2,0,1024,64,0.125,128,896,0.45799193077398226,0.4587297149348334
smol036,smol,a10cc1512eabd3dde888204e902eca88bddb4951,pride,7,3,1,1024,64,0.125,128,896,0.46520026626070327,0.4704037867294829
smol036,smol,a10cc1512eabd3dde888204e902eca88bddb4951,pride,7,4,1,1024,64,0.125,128,896,0.22307860423014977,0.22583278350172656
smol036,smol,a10cc1512eabd3dde888204e902eca88bddb4951,pride,7,5,1,1024,64,0.125,128,896,0.27002154732420525,0.27144553327815213
smol036,smol,a10cc1512eabd3dde888204e902eca88bddb4951,pride,7,6,2,1024,64,0.125,128,896,0.5122993580823375,0.5132243007104741
smol036,smol,a10cc1512eabd3dde888204e902eca88bddb4951,pride,7,7,2,1024,64,0.125,128,896,0.3944994084948668,0.39667071797391
smol036,smol,a10cc1512eabd3dde888204e902eca88bddb4951,pride,7,8,2,1024,64,0.125,128,896,0.4193644986016096,0.4214453397811038
smol036,smol,a10cc1512eabd3dde888204e902eca88bddb4951,pride,7,9,3,1024,64,0.125,128,896,0.2154723845931857,0.21964920396638202
smol036,smol,a10cc1512eabd3dde888204e902eca88bddb4951,pride,7,10,3,1024,64,0.125,128,896,0.29015349238375965,0.29084200023485635
smol036,smol,a10cc1512eabd3dde888204e902eca88bddb4951,pride,7,11,3,1024,64,0.125,128,896,0.4054967208963243,0.4055821793668165
smol036,smol,a10cc1512eabd3dde888204e902eca88bddb4951,pride,7,12,4,1024,64,0.125,128,896,0.3976888527990524,0.3979786136455917
smol036,smol,a10cc1512eabd3dde888204e902eca88bddb4951,pride,7,13,4,1024,64,0.125,128,896,0.06663562785568826,0.06693458459207943
smol036,smol,a10cc1512eabd3dde888204e902eca88bddb4951,pride,7,14,4,1024,64,0.125,128,896,0.4582039038933338,0.4588065431074656
smol036,smol,a10cc1512eabd3dde888204e902eca88bddb4951,alice,8,0,0,1024,64,0.125,128,896,0.5459328586644345,0.5463367738428749
smol036,smol,a10cc1512eabd3dde888204e902eca88bddb4951,alice,8,1,0,1024,64,0.125,128,896,0.4733817924280817,0.4735730636587031
smol036,smol,a10cc1512eabd3dde888204e902eca88bddb4951,alice,8,2,0,1024,64,0.125,128,896,0.4515941292942514,0.4517512443862937
smol036,smol,a10cc1512eabd3dde888204e902eca88bddb4951,alice,8,3,1,1024,64,0.125,128,896,0.34864933964681505,0.3508457561277177
smol036,smol,a10cc1512eabd3dde888204e902eca88bddb4951,alice,8,4,1,1024,64,0.125,128,896,0.30689860396902935,0.30822585866168445
smol036,smol,a10cc1512eabd3dde888204e902eca88bddb4951,alice,8,5,1,1024,64,0.125,128,896,0.31074202750591723,0.31441951952233665
smol036,smol,a10cc1512eabd3dde888204e902eca88bddb4951,alice,8,6,2,1024,64,0.125,128,896,0.3142659850723667,0.3144323853216833
smol036,smol,a10cc1512eabd3dde888204e902eca88bddb4951,alice,8,7,2,1024,64,0.125,128,896,0.4485401858005958,0.44878144614498516
smol036,smol,a10cc1512eabd3dde888204e902eca88bddb4951,alice,8,8,2,1024,64,0.125,128,896,0.575787784308518,0.5761191927601252
smol036,smol,a10cc1512eabd3dde888204e902eca88bddb4951,alice,8,9,3,1024,64,0.125,128,896,0.24374929717705388,0.24825583951657054
smol036,smol,a10cc1512eabd3dde888204e902eca88bddb4951,alice,8,10,3,1024,64,0.125,128,896,0.23727742027306348,0.23797863256192517
smol036,smol,a10cc1512eabd3dde888204e902eca88bddb4951,alice,8,11,3,1024,64,0.125,128,896,0.11335020360503481,0.11622285212048303
smol036,smol,a10cc1512eabd3dde888204e902eca88bddb4951,alice,8,12,4,1024,64,0.125,128,896,0.4425349914823698,0.44418470272123856
smol036,smol,a10cc1512eabd3dde888204e902eca88bddb4951,alice,8,13,4,1024,64,0.125,128,896,0.4059702865176745,0.4064894749881585
smol036,smol,a10cc1512eabd3dde888204e902eca88bddb4951,alice,8,14,4,1024,64,0.125,128,896,0.39898746681898817,0.40010672080550613
smol036,smol,a10cc1512eabd3dde888204e902eca88bddb4951,moby,8,0,0,1024,64,0.125,128,896,0.5411784790475735,0.541469747646988
smol036,smol,a10cc1512eabd3dde888204e902eca88bddb4951,moby,8,1,0,1024,64,0.125,128,896,0.44515665709687163,0.445537214050292
smol036,smol,a10cc1512eabd3dde888204e902eca88bddb4951,moby,8,2,0,1024,64,0.125,128,896,0.46877294484604864,0.4691258677978229
smol036,smol,a10cc1512eabd3dde888204e902eca88bddb4951,moby,8,3,1,1024,64,0.125,128,896,0.29538958966082657,0.3005053426136917
smol036,smol,a10cc1512eabd3dde888204e902eca88bddb4951,moby,8,4,1,1024,64,0.125,128,896,0.25923054885860897,0.26178650171743734
smol036,smol,a10cc1512eabd3dde888204e902eca88bddb4951,moby,8,5,1,1024,64,0.125,128,896,0.2954656051378473,0.29977968842971636
smol036,smol,a10cc1512eabd3dde888204e902eca88bddb4951,moby,8,6,2,1024,64,0.125,128,896,0.32362464717306244,0.3244184878381156
smol036,smol,a10cc1512eabd3dde888204e902eca88bddb4951,moby,8,7,2,1024,64,0.125,128,896,0.45619937206125777,0.4569097365813822
smol036,smol,a10cc1512eabd3dde888204e902eca88bddb4951,moby,8,8,2,1024,64,0.125,128,896,0.5489634717759314,0.5499085850656529
smol036,smol,a10cc1512eabd3dde888204e902eca88bddb4951,moby,8,9,3,1024,64,0.125,128,896,0.25212221596658185,0.25873281626428163
smol036,smol,a10cc1512eabd3dde888204e902eca88bddb4951,moby,8,10,3,1024,64,0.125,128,896,0.2463054812117891,0.24752846394817435
smol036,smol,a10cc1512eabd3dde888204e902eca88bddb4951,moby,8,11,3,1024,64,0.125,128,896,0.09407590366133348,0.10626052315240529
smol036,smol,a10cc1512eabd3dde888204e902eca88bddb4951,moby,8,12,4,1024,64,0.125,128,896,0.4507236621729533,0.45240558602091413
smol036,smol,a10cc1512eabd3dde888204e902eca88bddb4951,moby,8,13,4,1024,64,0.125,128,896,0.36287778842441226,0.36450561557451716
smol036,smol,a10cc1512eabd3dde888204e902eca88bddb4951,moby,8,14,4,1024,64,0.125,128,896,0.4617460239657308,0.4631480811295415
smol036,smol,a10cc1512eabd3dde888204e902eca88bddb4951,pride,8,0,0,1024,64,0.125,128,896,0.5931970019870866,0.59330305383501
smol036,smol,a10cc1512eabd3dde888204e902eca88bddb4951,pride,8,1,0,1024,64,0.125,128,896,0.5873926455931964,0.5875881352937645
smol036,smol,a10cc1512eabd3dde888204e902eca88bddb4951,pride,8,2,0,1024,64,0.125,128,896,0.5437420018006461,0.543932482526367
smol036,smol,a10cc1512eabd3dde888204e902eca88bddb4951,pride,8,3,1,1024,64,0.125,128,896,0.3223505785031593,0.3234217432389555
smol036,smol,a10cc1512eabd3dde888204e902eca88bddb4951,pride,8,4,1,1024,64,0.125,128,896,0.37780498073826596,0.3783233738724586
smol036,smol,a10cc1512eabd3dde888204e902eca88bddb4951,pride,8,5,1,1024,64,0.125,128,896,0.3620063550635985,0.3627775625965995
smol036,smol,a10cc1512eabd3dde888204e902eca88bddb4951,pride,8,6,2,1024,64,0.125,128,896,0.38646782411522834,0.386570979069767
smol036,smol,a10cc1512eabd3dde888204e902eca88bddb4951,pride,8,7,2,1024,64,0.125,128,896,0.4920485936420326,0.49225268563885566
smol036,smol,a10cc1512eabd3dde888204e902eca88bddb4951,pride,8,8,2,1024,64,0.125,128,896,0.6365671040760257,0.6367595732424742
smol036,smol,a10cc1512eabd3dde888204e902eca88bddb4951,pride,8,9,3,1024,64,0.125,128,896,0.3390687027087241,0.34096390069430627
smol036,smol,a10cc1512eabd3dde888204e902eca88bddb4951,pride,8,10,3,1024,64,0.125,128,896,0.22574884998383735,0.22673624454540078
smol036,smol,a10cc1512eabd3dde888204e902eca88bddb4951,pride,8,11,3,1024,64,0.125,128,896,0.13035902820477627,0.1330194070559167
smol036,smol,a10cc1512eabd3dde888204e902eca88bddb4951,pride,8,12,4,1024,64,0.125,128,896,0.4864349314379664,0.48726540932112516
smol036,smol,a10cc1512eabd3dde888204e902eca88bddb4951,pride,8,13,4,1024,64,0.125,128,896,0.49586371297388876,0.4961747922175796
smol036,smol,a10cc1512eabd3dde888204e902eca88bddb4951,pride,8,14,4,1024,64,0.125,128,896,0.3428976330135831,0.34324279341844105
smol036,smol,a10cc1512eabd3dde888204e902eca88bddb4951,alice,9,0,0,1024,64,0.125,128,896,0.49670292657963083,0.49712190745463763
smol036,smol,a10cc1512eabd3dde888204e902eca88bddb4951,alice,9,1,0,1024,64,0.125,128,896,0.567948974205623,0.5684894012083427
smol036,smol,a10cc1512eabd3dde888204e902eca88bddb4951,alice,9,2,0,1024,64,0.125,128,896,0.4425789264009972,0.4435213089290797
smol036,smol,a10cc1512eabd3dde888204e902eca88bddb4951,alice,9,3,1,1024,64,0.125,128,896,0.5130676891436476,0.5140160467718228
smol036,smol,a10cc1512eabd3dde888204e902eca88bddb4951,alice,9,4,1,1024,64,0.125,128,896,0.5636477707568545,0.5638802930688348
smol036,smol,a10cc1512eabd3dde888204e902eca88bddb4951,alice,9,5,1,1024,64,0.125,128,896,0.5146796117748988,0.5155539572811139
smol036,smol,a10cc1512eabd3dde888204e902eca88bddb4951,alice,9,6,2,1024,64,0.125,128,896,0.589143844494184,0.5892445083774567
smol036,smol,a10cc1512eabd3dde888204e902eca88bddb4951,alice,9,7,2,1024,64,0.125,128,896,0.4604633713640455,0.4606881389648621
smol036,smol,a10cc1512eabd3dde888204e902eca88bddb4951,alice,9,8,2,1024,64,0.125,128,896,0.4718134037853856,0.47267128992483437
smol036,smol,a10cc1512eabd3dde888204e902eca88bddb4951,alice,9,9,3,1024,64,0.125,128,896,0.5410192316639315,0.5413034379438065
smol036,smol,a10cc1512eabd3dde888204e902eca88bddb4951,alice,9,10,3,1024,64,0.125,128,896,0.5007459112484932,0.5010217744467009
smol036,smol,a10cc1512eabd3dde888204e902eca88bddb4951,alice,9,11,3,1024,64,0.125,128,896,0.517611288816928,0.5184255972438188
smol036,smol,a10cc1512eabd3dde888204e902eca88bddb4951,alice,9,12,4,1024,64,0.125,128,896,0.23937048108851652,0.2403845498131556
smol036,smol,a10cc1512eabd3dde888204e902eca88bddb4951,alice,9,13,4,1024,64,0.125,128,896,0.2902790363526614,0.2911185037434199
smol036,smol,a10cc1512eabd3dde888204e902eca88bddb4951,alice,9,14,4,1024,64,0.125,128,896,0.3427848699308624,0.3434935066432958
smol036,smol,a10cc1512eabd3dde888204e902eca88bddb4951,moby,9,0,0,1024,64,0.125,128,896,0.49826210771456403,0.4986106014357457
smol036,smol,a10cc1512eabd3dde888204e902eca88bddb4951,moby,9,1,0,1024,64,0.125,128,896,0.543211161962893,0.5437441737761575
smol036,smol,a10cc1512eabd3dde888204e902eca88bddb4951,moby,9,2,0,1024,64,0.125,128,896,0.4394735092474172,0.4405239436489702
smol036,smol,a10cc1512eabd3dde888204e902eca88bddb4951,moby,9,3,1,1024,64,0.125,128,896,0.4744651188622536,0.47601774297587324
smol036,smol,a10cc1512eabd3dde888204e902eca88bddb4951,moby,9,4,1,1024,64,0.125,128,896,0.5652481226396829,0.5655176524989962
smol036,smol,a10cc1512eabd3dde888204e902eca88bddb4951,moby,9,5,1,1024,64,0.125,128,896,0.4906461997079742,0.4913738847766343
smol036,smol,a10cc1512eabd3dde888204e902eca88bddb4951,moby,9,6,2,1024,64,0.125,128,896,0.5755462072537041,0.5756150567413696
smol036,smol,a10cc1512eabd3dde888204e902eca88bddb4951,moby,9,7,2,1024,64,0.125,128,896,0.4591325599468648,0.4594883192796276
smol036,smol,a10cc1512eabd3dde888204e902eca88bddb4951,moby,9,8,2,1024,64,0.125,128,896,0.4888633850724378,0.4912386396550747
smol036,smol,a10cc1512eabd3dde888204e902eca88bddb4951,moby,9,9,3,1024,64,0.125,128,896,0.5211938140680382,0.5223423197478787
smol036,smol,a10cc1512eabd3dde888204e902eca88bddb4951,moby,9,10,3,1024,64,0.125,128,896,0.4913266754824254,0.49185414363283575
smol036,smol,a10cc1512eabd3dde888204e902eca88bddb4951,moby,9,11,3,1024,64,0.125,128,896,0.49035439825251637,0.4930627218195326
smol036,smol,a10cc1512eabd3dde888204e902eca88bddb4951,moby,9,12,4,1024,64,0.125,128,896,0.18411755326917995,0.18561649631276467
smol036,smol,a10cc1512eabd3dde888204e902eca88bddb4951,moby,9,13,4,1024,64,0.125,128,896,0.33360389606680674,0.33438812418920244
smol036,smol,a10cc1512eabd3dde888204e902eca88bddb4951,moby,9,14,4,1024,64,0.125,128,896,0.24742747141287588,0.2489294095617238
smol036,smol,a10cc1512eabd3dde888204e902eca88bddb4951,pride,9,0,0,1024,64,0.125,128,896,0.5692584504334401,0.5693774655949071
smol036,smol,a10cc1512eabd3dde888204e902eca88bddb4951,pride,9,1,0,1024,64,0.125,128,896,0.647847262554926,0.6479053079120833
smol036,smol,a10cc1512eabd3dde888204e902eca88bddb4951,pride,9,2,0,1024,64,0.125,128,896,0.5196926322246499,0.5198554452694322
smol036,smol,a10cc1512eabd3dde888204e902eca88bddb4951,pride,9,3,1,1024,64,0.125,128,896,0.5725279109374625,0.5733455544025198
smol036,smol,a10cc1512eabd3dde888204e902eca88bddb4951,pride,9,4,1,1024,64,0.125,128,896,0.6176985360711251,0.6178227280533642
smol036,smol,a10cc1512eabd3dde888204e902eca88bddb4951,pride,9,5,1,1024,64,0.125,128,896,0.5644138647822017,0.5654983119621927
smol036,smol,a10cc1512eabd3dde888204e902eca88bddb4951,pride,9,6,2,1024,64,0.125,128,896,0.6887513906620336,0.6887609125872599
smol036,smol,a10cc1512eabd3dde888204e902eca88bddb4951,pride,9,7,2,1024,64,0.125,128,896,0.5303361436058821,0.5303891452615604
smol036,smol,a10cc1512eabd3dde888204e902eca88bddb4951,pride,9,8,2,1024,64,0.125,128,896,0.5315051487555553,0.5320017417133349
smol036,smol,a10cc1512eabd3dde888204e902eca88bddb4951,pride,9,9,3,1024,64,0.125,128,896,0.6307164753019227,0.6308003823242083
smol036,smol,a10cc1512eabd3dde888204e902eca88bddb4951,pride,9,10,3,1024,64,0.125,128,896,0.5991320223208525,0.5992922581517102
smol036,smol,a10cc1512eabd3dde888204e902eca88bddb4951,pride,9,11,3,1024,64,0.125,128,896,0.5577178215419129,0.5580263488461091
smol036,smol,a10cc1512eabd3dde888204e902eca88bddb4951,pride,9,12,4,1024,64,0.125,128,896,0.28098795498125545,0.2816003627717632
smol036,smol,a10cc1512eabd3dde888204e902eca88bddb4951,pride,9,13,4,1024,64,0.125,128,896,0.38516289662676584,0.38587386682089136
smol036,smol,a10cc1512eabd3dde888204e902eca88bddb4951,pride,9,14,4,1024,64,0.125,128,896,0.37751620541404146,0.3781752541651562
smol036,smol,a10cc1512eabd3dde888204e902eca88bddb4951,alice,10,0,0,1024,64,0.125,128,896,0.2445942435396249,0.2494862887558495
smol036,smol,a10cc1512eabd3dde888204e902eca88bddb4951,alice,10,1,0,1024,64,0.125,128,896,0.28893912051182724,0.28903705829402554
smol036,smol,a10cc1512eabd3dde888204e902eca88bddb4951,alice,10,2,0,1024,64,0.125,128,896,0.22555764372895679,0.2298178061041237
smol036,smol,a10cc1512eabd3dde888204e902eca88bddb4951,alice,10,3,1,1024,64,0.125,128,896,0.2898658677839802,0.29033007317123183
smol036,smol,a10cc1512eabd3dde888204e902eca88bddb4951,alice,10,4,1,1024,64,0.125,128,896,0.30923691656551217,0.3094344926018072
smol036,smol,a10cc1512eabd3dde888204e902eca88bddb4951,alice,10,5,1,1024,64,0.125,128,896,0.5131190888458815,0.513188542162092
smol036,smol,a10cc1512eabd3dde888204e902eca88bddb4951,alice,10,6,2,1024,64,0.125,128,896,0.6192313948223287,0.6192675518873857
smol036,smol,a10cc1512eabd3dde888204e902eca88bddb4951,alice,10,7,2,1024,64,0.125,128,896,0.586618688995791,0.5866524966448524
smol036,smol,a10cc1512eabd3dde888204e902eca88bddb4951,alice,10,8,2,1024,64,0.125,128,896,0.6001217151894587,0.6002010400832714
smol036,smol,a10cc1512eabd3dde888204e902eca88bddb4951,alice,10,9,3,1024,64,0.125,128,896,0.4260687741461236,0.42651927498082276
smol036,smol,a10cc1512eabd3dde888204e902eca88bddb4951,alice,10,10,3,1024,64,0.125,128,896,0.41877920080192965,0.4189019725304779
smol036,smol,a10cc1512eabd3dde888204e902eca88bddb4951,alice,10,11,3,1024,64,0.125,128,896,0.5496094495440994,0.549706628198845
smol036,smol,a10cc1512eabd3dde888204e902eca88bddb4951,alice,10,12,4,1024,64,0.125,128,896,0.3644141990396276,0.36635710056021537
smol036,smol,a10cc1512eabd3dde888204e902eca88bddb4951,alice,10,13,4,1024,64,0.125,128,896,0.3920198780172393,0.39307895093178
smol036,smol,a10cc1512eabd3dde888204e902eca88bddb4951,alice,10,14,4,1024,64,0.125,128,896,0.6158558750275598,0.6164248250411084
smol036,smol,a10cc1512eabd3dde888204e902eca88bddb4951,moby,10,0,0,1024,64,0.125,128,896,0.22234240650444007,0.2308807106988771
smol036,smol,a10cc1512eabd3dde888204e902eca88bddb4951,moby,10,1,0,1024,64,0.125,128,896,0.25515396852740224,0.25533236767329676
smol036,smol,a10cc1512eabd3dde888204e902eca88bddb4951,moby,10,2,0,1024,64,0.125,128,896,0.18887826806822275,0.1968212912202914
smol036,smol,a10cc1512eabd3dde888204e902eca88bddb4951,moby,10,3,1,1024,64,0.125,128,896,0.3241925438296933,0.3253384406848127
smol036,smol,a10cc1512eabd3dde888204e902eca88bddb4951,moby,10,4,1,1024,64,0.125,128,896,0.2996210493671389,0.2998908585592585
smol036,smol,a10cc1512eabd3dde888204e902eca88bddb4951,moby,10,5,1,1024,64,0.125,128,896,0.5031748080074302,0.5032989974654494
smol036,smol,a10cc1512eabd3dde888204e902eca88bddb4951,moby,10,6,2,1024,64,0.125,128,896,0.5959587126225413,0.5959849050853474
smol036,smol,a10cc1512eabd3dde888204e902eca88bddb4951,moby,10,7,2,1024,64,0.125,128,896,0.5732724418127421,0.5733121629075252
smol036,smol,a10cc1512eabd3dde888204e902eca88bddb4951,moby,10,8,2,1024,64,0.125,128,896,0.5728777345985375,0.5729486490959724
smol036,smol,a10cc1512eabd3dde888204e902eca88bddb4951,moby,10,9,3,1024,64,0.125,128,896,0.4132767863143988,0.4140560174329682
smol036,smol,a10cc1512eabd3dde888204e902eca88bddb4951,moby,10,10,3,1024,64,0.125,128,896,0.4344599664373629,0.43480278417759416
smol036,smol,a10cc1512eabd3dde888204e902eca88bddb4951,moby,10,11,3,1024,64,0.125,128,896,0.5692923733238815,0.5694457146843932
smol036,smol,a10cc1512eabd3dde888204e902eca88bddb4951,moby,10,12,4,1024,64,0.125,128,896,0.3072541045039272,0.31112753153221684
smol036,smol,a10cc1512eabd3dde888204e902eca88bddb4951,moby,10,13,4,1024,64,0.125,128,896,0.37071283198463334,0.3719709665125967
smol036,smol,a10cc1512eabd3dde888204e902eca88bddb4951,moby,10,14,4,1024,64,0.125,128,896,0.5946816074573631,0.5957679313116788
smol036,smol,a10cc1512eabd3dde888204e902eca88bddb4951,pride,10,0,0,1024,64,0.125,128,896,0.23140628086115064,0.2331883027033368
smol036,smol,a10cc1512eabd3dde888204e902eca88bddb4951,pride,10,1,0,1024,64,0.125,128,896,0.3091392113383328,0.309211154790241
smol036,smol,a10cc1512eabd3dde888204e902eca88bddb4951,pride,10,2,0,1024,64,0.125,128,896,0.21645316420946706,0.21940888116849783
smol036,smol,a10cc1512eabd3dde888204e902eca88bddb4951,pride,10,3,1,1024,64,0.125,128,896,0.2949777197663811,0.2957427682250645
smol036,smol,a10cc1512eabd3dde888204e902eca88bddb4951,pride,10,4,1,1024,64,0.125,128,896,0.3343753637745012,0.3345613089290699
smol036,smol,a10cc1512eabd3dde888204e902eca88bddb4951,pride,10,5,1,1024,64,0.125,128,896,0.5513757351715728,0.5514071539834788
smol036,smol,a10cc1512eabd3dde888204e902eca88bddb4951,pride,10,6,2,1024,64,0.125,128,896,0.6940336319029632,0.6940407448520995
smol036,smol,a10cc1512eabd3dde888204e902eca88bddb4951,pride,10,7,2,1024,64,0.125,128,896,0.6882400864523656,0.688251471766531
smol036,smol,a10cc1512eabd3dde888204e902eca88bddb4951,pride,10,8,2,1024,64,0.125,128,896,0.6966009634820493,0.6966209032103148
smol036,smol,a10cc1512eabd3dde888204e902eca88bddb4951,pride,10,9,3,1024,64,0.125,128,896,0.4728861158256859,0.47344057914161575
smol036,smol,a10cc1512eabd3dde888204e902eca88bddb4951,pride,10,10,3,1024,64,0.125,128,896,0.49857675943886076,0.49867002804064514
smol036,smol,a10cc1512eabd3dde888204e902eca88bddb4951,pride,10,11,3,1024,64,0.125,128,896,0.6485930633387328,0.6486596920521434
smol036,smol,a10cc1512eabd3dde888204e902eca88bddb4951,pride,10,12,4,1024,64,0.125,128,896,0.38986888179825474,0.3910680022469601
smol036,smol,a10cc1512eabd3dde888204e902eca88bddb4951,pride,10,13,4,1024,64,0.125,128,896,0.42723939193926175,0.42803910754066454
smol036,smol,a10cc1512eabd3dde888204e902eca88bddb4951,pride,10,14,4,1024,64,0.125,128,896,0.6436590297458069,0.6444793471855527
smol036,smol,a10cc1512eabd3dde888204e902eca88bddb4951,alice,11,0,0,1024,64,0.125,128,896,0.5699838153405342,0.5700455102098029
smol036,smol,a10cc1512eabd3dde888204e902eca88bddb4951,alice,11,1,0,1024,64,0.125,128,896,0.5785641935125644,0.5788357706187658
smol036,smol,a10cc1512eabd3dde888204e902eca88bddb4951,alice,11,2,0,1024,64,0.125,128,896,0.5373635603317571,0.5374336009499008
smol036,smol,a10cc1512eabd3dde888204e902eca88bddb4951,alice,11,3,1,1024,64,0.125,128,896,0.50252968499431,0.5027487630785641
smol036,smol,a10cc1512eabd3dde888204e902eca88bddb4951,alice,11,4,1,1024,64,0.125,128,896,0.5458760269938858,0.5462386822072718
smol036,smol,a10cc1512eabd3dde888204e902eca88bddb4951,alice,11,5,1,1024,64,0.125,128,896,0.49373441361042314,0.49424147042306155
smol036,smol,a10cc1512eabd3dde888204e902eca88bddb4951,alice,11,6,2,1024,64,0.125,128,896,0.37788863712369575,0.3795906074881806
smol036,smol,a10cc1512eabd3dde888204e902eca88bddb4951,alice,11,7,2,1024,64,0.125,128,896,0.34955302783978975,0.3513391534432893
smol036,smol,a10cc1512eabd3dde888204e902eca88bddb4951,alice,11,8,2,1024,64,0.125,128,896,0.48893544105420256,0.4896513063650204
smol036,smol,a10cc1512eabd3dde888204e902eca88bddb4951,alice,11,9,3,1024,64,0.125,128,896,0.3167115941757703,0.31761679411667376
smol036,smol,a10cc1512eabd3dde888204e902eca88bddb4951,alice,11,10,3,1024,64,0.125,128,896,0.4521859745651647,0.4526232584765684
smol036,smol,a10cc1512eabd3dde888204e902eca88bddb4951,alice,11,11,3,1024,64,0.125,128,896,0.21653743069990306,0.21871234985438948
smol036,smol,a10cc1512eabd3dde888204e902eca88bddb4951,alice,11,12,4,1024,64,0.125,128,896,0.2508762851549213,0.2520153804582893
smol036,smol,a10cc1512eabd3dde888204e902eca88bddb4951,alice,11,13,4,1024,64,0.125,128,896,0.2590713382744395,0.2606085148512592
smol036,smol,a10cc1512eabd3dde888204e902eca88bddb4951,alice,11,14,4,1024,64,0.125,128,896,0.2954665899025207,0.29710280843980896
smol036,smol,a10cc1512eabd3dde888204e902eca88bddb4951,moby,11,0,0,1024,64,0.125,128,896,0.523828996533296,0.5239429904384362
smol036,smol,a10cc1512eabd3dde888204e902eca88bddb4951,moby,11,1,0,1024,64,0.125,128,896,0.5539766540665861,0.5555539624358786
smol036,smol,a10cc1512eabd3dde888204e902eca88bddb4951,moby,11,2,0,1024,64,0.125,128,896,0.5195879856678517,0.5196915599753594
smol036,smol,a10cc1512eabd3dde888204e902eca88bddb4951,moby,11,3,1,1024,64,0.125,128,896,0.48678232507124247,0.48732096082484716
smol036,smol,a10cc1512eabd3dde888204e902eca88bddb4951,moby,11,4,1,1024,64,0.125,128,896,0.527976323803873,0.5288281302736559
smol036,smol,a10cc1512eabd3dde888204e902eca88bddb4951,moby,11,5,1,1024,64,0.125,128,896,0.46734888315468787,0.46859857322152704
smol036,smol,a10cc1512eabd3dde888204e902eca88bddb4951,moby,11,6,2,1024,64,0.125,128,896,0.32327023167329594,0.3262969609328037
smol036,smol,a10cc1512eabd3dde888204e902eca88bddb4951,moby,11,7,2,1024,64,0.125,128,896,0.32997935862133104,0.3324732285576258
smol036,smol,a10cc1512eabd3dde888204e902eca88bddb4951,moby,11,8,2,1024,64,0.125,128,896,0.4166078482539235,0.418270845561436
smol036,smol,a10cc1512eabd3dde888204e902eca88bddb4951,moby,11,9,3,1024,64,0.125,128,896,0.3091986025982668,0.31002605430240887
smol036,smol,a10cc1512eabd3dde888204e902eca88bddb4951,moby,11,10,3,1024,64,0.125,128,896,0.3972425304977775,0.39854771027455976
smol036,smol,a10cc1512eabd3dde888204e902eca88bddb4951,moby,11,11,3,1024,64,0.125,128,896,0.1608118188549754,0.16429332142085484
smol036,smol,a10cc1512eabd3dde888204e902eca88bddb4951,moby,11,12,4,1024,64,0.125,128,896,0.25383494623619607,0.25612606307748165
smol036,smol,a10cc1512eabd3dde888204e902eca88bddb4951,moby,11,13,4,1024,64,0.125,128,896,0.2341003508963479,0.23647405922290307
smol036,smol,a10cc1512eabd3dde888204e902eca88bddb4951,moby,11,14,4,1024,64,0.125,128,896,0.27059600155719166,0.2730868461490263
smol036,smol,a10cc1512eabd3dde888204e902eca88bddb4951,pride,11,0,0,1024,64,0.125,128,896,0.6540782023284196,0.6541533352722839
smol036,smol,a10cc1512eabd3dde888204e902eca88bddb4951,pride,11,1,0,1024,64,0.125,128,896,0.622125079898214,0.6224869998108559
smol036,smol,a10cc1512eabd3dde888204e902eca88bddb4951,pride,11,2,0,1024,64,0.125,128,896,0.6210439727330358,0.6211008112463384
smol036,smol,a10cc1512eabd3dde888204e902eca88bddb4951,pride,11,3,1,1024,64,0.125,128,896,0.5851037544109817,0.5852619335626664
smol036,smol,a10cc1512eabd3dde888204e902eca88bddb4951,pride,11,4,1,1024,64,0.125,128,896,0.6042737477660236,0.6044150168811094
smol036,smol,a10cc1512eabd3dde888204e902eca88bddb4951,pride,11,5,1,1024,64,0.125,128,896,0.5164240351901499,0.516609360405978
smol036,smol,a10cc1512eabd3dde888204e902eca88bddb4951,pride,11,6,2,1024,64,0.125,128,896,0.40896442590670606,0.41041583526549225
smol036,smol,a10cc1512eabd3dde888204e902eca88bddb4951,pride,11,7,2,1024,64,0.125,128,896,0.39863297410873016,0.39941692627127423
smol036,smol,a10cc1512eabd3dde888204e902eca88bddb4951,pride,11,8,2,1024,64,0.125,128,896,0.4895354730495408,0.4901347911024164
smol036,smol,a10cc1512eabd3dde888204e902eca88bddb4951,pride,11,9,3,1024,64,0.125,128,896,0.3130847635376522,0.31396475899786125
smol036,smol,a10cc1512eabd3dde888204e902eca88bddb4951,pride,11,10,3,1024,64,0.125,128,896,0.5067225568926114,0.5078243298014531
smol036,smol,a10cc1512eabd3dde888204e902eca88bddb4951,pride,11,11,3,1024,64,0.125,128,896,0.229501191711035,0.23199668547815144
smol036,smol,a10cc1512eabd3dde888204e902eca88bddb4951,pride,11,12,4,1024,64,0.125,128,896,0.27345979207806015,0.27417759686826965
smol036,smol,a10cc1512eabd3dde888204e902eca88bddb4951,pride,11,13,4,1024,64,0.125,128,896,0.29114119177592385,0.2918187061905611
smol036,smol,a10cc1512eabd3dde888204e902eca88bddb4951,pride,11,14,4,1024,64,0.125,128,896,0.3122433197468722,0.31280791992117063
smol036,smol,a10cc1512eabd3dde888204e902eca88bddb4951,alice,12,0,0,1024,64,0.125,128,896,0.5821473130849337,0.5836849494664801
smol036,smol,a10cc1512eabd3dde888204e902eca88bddb4951,alice,12,1,0,1024,64,0.125,128,896,0.5091566270544843,0.5093208438255783
smol036,smol,a10cc1512eabd3dde888204e902eca88bddb4951,alice,12,2,0,1024,64,0.125,128,896,0.3535503912356342,0.35383401425363603
smol036,smol,a10cc1512eabd3dde888204e902eca88bddb4951,alice,12,3,1,1024,64,0.125,128,896,0.17160247113400606,0.17282754103937514
smol036,smol,a10cc1512eabd3dde888204e902eca88bddb4951,alice,12,4,1,1024,64,0.125,128,896,0.14648726368717907,0.14848724696124022
smol036,smol,a10cc1512eabd3dde888204e902eca88bddb4951,alice,12,5,1,1024,64,0.125,128,896,0.12781869624287556,0.1286828822371932
smol036,smol,a10cc1512eabd3dde888204e902eca88bddb4951,alice,12,6,2,1024,64,0.125,128,896,0.2989740638575329,0.2990365758597004
smol036,smol,a10cc1512eabd3dde888204e902eca88bddb4951,alice,12,7,2,1024,64,0.125,128,896,0.230979899889494,0.2310161933756145
smol036,smol,a10cc1512eabd3dde888204e902eca88bddb4951,alice,12,8,2,1024,64,0.125,128,896,0.3361240656376003,0.3361522456213716
smol036,smol,a10cc1512eabd3dde888204e902eca88bddb4951,alice,12,9,3,1024,64,0.125,128,896,0.3315525172153301,0.333052652950295
smol036,smol,a10cc1512eabd3dde888204e902eca88bddb4951,alice,12,10,3,1024,64,0.125,128,896,0.30581152035830433,0.30800619877440605
smol036,smol,a10cc1512eabd3dde888204e902eca88bddb4951,alice,12,11,3,1024,64,0.125,128,896,0.35278284901458384,0.35467712306136495
smol036,smol,a10cc1512eabd3dde888204e902eca88bddb4951,alice,12,12,4,1024,64,0.125,128,896,0.5328171836292593,0.5330736718953522
smol036,smol,a10cc1512eabd3dde888204e902eca88bddb4951,alice,12,13,4,1024,64,0.125,128,896,0.5453063207868423,0.5453840503469777
smol036,smol,a10cc1512eabd3dde888204e902eca88bddb4951,alice,12,14,4,1024,64,0.125,128,896,0.6048791938371473,0.6051433310558929
smol036,smol,a10cc1512eabd3dde888204e902eca88bddb4951,moby,12,0,0,1024,64,0.125,128,896,0.5497792979638355,0.5511060962540651
smol036,smol,a10cc1512eabd3dde888204e902eca88bddb4951,moby,12,1,0,1024,64,0.125,128,896,0.4750876709126865,0.4754982467581582
smol036,smol,a10cc1512eabd3dde888204e902eca88bddb4951,moby,12,2,0,1024,64,0.125,128,896,0.3644138571180201,0.36481590070178715
smol036,smol,a10cc1512eabd3dde888204e902eca88bddb4951,moby,12,3,1,1024,64,0.125,128,896,0.18375098016775215,0.18594965844467265
smol036,smol,a10cc1512eabd3dde888204e902eca88bddb4951,moby,12,4,1,1024,64,0.125,128,896,0.12482789765765301,0.12728021164901285
smol036,smol,a10cc1512eabd3dde888204e902eca88bddb4951,moby,12,5,1,1024,64,0.125,128,896,0.14387039588844006,0.14454406935588865
smol036,smol,a10cc1512eabd3dde888204e902eca88bddb4951,moby,12,6,2,1024,64,0.125,128,896,0.29361284530380705,0.2936887942318154
smol036,smol,a10cc1512eabd3dde888204e902eca88bddb4951,moby,12,7,2,1024,64,0.125,128,896,0.20285509996712658,0.2028966655900625
smol036,smol,a10cc1512eabd3dde888204e902eca88bddb4951,moby,12,8,2,1024,64,0.125,128,896,0.2919942408946388,0.292022276691597
smol036,smol,a10cc1512eabd3dde888204e902eca88bddb4951,moby,12,9,3,1024,64,0.125,128,896,0.3039585748510301,0.3064531244804267
smol036,smol,a10cc1512eabd3dde888204e902eca88bddb4951,moby,12,10,3,1024,64,0.125,128,896,0.26607267083164177,0.2704081686743257
smol036,smol,a10cc1512eabd3dde888204e902eca88bddb4951,moby,12,11,3,1024,64,0.125,128,896,0.3031881816050392,0.30566835420141514
smol036,smol,a10cc1512eabd3dde888204e902eca88bddb4951,moby,12,12,4,1024,64,0.125,128,896,0.5118956242990199,0.5123998201023952
smol036,smol,a10cc1512eabd3dde888204e902eca88bddb4951,moby,12,13,4,1024,64,0.125,128,896,0.5278186663338894,0.5280095333104288
smol036,smol,a10cc1512eabd3dde888204e902eca88bddb4951,moby,12,14,4,1024,64,0.125,128,896,0.5827653096455856,0.5831780392560573
smol036,smol,a10cc1512eabd3dde888204e902eca88bddb4951,pride,12,0,0,1024,64,0.125,128,896,0.5971602532175132,0.5984974467596057
smol036,smol,a10cc1512eabd3dde888204e902eca88bddb4951,pride,12,1,0,1024,64,0.125,128,896,0.5871194845297373,0.5873991419939438
smol036,smol,a10cc1512eabd3dde888204e902eca88bddb4951,pride,12,2,0,1024,64,0.125,128,896,0.39280046489948417,0.39298906034646996
smol036,smol,a10cc1512eabd3dde888204e902eca88bddb4951,pride,12,3,1,1024,64,0.125,128,896,0.15539720061234247,0.15617963234349433
smol036,smol,a10cc1512eabd3dde888204e902eca88bddb4951,pride,12,4,1,1024,64,0.125,128,896,0.12714429078532066,0.12825592032661445
smol036,smol,a10cc1512eabd3dde888204e902eca88bddb4951,pride,12,5,1,1024,64,0.125,128,896,0.13845054004500756,0.13886954084307762
smol036,smol,a10cc1512eabd3dde888204e902eca88bddb4951,pride,12,6,2,1024,64,0.125,128,896,0.3481980050370529,0.3482699580404902
smol036,smol,a10cc1512eabd3dde888204e902eca88bddb4951,pride,12,7,2,1024,64,0.125,128,896,0.2709671297775055,0.27103040123108857
smol036,smol,a10cc1512eabd3dde888204e902eca88bddb4951,pride,12,8,2,1024,64,0.125,128,896,0.3885056614703137,0.38854048173112654
smol036,smol,a10cc1512eabd3dde888204e902eca88bddb4951,pride,12,9,3,1024,64,0.125,128,896,0.36519162049546944,0.36593582138915126
smol036,smol,a10cc1512eabd3dde888204e902eca88bddb4951,pride,12,10,3,1024,64,0.125,128,896,0.3420195477572267,0.34303685478218193
smol036,smol,a10cc1512eabd3dde888204e902eca88bddb4951,pride,12,11,3,1024,64,0.125,128,896,0.3626011120842085,0.36367331297883904
smol036,smol,a10cc1512eabd3dde888204e902eca88bddb4951,pride,12,12,4,1024,64,0.125,128,896,0.6325311064862988,0.6327865722537772
smol036,smol,a10cc1512eabd3dde888204e902eca88bddb4951,pride,12,13,4,1024,64,0.125,128,896,0.6223625435769995,0.6224708479503763
smol036,smol,a10cc1512eabd3dde888204e902eca88bddb4951,pride,12,14,4,1024,64,0.125,128,896,0.6611657257801669,0.6614006254524509
smol036,smol,a10cc1512eabd3dde888204e902eca88bddb4951,alice,13,0,0,1024,64,0.125,128,896,0.7276365522129653,0.7277962430056687
smol036,smol,a10cc1512eabd3dde888204e902eca88bddb4951,alice,13,1,0,1024,64,0.125,128,896,0.6054231848414454,0.6055155382862567
smol036,smol,a10cc1512eabd3dde888204e902eca88bddb4951,alice,13,2,0,1024,64,0.125,128,896,0.6666080585773588,0.6667244328314091
smol036,smol,a10cc1512eabd3dde888204e902eca88bddb4951,alice,13,3,1,1024,64,0.125,128,896,0.31544769666396316,0.3156443438747161
smol036,smol,a10cc1512eabd3dde888204e902eca88bddb4951,alice,13,4,1,1024,64,0.125,128,896,0.4028839860225349,0.4032186735139819
smol036,smol,a10cc1512eabd3dde888204e902eca88bddb4951,alice,13,5,1,1024,64,0.125,128,896,0.3330881480829313,0.33319454146018146
smol036,smol,a10cc1512eabd3dde888204e902eca88bddb4951,alice,13,6,2,1024,64,0.125,128,896,0.6242582364851763,0.6242814483428963
smol036,smol,a10cc1512eabd3dde888204e902eca88bddb4951,alice,13,7,2,1024,64,0.125,128,896,0.5364091463847043,0.5364534604655776
smol036,smol,a10cc1512eabd3dde888204e902eca88bddb4951,alice,13,8,2,1024,64,0.125,128,896,0.5045222435764701,0.504548058603011
smol036,smol,a10cc1512eabd3dde888204e902eca88bddb4951,alice,13,9,3,1024,64,0.125,128,896,0.32496842482084,0.3250698447968704
smol036,smol,a10cc1512eabd3dde888204e902eca88bddb4951,alice,13,10,3,1024,64,0.125,128,896,0.3037158301148701,0.3037768988211296
smol036,smol,a10cc1512eabd3dde888204e902eca88bddb4951,alice,13,11,3,1024,64,0.125,128,896,0.31703763906926463,0.3171673695669758
smol036,smol,a10cc1512eabd3dde888204e902eca88bddb4951,alice,13,12,4,1024,64,0.125,128,896,0.220958659292486,0.2221775825655475
smol036,smol,a10cc1512eabd3dde888204e902eca88bddb4951,alice,13,13,4,1024,64,0.125,128,896,0.3321996340393521,0.33311406208740374
smol036,smol,a10cc1512eabd3dde888204e902eca88bddb4951,alice,13,14,4,1024,64,0.125,128,896,0.22743396840374866,0.22773008646587198
smol036,smol,a10cc1512eabd3dde888204e902eca88bddb4951,moby,13,0,0,1024,64,0.125,128,896,0.7060515491590581,0.7065340670278744
smol036,smol,a10cc1512eabd3dde888204e902eca88bddb4951,moby,13,1,0,1024,64,0.125,128,896,0.513389001679575,0.5136206930788861
smol036,smol,a10cc1512eabd3dde888204e902eca88bddb4951,moby,13,2,0,1024,64,0.125,128,896,0.6302627775105332,0.6306435713192604
smol036,smol,a10cc1512eabd3dde888204e902eca88bddb4951,moby,13,3,1,1024,64,0.125,128,896,0.3196325922669027,0.3199393764019633
smol036,smol,a10cc1512eabd3dde888204e902eca88bddb4951,moby,13,4,1,1024,64,0.125,128,896,0.3768057759640768,0.37718976126650483
smol036,smol,a10cc1512eabd3dde888204e902eca88bddb4951,moby,13,5,1,1024,64,0.125,128,896,0.36453451834946093,0.3646943881819846
smol036,smol,a10cc1512eabd3dde888204e902eca88bddb4951,moby,13,6,2,1024,64,0.125,128,896,0.5442456350248612,0.5442785770631402
smol036,smol,a10cc1512eabd3dde888204e902eca88bddb4951,moby,13,7,2,1024,64,0.125,128,896,0.5169199008967358,0.5170154177939233
smol036,smol,a10cc1512eabd3dde888204e902eca88bddb4951,moby,13,8,2,1024,64,0.125,128,896,0.37658003906787013,0.37662911380490394
smol036,smol,a10cc1512eabd3dde888204e902eca88bddb4951,moby,13,9,3,1024,64,0.125,128,896,0.282341621883858,0.28267409561301954
smol036,smol,a10cc1512eabd3dde888204e902eca88bddb4951,moby,13,10,3,1024,64,0.125,128,896,0.2784364065941825,0.2786044539823974
smol036,smol,a10cc1512eabd3dde888204e902eca88bddb4951,moby,13,11,3,1024,64,0.125,128,896,0.2866307952710341,0.2870032554667909
smol036,smol,a10cc1512eabd3dde888204e902eca88bddb4951,moby,13,12,4,1024,64,0.125,128,896,0.19597992274831189,0.19697179731864073
smol036,smol,a10cc1512eabd3dde888204e902eca88bddb4951,moby,13,13,4,1024,64,0.125,128,896,0.3161369438125502,0.3168489714192753
smol036,smol,a10cc1512eabd3dde888204e902eca88bddb4951,moby,13,14,4,1024,64,0.125,128,896,0.20511398198777456,0.20541412871151968
smol036,smol,a10cc1512eabd3dde888204e902eca88bddb4951,pride,13,0,0,1024,64,0.125,128,896,0.7392939328719095,0.7394105110834035
smol036,smol,a10cc1512eabd3dde888204e902eca88bddb4951,pride,13,1,0,1024,64,0.125,128,896,0.6712378750582797,0.6712792069801482
smol036,smol,a10cc1512eabd3dde888204e902eca88bddb4951,pride,13,2,0,1024,64,0.125,128,896,0.7032100327958287,0.70331508413089
smol036,smol,a10cc1512eabd3dde888204e902eca88bddb4951,pride,13,3,1,1024,64,0.125,128,896,0.31949810408575546,0.3196523280822462
smol036,smol,a10cc1512eabd3dde888204e902eca88bddb4951,pride,13,4,1,1024,64,0.125,128,896,0.4974088645211369,0.4976229035542937
smol036,smol,a10cc1512eabd3dde888204e902eca88bddb4951,pride,13,5,1,1024,64,0.125,128,896,0.3683069061983524,0.3683861046632221
smol036,smol,a10cc1512eabd3dde888204e902eca88bddb4951,pride,13,6,2,1024,64,0.125,128,896,0.6470237483337121,0.6470436050359197
smol036,smol,a10cc1512eabd3dde888204e902eca88bddb4951,pride,13,7,2,1024,64,0.125,128,896,0.5990764587946467,0.5991167815061812
smol036,smol,a10cc1512eabd3dde888204e902eca88bddb4951,pride,13,8,2,1024,64,0.125,128,896,0.5409909962676946,0.541020858614475
smol036,smol,a10cc1512eabd3dde888204e902eca88bddb4951,pride,13,9,3,1024,64,0.125,128,896,0.37695932579192204,0.37709064015562294
smol036,smol,a10cc1512eabd3dde888204e902eca88bddb4951,pride,13,10,3,1024,64,0.125,128,896,0.3336863203511375,0.33373468500420655
smol036,smol,a10cc1512eabd3dde888204e902eca88bddb4951,pride,13,11,3,1024,64,0.125,128,896,0.3477897129865793,0.34795090316034144
smol036,smol,a10cc1512eabd3dde888204e902eca88bddb4951,pride,13,12,4,1024,64,0.125,128,896,0.23369686229562886,0.2341176322197325
smol036,smol,a10cc1512eabd3dde888204e902eca88bddb4951,pride,13,13,4,1024,64,0.125,128,896,0.36863518018523145,0.369103191012985
smol036,smol,a10cc1512eabd3dde888204e902eca88bddb4951,pride,13,14,4,1024,64,0.125,128,896,0.2643828318477249,0.2645567232330165
smol036,smol,a10cc1512eabd3dde888204e902eca88bddb4951,alice,14,0,0,1024,64,0.125,128,896,0.549225370333043,0.5495807491835251
smol036,smol,a10cc1512eabd3dde888204e902eca88bddb4951,alice,14,1,0,1024,64,0.125,128,896,0.39553076940256177,0.39564131232890726
smol036,smol,a10cc1512eabd3dde888204e902eca88bddb4951,alice,14,2,0,1024,64,0.125,128,896,0.4869922402641037,0.4871487752974013
smol036,smol,a10cc1512eabd3dde888204e902eca88bddb4951,alice,14,3,1,1024,64,0.125,128,896,0.6382279843721961,0.6383068625278151
smol036,smol,a10cc1512eabd3dde888204e902eca88bddb4951,alice,14,4,1,1024,64,0.125,128,896,0.6259224048543486,0.6260187814760153
smol036,smol,a10cc1512eabd3dde888204e902eca88bddb4951,alice,14,5,1,1024,64,0.125,128,896,0.45297481722494554,0.4530930586605569
smol036,smol,a10cc1512eabd3dde888204e902eca88bddb4951,alice,14,6,2,1024,64,0.125,128,896,0.627552290527288,0.6288200752065529
smol036,smol,a10cc1512eabd3dde888204e902eca88bddb4951,alice,14,7,2,1024,64,0.125,128,896,0.7273772217010558,0.7279316803058488
smol036,smol,a10cc1512eabd3dde888204e902eca88bddb4951,alice,14,8,2,1024,64,0.125,128,896,0.7948199094971976,0.7951420979507499
smol036,smol,a10cc1512eabd3dde888204e902eca88bddb4951,alice,14,9,3,1024,64,0.125,128,896,0.35593369542226444,0.36744509850117335
smol036,smol,a10cc1512eabd3dde888204e902eca88bddb4951,alice,14,10,3,1024,64,0.125,128,896,0.2956671544242024,0.2976412646073338
smol036,smol,a10cc1512eabd3dde888204e902eca88bddb4951,alice,14,11,3,1024,64,0.125,128,896,0.14968710844346253,0.15000136764662722
smol036,smol,a10cc1512eabd3dde888204e902eca88bddb4951,alice,14,12,4,1024,64,0.125,128,896,0.3721392142654709,0.37231772146426373
smol036,smol,a10cc1512eabd3dde888204e902eca88bddb4951,alice,14,13,4,1024,64,0.125,128,896,0.34850207521449833,0.34877809671408183
smol036,smol,a10cc1512eabd3dde888204e902eca88bddb4951,alice,14,14,4,1024,64,0.125,128,896,0.29468899747935196,0.2954871368404121
smol036,smol,a10cc1512eabd3dde888204e902eca88bddb4951,moby,14,0,0,1024,64,0.125,128,896,0.5408790592535038,0.5414386420887191
smol036,smol,a10cc1512eabd3dde888204e902eca88bddb4951,moby,14,1,0,1024,64,0.125,128,896,0.44355371224727064,0.4439279475141595
smol036,smol,a10cc1512eabd3dde888204e902eca88bddb4951,moby,14,2,0,1024,64,0.125,128,896,0.4620502025953173,0.4624120222741319
smol036,smol,a10cc1512eabd3dde888204e902eca88bddb4951,moby,14,3,1,1024,64,0.125,128,896,0.6236553356096975,0.6238155616348227
smol036,smol,a10cc1512eabd3dde888204e902eca88bddb4951,moby,14,4,1,1024,64,0.125,128,896,0.5758425225661451,0.5761109709378321
smol036,smol,a10cc1512eabd3dde888204e902eca88bddb4951,moby,14,5,1,1024,64,0.125,128,896,0.50956484810251,0.5097701136603261
smol036,smol,a10cc1512eabd3dde888204e902eca88bddb4951,moby,14,6,2,1024,64,0.125,128,896,0.5945086320212202,0.597448902942836
smol036,smol,a10cc1512eabd3dde888204e902eca88bddb4951,moby,14,7,2,1024,64,0.125,128,896,0.7495321256552175,0.7514866564487471
smol036,smol,a10cc1512eabd3dde888204e902eca88bddb4951,moby,14,8,2,1024,64,0.125,128,896,0.6686835957323632,0.669283906093833
smol036,smol,a10cc1512eabd3dde888204e902eca88bddb4951,moby,14,9,3,1024,64,0.125,128,896,0.29897238171412843,0.3112058354770685
smol036,smol,a10cc1512eabd3dde888204e902eca88bddb4951,moby,14,10,3,1024,64,0.125,128,896,0.2708225622521378,0.2736163915362524
smol036,smol,a10cc1512eabd3dde888204e902eca88bddb4951,moby,14,11,3,1024,64,0.125,128,896,0.1414733589836727,0.1418832914626532
smol036,smol,a10cc1512eabd3dde888204e902eca88bddb4951,moby,14,12,4,1024,64,0.125,128,896,0.34791821131650685,0.34928097310837986
smol036,smol,a10cc1512eabd3dde888204e902eca88bddb4951,moby,14,13,4,1024,64,0.125,128,896,0.29285007396211254,0.2948444443213837
smol036,smol,a10cc1512eabd3dde888204e902eca88bddb4951,moby,14,14,4,1024,64,0.125,128,896,0.3365312786735378,0.3376098029045371
smol036,smol,a10cc1512eabd3dde888204e902eca88bddb4951,pride,14,0,0,1024,64,0.125,128,896,0.5338159220487344,0.5340533753993624
smol036,smol,a10cc1512eabd3dde888204e902eca88bddb4951,pride,14,1,0,1024,64,0.125,128,896,0.47170950181036814,0.4717927893498454
smol036,smol,a10cc1512eabd3dde888204e902eca88bddb4951,pride,14,2,0,1024,64,0.125,128,896,0.5377655836209178,0.5378905254432839
smol036,smol,a10cc1512eabd3dde888204e902eca88bddb4951,pride,14,3,1,1024,64,0.125,128,896,0.6976973575284848,0.6978099712787669
smol036,smol,a10cc1512eabd3dde888204e902eca88bddb4951,pride,14,4,1,1024,64,0.125,128,896,0.6203165638361879,0.6206334236033876
smol036,smol,a10cc1512eabd3dde888204e902eca88bddb4951,pride,14,5,1,1024,64,0.125,128,896,0.4800884161595217,0.48023943031217636
smol036,smol,a10cc1512eabd3dde888204e902eca88bddb4951,pride,14,6,2,1024,64,0.125,128,896,0.513309574415668,0.5139236290829097
smol036,smol,a10cc1512eabd3dde888204e902eca88bddb4951,pride,14,7,2,1024,64,0.125,128,896,0.6183403515369302,0.6189215432775067
smol036,smol,a10cc1512eabd3dde888204e902eca88bddb4951,pride,14,8,2,1024,64,0.125,128,896,0.7738659807031126,0.7739509238628174
smol036,smol,a10cc1512eabd3dde888204e902eca88bddb4951,pride,14,9,3,1024,64,0.125,128,896,0.3141138532508557,0.3221060284617949
smol036,smol,a10cc1512eabd3dde888204e902eca88bddb4951,pride,14,10,3,1024,64,0.125,128,896,0.28621823324666756,0.28743150828619607
smol036,smol,a10cc1512eabd3dde888204e902eca88bddb4951,pride,14,11,3,1024,64,0.125,128,896,0.15006195599848463,0.15038361400180014
smol036,smol,a10cc1512eabd3dde888204e902eca88bddb4951,pride,14,12,4,1024,64,0.125,128,896,0.38645214233181396,0.3866692539801119
smol036,smol,a10cc1512eabd3dde888204e902eca88bddb4951,pride,14,13,4,1024,64,0.125,128,896,0.3594415009375963,0.359818526898047
smol036,smol,a10cc1512eabd3dde888204e902eca88bddb4951,pride,14,14,4,1024,64,0.125,128,896,0.2647546630874799,0.26525314326222343
smol036,smol,a10cc1512eabd3dde888204e902eca88bddb4951,alice,15,0,0,1024,64,0.125,128,896,0.3884864276152009,0.3888332456651272
smol036,smol,a10cc1512eabd3dde888204e902eca88bddb4951,alice,15,1,0,1024,64,0.125,128,896,0.35497877577835035,0.35552019954182335
smol036,smol,a10cc1512eabd3dde888204e902eca88bddb4951,alice,15,2,0,1024,64,0.125,128,896,0.3945764012672142,0.39534742906414994
smol036,smol,a10cc1512eabd3dde888204e902eca88bddb4951,alice,15,3,1,1024,64,0.125,128,896,0.41436782866200994,0.41716464113699436
smol036,smol,a10cc1512eabd3dde888204e902eca88bddb4951,alice,15,4,1,1024,64,0.125,128,896,0.38462386532599596,0.3851807580756957
smol036,smol,a10cc1512eabd3dde888204e902eca88bddb4951,alice,15,5,1,1024,64,0.125,128,896,0.44935465137982156,0.45062059084068123
smol036,smol,a10cc1512eabd3dde888204e902eca88bddb4951,alice,15,6,2,1024,64,0.125,128,896,0.22389758415423042,0.2253806310741003
smol036,smol,a10cc1512eabd3dde888204e902eca88bddb4951,alice,15,7,2,1024,64,0.125,128,896,0.23136057776767505,0.23413514363942803
smol036,smol,a10cc1512eabd3dde888204e902eca88bddb4951,alice,15,8,2,1024,64,0.125,128,896,0.38057666112940736,0.38122273985617955
smol036,smol,a10cc1512eabd3dde888204e902eca88bddb4951,alice,15,9,3,1024,64,0.125,128,896,0.42359832302337386,0.42390323210808656
smol036,smol,a10cc1512eabd3dde888204e902eca88bddb4951,alice,15,10,3,1024,64,0.125,128,896,0.5607037471642344,0.5609102348558366
smol036,smol,a10cc1512eabd3dde888204e902eca88bddb4951,alice,15,11,3,1024,64,0.125,128,896,0.3246049540275887,0.32474400948800086
smol036,smol,a10cc1512eabd3dde888204e902eca88bddb4951,alice,15,12,4,1024,64,0.125,128,896,0.23292746914971468,0.23486152767794977
smol036,smol,a10cc1512eabd3dde888204e902eca88bddb4951,alice,15,13,4,1024,64,0.125,128,896,0.3125301154891626,0.3132382281882909
smol036,smol,a10cc1512eabd3dde888204e902eca88bddb4951,alice,15,14,4,1024,64,0.125,128,896,0.22079374508185454,0.22220762891021964
smol036,smol,a10cc1512eabd3dde888204e902eca88bddb4951,moby,15,0,0,1024,64,0.125,128,896,0.3981802054032128,0.39902520816636133
smol036,smol,a10cc1512eabd3dde888204e902eca88bddb4951,moby,15,1,0,1024,64,0.125,128,896,0.37448847324437645,0.37551932110960856
smol036,smol,a10cc1512eabd3dde888204e902eca88bddb4951,moby,15,2,0,1024,64,0.125,128,896,0.3666718469639508,0.36909969365725576
smol036,smol,a10cc1512eabd3dde888204e902eca88bddb4951,moby,15,3,1,1024,64,0.125,128,896,0.42172630110234743,0.4251622777237048
smol036,smol,a10cc1512eabd3dde888204e902eca88bddb4951,moby,15,4,1,1024,64,0.125,128,896,0.4372968365202771,0.4379553337342501
smol036,smol,a10cc1512eabd3dde888204e902eca88bddb4951,moby,15,5,1,1024,64,0.125,128,896,0.49419984224134667,0.49538127520583153
smol036,smol,a10cc1512eabd3dde888204e902eca88bddb4951,moby,15,6,2,1024,64,0.125,128,896,0.23334711768672706,0.2351458412609365
smol036,smol,a10cc1512eabd3dde888204e902eca88bddb4951,moby,15,7,2,1024,64,0.125,128,896,0.18355336375018563,0.1901641845174937
smol036,smol,a10cc1512eabd3dde888204e902eca88bddb4951,moby,15,8,2,1024,64,0.125,128,896,0.3756867868241795,0.37674334692118233
smol036,smol,a10cc1512eabd3dde888204e902eca88bddb4951,moby,15,9,3,1024,64,0.125,128,896,0.4523140779917268,0.4532444231870141
smol036,smol,a10cc1512eabd3dde888204e902eca88bddb4951,moby,15,10,3,1024,64,0.125,128,896,0.5844326121831813,0.5854989455820613
smol036,smol,a10cc1512eabd3dde888204e902eca88bddb4951,moby,15,11,3,1024,64,0.125,128,896,0.3351203787298232,0.3354575986522383
smol036,smol,a10cc1512eabd3dde888204e902eca88bddb4951,moby,15,12,4,1024,64,0.125,128,896,0.2502767241960545,0.25318660417691025
smol036,smol,a10cc1512eabd3dde888204e902eca88bddb4951,moby,15,13,4,1024,64,0.125,128,896,0.2860848006522175,0.28778176927818083
smol036,smol,a10cc1512eabd3dde888204e902eca88bddb4951,moby,15,14,4,1024,64,0.125,128,896,0.24561229747171986,0.2484790019999524
smol036,smol,a10cc1512eabd3dde888204e902eca88bddb4951,pride,15,0,0,1024,64,0.125,128,896,0.4159260209633442,0.4161376275631746
smol036,smol,a10cc1512eabd3dde888204e902eca88bddb4951,pride,15,1,0,1024,64,0.125,128,896,0.31870870216634933,0.31915464147746414
smol036,smol,a10cc1512eabd3dde888204e902eca88bddb4951,pride,15,2,0,1024,64,0.125,128,896,0.32303447596521434,0.32349232038596776
smol036,smol,a10cc1512eabd3dde888204e902eca88bddb4951,pride,15,3,1,1024,64,0.125,128,896,0.20456981926495935,0.20498869301907482
smol036,smol,a10cc1512eabd3dde888204e902eca88bddb4951,pride,15,4,1,1024,64,0.125,128,896,0.3963023271544909,0.39646334361860763
smol036,smol,a10cc1512eabd3dde888204e902eca88bddb4951,pride,15,5,1,1024,64,0.125,128,896,0.4847621323002434,0.48493875888320886
smol036,smol,a10cc1512eabd3dde888204e902eca88bddb4951,pride,15,6,2,1024,64,0.125,128,896,0.1717390484772515,0.17232049609953584
smol036,smol,a10cc1512eabd3dde888204e902eca88bddb4951,pride,15,7,2,1024,64,0.125,128,896,0.13500340775472416,0.13586761872047676
smol036,smol,a10cc1512eabd3dde888204e902eca88bddb4951,pride,15,8,2,1024,64,0.125,128,896,0.3151342610328062,0.31535888218591474
smol036,smol,a10cc1512eabd3dde888204e902eca88bddb4951,pride,15,9,3,1024,64,0.125,128,896,0.4378891979694214,0.4381510287738755
smol036,smol,a10cc1512eabd3dde888204e902eca88bddb4951,pride,15,10,3,1024,64,0.125,128,896,0.5106964998169496,0.5108791285920945
smol036,smol,a10cc1512eabd3dde888204e902eca88bddb4951,pride,15,11,3,1024,64,0.125,128,896,0.38663927494526595,0.386737780783169
smol036,smol,a10cc1512eabd3dde888204e902eca88bddb4951,pride,15,12,4,1024,64,0.125,128,896,0.19643111713464534,0.1969784995799683
smol036,smol,a10cc1512eabd3dde888204e902eca88bddb4951,pride,15,13,4,1024,64,0.125,128,896,0.23618844494968322,0.23671270309974182
smol036,smol,a10cc1512eabd3dde888204e902eca88bddb4951,pride,15,14,4,1024,64,0.125,128,896,0.19174876665950483,0.19209063321431202
smol036,smol,a10cc1512eabd3dde888204e902eca88bddb4951,alice,16,0,0,1024,64,0.125,128,896,0.342368312872532,0.34288456565343767
smol036,smol,a10cc1512eabd3dde888204e902eca88bddb4951,alice,16,1,0,1024,64,0.125,128,896,0.44205414686706845,0.44318871708119306
smol036,smol,a10cc1512eabd3dde888204e902eca88bddb4951,alice,16,2,0,1024,64,0.125,128,896,0.35688009991968916,0.3595336245524334
smol036,smol,a10cc1512eabd3dde888204e902eca88bddb4951,alice,16,3,1,1024,64,0.125,128,896,0.493101045985592,0.4939629349286099
smol036,smol,a10cc1512eabd3dde888204e902eca88bddb4951,alice,16,4,1,1024,64,0.125,128,896,0.5328467281859118,0.5340276449431728
smol036,smol,a10cc1512eabd3dde888204e902eca88bddb4951,alice,16,5,1,1024,64,0.125,128,896,0.45269705703531854,0.45304850389324375
smol036,smol,a10cc1512eabd3dde888204e902eca88bddb4951,alice,16,6,2,1024,64,0.125,128,896,0.522179664178694,0.5222301007968633
smol036,smol,a10cc1512eabd3dde888204e902eca88bddb4951,alice,16,7,2,1024,64,0.125,128,896,0.08511564403881326,0.08512886027714928
smol036,smol,a10cc1512eabd3dde888204e902eca88bddb4951,alice,16,8,2,1024,64,0.125,128,896,0.549936773571336,0.5499650824503254
smol036,smol,a10cc1512eabd3dde888204e902eca88bddb4951,alice,16,9,3,1024,64,0.125,128,896,0.2465260611054431,0.24831408459642407
smol036,smol,a10cc1512eabd3dde888204e902eca88bddb4951,alice,16,10,3,1024,64,0.125,128,896,0.33196520392097634,0.33317418409984534
smol036,smol,a10cc1512eabd3dde888204e902eca88bddb4951,alice,16,11,3,1024,64,0.125,128,896,0.416253035568593,0.4167654512243984
smol036,smol,a10cc1512eabd3dde888204e902eca88bddb4951,alice,16,12,4,1024,64,0.125,128,896,0.6517909201154369,0.6521772674772625
smol036,smol,a10cc1512eabd3dde888204e902eca88bddb4951,alice,16,13,4,1024,64,0.125,128,896,0.4411023448350305,0.4415955455530808
smol036,smol,a10cc1512eabd3dde888204e902eca88bddb4951,alice,16,14,4,1024,64,0.125,128,896,0.3610334746134671,0.36125965467388943
smol036,smol,a10cc1512eabd3dde888204e902eca88bddb4951,moby,16,0,0,1024,64,0.125,128,896,0.3126206104711203,0.31306960162843805
smol036,smol,a10cc1512eabd3dde888204e902eca88bddb4951,moby,16,1,0,1024,64,0.125,128,896,0.4199859424452521,0.4220170304443466
smol036,smol,a10cc1512eabd3dde888204e902eca88bddb4951,moby,16,2,0,1024,64,0.125,128,896,0.354726344668681,0.3586782775612059
smol036,smol,a10cc1512eabd3dde888204e902eca88bddb4951,moby,16,3,1,1024,64,0.125,128,896,0.4832710561799898,0.48538280329155226
smol036,smol,a10cc1512eabd3dde888204e902eca88bddb4951,moby,16,4,1,1024,64,0.125,128,896,0.58061557109797,0.5819198346196285
smol036,smol,a10cc1512eabd3dde888204e902eca88bddb4951,moby,16,5,1,1024,64,0.125,128,896,0.4029457267724937,0.40452865459716214
smol036,smol,a10cc1512eabd3dde888204e902eca88bddb4951,moby,16,6,2,1024,64,0.125,128,896,0.5169979318591668,0.5170363134313399
smol036,smol,a10cc1512eabd3dde888204e902eca88bddb4951,moby,16,7,2,1024,64,0.125,128,896,0.08036108430570373,0.08037139750285091
smol036,smol,a10cc1512eabd3dde888204e902eca88bddb4951,moby,16,8,2,1024,64,0.125,128,896,0.48712721585260343,0.4871538765601445
smol036,smol,a10cc1512eabd3dde888204e902eca88bddb4951,moby,16,9,3,1024,64,0.125,128,896,0.20904911334584386,0.21212367177550798
smol036,smol,a10cc1512eabd3dde888204e902eca88bddb4951,moby,16,10,3,1024,64,0.125,128,896,0.283613151297716,0.2860434712222412
smol036,smol,a10cc1512eabd3dde888204e902eca88bddb4951,moby,16,11,3,1024,64,0.125,128,896,0.48915107953263925,0.49084533395041535
smol036,smol,a10cc1512eabd3dde888204e902eca88bddb4951,moby,16,12,4,1024,64,0.125,128,896,0.6207291241831632,0.6213681475494119
smol036,smol,a10cc1512eabd3dde888204e902eca88bddb4951,moby,16,13,4,1024,64,0.125,128,896,0.4368164418642856,0.4381682221962847
smol036,smol,a10cc1512eabd3dde888204e902eca88bddb4951,moby,16,14,4,1024,64,0.125,128,896,0.34417757486828365,0.3449828201030785
smol036,smol,a10cc1512eabd3dde888204e902eca88bddb4951,pride,16,0,0,1024,64,0.125,128,896,0.32017247730341786,0.3203215509588258
smol036,smol,a10cc1512eabd3dde888204e902eca88bddb4951,pride,16,1,0,1024,64,0.125,128,896,0.386755864770609,0.38727800944547935
smol036,smol,a10cc1512eabd3dde888204e902eca88bddb4951,pride,16,2,0,1024,64,0.125,128,896,0.28283975929955235,0.28408158840497416
smol036,smol,a10cc1512eabd3dde888204e902eca88bddb4951,pride,16,3,1,1024,64,0.125,128,896,0.4646665739063699,0.46496268965502313
smol036,smol,a10cc1512eabd3dde888204e902eca88bddb4951,pride,16,4,1,1024,64,0.125,128,896,0.4788830727422142,0.4792296479806856
smol036,smol,a10cc1512eabd3dde888204e902eca88bddb4951,pride,16,5,1,1024,64,0.125,128,896,0.4466167605131766,0.4468380276443996
smol036,smol,a10cc1512eabd3dde888204e902eca88bddb4951,pride,16,6,2,1024,64,0.125,128,896,0.5264623254031299,0.5264960273716309
smol036,smol,a10cc1512eabd3dde888204e902eca88bddb4951,pride,16,7,2,1024,64,0.125,128,896,0.06634054461810593,0.06634525486400432
smol036,smol,a10cc1512eabd3dde888204e902eca88bddb4951,pride,16,8,2,1024,64,0.125,128,896,0.49628009451756017,0.4962989756583056
smol036,smol,a10cc1512eabd3dde888204e902eca88bddb4951,pride,16,9,3,1024,64,0.125,128,896,0.18122440037494322,0.1816566259431174
smol036,smol,a10cc1512eabd3dde888204e902eca88bddb4951,pride,16,10,3,1024,64,0.125,128,896,0.2769889776199986,0.27749180488688735
smol036,smol,a10cc1512eabd3dde888204e902eca88bddb4951,pride,16,11,3,1024,64,0.125,128,896,0.3320502857606828,0.3322335541732258
smol036,smol,a10cc1512eabd3dde888204e902eca88bddb4951,pride,16,12,4,1024,64,0.125,128,896,0.6481274745081551,0.6483525224003783
smol036,smol,a10cc1512eabd3dde888204e902eca88bddb4951,pride,16,13,4,1024,64,0.125,128,896,0.3520476813213981,0.352296497706999
smol036,smol,a10cc1512eabd3dde888204e902eca88bddb4951,pride,16,14,4,1024,64,0.125,128,896,0.27734623024969995,0.27745749886492493
smol036,smol,a10cc1512eabd3dde888204e902eca88bddb4951,alice,17,0,0,1024,64,0.125,128,896,0.584619904310231,0.5848430911336389
smol036,smol,a10cc1512eabd3dde888204e902eca88bddb4951,alice,17,1,0,1024,64,0.125,128,896,0.4816019355695648,0.4820679907073598
smol036,smol,a10cc1512eabd3dde888204e902eca88bddb4951,alice,17,2,0,1024,64,0.125,128,896,0.5371372080767569,0.5393007298510084
smol036,smol,a10cc1512eabd3dde888204e902eca88bddb4951,alice,17,3,1,1024,64,0.125,128,896,0.31232490259023926,0.3130022243555458
smol036,smol,a10cc1512eabd3dde888204e902eca88bddb4951,alice,17,4,1,1024,64,0.125,128,896,0.259834657878983,0.2601317611252377
smol036,smol,a10cc1512eabd3dde888204e902eca88bddb4951,alice,17,5,1,1024,64,0.125,128,896,0.4025121055249063,0.40532959247735606
smol036,smol,a10cc1512eabd3dde888204e902eca88bddb4951,alice,17,6,2,1024,64,0.125,128,896,0.9956280260944903,0.9959528345506954
smol036,smol,a10cc1512eabd3dde888204e902eca88bddb4951,alice,17,7,2,1024,64,0.125,128,896,0.8496868538835137,0.8510978958324532
smol036,smol,a10cc1512eabd3dde888204e902eca88bddb4951,alice,17,8,2,1024,64,0.125,128,896,0.8219537336733767,0.8224972025321786
smol036,smol,a10cc1512eabd3dde888204e902eca88bddb4951,alice,17,9,3,1024,64,0.125,128,896,0.1448558785637347,0.14493507491215896
smol036,smol,a10cc1512eabd3dde888204e902eca88bddb4951,alice,17,10,3,1024,64,0.125,128,896,0.38834677370691245,0.38863246966136394
smol036,smol,a10cc1512eabd3dde888204e902eca88bddb4951,alice,17,11,3,1024,64,0.125,128,896,0.4862870206515085,0.486461247023109
smol036,smol,a10cc1512eabd3dde888204e902eca88bddb4951,alice,17,12,4,1024,64,0.125,128,896,0.3636903150374628,0.3646619623340172
smol036,smol,a10cc1512eabd3dde888204e902eca88bddb4951,alice,17,13,4,1024,64,0.125,128,896,0.31525417402339545,0.31623975274631116
smol036,smol,a10cc1512eabd3dde888204e902eca88bddb4951,alice,17,14,4,1024,64,0.125,128,896,0.3434270832371774,0.34407066623976973
smol036,smol,a10cc1512eabd3dde888204e902eca88bddb4951,moby,17,0,0,1024,64,0.125,128,896,0.5985588657453318,0.5990739770008869
smol036,smol,a10cc1512eabd3dde888204e902eca88bddb4951,moby,17,1,0,1024,64,0.125,128,896,0.4827032854437956,0.4832315670513383
smol036,smol,a10cc1512eabd3dde888204e902eca88bddb4951,moby,17,2,0,1024,64,0.125,128,896,0.40743339567311837,0.41257940428788586
smol036,smol,a10cc1512eabd3dde888204e902eca88bddb4951,moby,17,3,1,1024,64,0.125,128,896,0.33450222815924885,0.3354673649941727
smol036,smol,a10cc1512eabd3dde888204e902eca88bddb4951,moby,17,4,1,1024,64,0.125,128,896,0.22800072721234324,0.22850420417262235
smol036,smol,a10cc1512eabd3dde888204e902eca88bddb4951,moby,17,5,1,1024,64,0.125,128,896,0.40434260625020607,0.4103112552945292
smol036,smol,a10cc1512eabd3dde888204e902eca88bddb4951,moby,17,6,2,1024,64,0.125,128,896,0.99700370501567,0.9970868392875109
smol036,smol,a10cc1512eabd3dde888204e902eca88bddb4951,moby,17,7,2,1024,64,0.125,128,896,0.8996745068405527,0.900251399335663
smol036,smol,a10cc1512eabd3dde888204e902eca88bddb4951,moby,17,8,2,1024,64,0.125,128,896,0.8733871399973994,0.8735334661822172
smol036,smol,a10cc1512eabd3dde888204e902eca88bddb4951,moby,17,9,3,1024,64,0.125,128,896,0.13897344004670067,0.13904731858236424
smol036,smol,a10cc1512eabd3dde888204e902eca88bddb4951,moby,17,10,3,1024,64,0.125,128,896,0.3962399460593354,0.39649492269228215
smol036,smol,a10cc1512eabd3dde888204e902eca88bddb4951,moby,17,11,3,1024,64,0.125,128,896,0.48735505075457447,0.48748526963910105
smol036,smol,a10cc1512eabd3dde888204e902eca88bddb4951,moby,17,12,4,1024,64,0.125,128,896,0.3809766535980307,0.3837336178172676
smol036,smol,a10cc1512eabd3dde888204e902eca88bddb4951,moby,17,13,4,1024,64,0.125,128,896,0.2623877411410924,0.2656523047196881
smol036,smol,a10cc1512eabd3dde888204e902eca88bddb4951,moby,17,14,4,1024,64,0.125,128,896,0.34452742835310873,0.3467893950919508
smol036,smol,a10cc1512eabd3dde888204e902eca88bddb4951,pride,17,0,0,1024,64,0.125,128,896,0.5750530580786435,0.575187629776026
smol036,smol,a10cc1512eabd3dde888204e902eca88bddb4951,pride,17,1,0,1024,64,0.125,128,896,0.5600066558033499,0.5604306963461319
smol036,smol,a10cc1512eabd3dde888204e902eca88bddb4951,pride,17,2,0,1024,64,0.125,128,896,0.4982154873530648,0.49890367247441764
smol036,smol,a10cc1512eabd3dde888204e902eca88bddb4951,pride,17,3,1,1024,64,0.125,128,896,0.26732744496588223,0.2677758716761457
smol036,smol,a10cc1512eabd3dde888204e902eca88bddb4951,pride,17,4,1,1024,64,0.125,128,896,0.2591220153252015,0.2593449555118209
smol036,smol,a10cc1512eabd3dde888204e902eca88bddb4951,pride,17,5,1,1024,64,0.125,128,896,0.33258189927143633,0.3335043906999672
smol036,smol,a10cc1512eabd3dde888204e902eca88bddb4951,pride,17,6,2,1024,64,0.125,128,896,0.9942861312320351,0.9945234767937032
smol036,smol,a10cc1512eabd3dde888204e902eca88bddb4951,pride,17,7,2,1024,64,0.125,128,896,0.8187928192132768,0.819252155620888
smol036,smol,a10cc1512eabd3dde888204e902eca88bddb4951,pride,17,8,2,1024,64,0.125,128,896,0.8079711091815758,0.8080288825502474
smol036,smol,a10cc1512eabd3dde888204e902eca88bddb4951,pride,17,9,3,1024,64,0.125,128,896,0.1445944838694662,0.1446615851198159
smol036,smol,a10cc1512eabd3dde888204e902eca88bddb4951,pride,17,10,3,1024,64,0.125,128,896,0.42680925563609223,0.4270015389133213
smol036,smol,a10cc1512eabd3dde888204e902eca88bddb4951,pride,17,11,3,1024,64,0.125,128,896,0.5589378454063857,0.5590530418139268
smol036,smol,a10cc1512eabd3dde888204e902eca88bddb4951,pride,17,12,4,1024,64,0.125,128,896,0.2695413733493461,0.26986087487156885
smol036,smol,a10cc1512eabd3dde888204e902eca88bddb4951,pride,17,13,4,1024,64,0.125,128,896,0.2552567075041449,0.25572695619634384
smol036,smol,a10cc1512eabd3dde888204e902eca88bddb4951,pride,17,14,4,1024,64,0.125,128,896,0.22679656965939293,0.22701842894924892
smol036,smol,a10cc1512eabd3dde888204e902eca88bddb4951,alice,18,0,0,1024,64,0.125,128,896,0.398539101707494,0.40159197223722704
smol036,smol,a10cc1512eabd3dde888204e902eca88bddb4951,alice,18,1,0,1024,64,0.125,128,896,0.23998340390652775,0.24032502495192534
smol036,smol,a10cc1512eabd3dde888204e902eca88bddb4951,alice,18,2,0,1024,64,0.125,128,896,0.36749567834323615,0.37013223470481627
smol036,smol,a10cc1512eabd3dde888204e902eca88bddb4951,alice,18,3,1,1024,64,0.125,128,896,0.30694564455686457,0.3096439595664859
smol036,smol,a10cc1512eabd3dde888204e902eca88bddb4951,alice,18,4,1,1024,64,0.125,128,896,0.5957529158985563,0.5973665622773962
smol036,smol,a10cc1512eabd3dde888204e902eca88bddb4951,alice,18,5,1,1024,64,0.125,128,896,0.04737929911479121,0.04746894613168449
smol036,smol,a10cc1512eabd3dde888204e902eca88bddb4951,alice,18,6,2,1024,64,0.125,128,896,0.3852740678865625,0.3858927712180513
smol036,smol,a10cc1512eabd3dde888204e902eca88bddb4951,alice,18,7,2,1024,64,0.125,128,896,0.20782301753850266,0.20804571493566806
smol036,smol,a10cc1512eabd3dde888204e902eca88bddb4951,alice,18,8,2,1024,64,0.125,128,896,0.5632798410346639,0.5637513229846799
smol036,smol,a10cc1512eabd3dde888204e902eca88bddb4951,alice,18,9,3,1024,64,0.125,128,896,0.9996492495213858,0.9996666627766879
smol036,smol,a10cc1512eabd3dde888204e902eca88bddb4951,alice,18,10,3,1024,64,0.125,128,896,0.8453249655710826,0.8479530162895427
smol036,smol,a10cc1512eabd3dde888204e902eca88bddb4951,alice,18,11,3,1024,64,0.125,128,896,0.7183392937642621,0.7196935249025724
smol036,smol,a10cc1512eabd3dde888204e902eca88bddb4951,alice,18,12,4,1024,64,0.125,128,896,0.19285029137428472,0.19442330710353797
smol036,smol,a10cc1512eabd3dde888204e902eca88bddb4951,alice,18,13,4,1024,64,0.125,128,896,0.24955594656041402,0.25118395334311516
smol036,smol,a10cc1512eabd3dde888204e902eca88bddb4951,alice,18,14,4,1024,64,0.125,128,896,0.35749362948666846,0.35886267308253006
smol036,smol,a10cc1512eabd3dde888204e902eca88bddb4951,moby,18,0,0,1024,64,0.125,128,896,0.4015589519215138,0.40687452746623665
smol036,smol,a10cc1512eabd3dde888204e902eca88bddb4951,moby,18,1,0,1024,64,0.125,128,896,0.2562454345274116,0.256960355743299
smol036,smol,a10cc1512eabd3dde888204e902eca88bddb4951,moby,18,2,0,1024,64,0.125,128,896,0.370456885332309,0.37431805511005084
smol036,smol,a10cc1512eabd3dde888204e902eca88bddb4951,moby,18,3,1,1024,64,0.125,128,896,0.22656294760238346,0.23205089497370965
smol036,smol,a10cc1512eabd3dde888204e902eca88bddb4951,moby,18,4,1,1024,64,0.125,128,896,0.5984173226454736,0.6016775100672558
smol036,smol,a10cc1512eabd3dde888204e902eca88bddb4951,moby,18,5,1,1024,64,0.125,128,896,0.047142024963339225,0.04726457762040842
smol036,smol,a10cc1512eabd3dde888204e902eca88bddb4951,moby,18,6,2,1024,64,0.125,128,896,0.40506748375916024,0.4056598345197546
smol036,smol,a10cc1512eabd3dde888204e902eca88bddb4951,moby,18,7,2,1024,64,0.125,128,896,0.2334931946503759,0.23383195014718253
smol036,smol,a10cc1512eabd3dde888204e902eca88bddb4951,moby,18,8,2,1024,64,0.125,128,896,0.5334845029394749,0.5343849375610918
smol036,smol,a10cc1512eabd3dde888204e902eca88bddb4951,moby,18,9,3,1024,64,0.125,128,896,0.9998197454269401,0.9998245492555691
smol036,smol,a10cc1512eabd3dde888204e902eca88bddb4951,moby,18,10,3,1024,64,0.125,128,896,0.8598046524820594,0.8612503251302754
smol036,smol,a10cc1512eabd3dde888204e902eca88bddb4951,moby,18,11,3,1024,64,0.125,128,896,0.7257778143069185,0.7267902538909883
smol036,smol,a10cc1512eabd3dde888204e902eca88bddb4951,moby,18,12,4,1024,64,0.125,128,896,0.19749852065196355,0.19962594869792363
smol036,smol,a10cc1512eabd3dde888204e902eca88bddb4951,moby,18,13,4,1024,64,0.125,128,896,0.23150880441983776,0.2342172804468913
smol036,smol,a10cc1512eabd3dde888204e902eca88bddb4951,moby,18,14,4,1024,64,0.125,128,896,0.3149670427882631,0.31680796999740907
smol036,smol,a10cc1512eabd3dde888204e902eca88bddb4951,pride,18,0,0,1024,64,0.125,128,896,0.26764696999351406,0.2684563861251875
smol036,smol,a10cc1512eabd3dde888204e902eca88bddb4951,pride,18,1,0,1024,64,0.125,128,896,0.25542098137585206,0.25555310375316526
smol036,smol,a10cc1512eabd3dde888204e902eca88bddb4951,pride,18,2,0,1024,64,0.125,128,896,0.2973605645082792,0.2981082554414602
smol036,smol,a10cc1512eabd3dde888204e902eca88bddb4951,pride,18,3,1,1024,64,0.125,128,896,0.28954471141146076,0.2914597600789186
smol036,smol,a10cc1512eabd3dde888204e902eca88bddb4951,pride,18,4,1,1024,64,0.125,128,896,0.5047427198742636,0.5059450436435363
smol036,smol,a10cc1512eabd3dde888204e902eca88bddb4951,pride,18,5,1,1024,64,0.125,128,896,0.039633818997174934,0.03970075482642304
smol036,smol,a10cc1512eabd3dde888204e902eca88bddb4951,pride,18,6,2,1024,64,0.125,128,896,0.362514440008229,0.3628337799012855
smol036,smol,a10cc1512eabd3dde888204e902eca88bddb4951,pride,18,7,2,1024,64,0.125,128,896,0.19777308916611988,0.19787020162949887
smol036,smol,a10cc1512eabd3dde888204e902eca88bddb4951,pride,18,8,2,1024,64,0.125,128,896,0.4977806528495062,0.49788313964682146
smol036,smol,a10cc1512eabd3dde888204e902eca88bddb4951,pride,18,9,3,1024,64,0.125,128,896,0.9998517506071921,0.999888355742355
smol036,smol,a10cc1512eabd3dde888204e902eca88bddb4951,pride,18,10,3,1024,64,0.125,128,896,0.8187732117946552,0.8203579363263482
smol036,smol,a10cc1512eabd3dde888204e902eca88bddb4951,pride,18,11,3,1024,64,0.125,128,896,0.6721026200210282,0.6725685740881345
smol036,smol,a10cc1512eabd3dde888204e902eca88bddb4951,pride,18,12,4,1024,64,0.125,128,896,0.17865619326512422,0.1790851392951597
smol036,smol,a10cc1512eabd3dde888204e902eca88bddb4951,pride,18,13,4,1024,64,0.125,128,896,0.20970190914990217,0.21050418231566861
smol036,smol,a10cc1512eabd3dde888204e902eca88bddb4951,pride,18,14,4,1024,64,0.125,128,896,0.28505981437892847,0.2858004831913879
smol036,smol,a10cc1512eabd3dde888204e902eca88bddb4951,alice,19,0,0,1024,64,0.125,128,896,0.21959118610704245,0.22001423146622034
smol036,smol,a10cc1512eabd3dde888204e902eca88bddb4951,alice,19,1,0,1024,64,0.125,128,896,0.4363585844580594,0.43654737141198235
smol036,smol,a10cc1512eabd3dde888204e902eca88bddb4951,alice,19,2,0,1024,64,0.125,128,896,0.2658397149114791,0.2662605091534095
smol036,smol,a10cc1512eabd3dde888204e902eca88bddb4951,alice,19,3,1,1024,64,0.125,128,896,0.6306567967096752,0.6307550222949458
smol036,smol,a10cc1512eabd3dde888204e902eca88bddb4951,alice,19,4,1,1024,64,0.125,128,896,0.6408109261851624,0.6416019825640689
smol036,smol,a10cc1512eabd3dde888204e902eca88bddb4951,alice,19,5,1,1024,64,0.125,128,896,0.4727642786212128,0.4728591721737528
smol036,smol,a10cc1512eabd3dde888204e902eca88bddb4951,alice,19,6,2,1024,64,0.125,128,896,0.3396904122992684,0.3398680614010055
smol036,smol,a10cc1512eabd3dde888204e902eca88bddb4951,alice,19,7,2,1024,64,0.125,128,896,0.4149625646590949,0.41500586084763663
smol036,smol,a10cc1512eabd3dde888204e902eca88bddb4951,alice,19,8,2,1024,64,0.125,128,896,0.2045943275447068,0.20477619877361367
smol036,smol,a10cc1512eabd3dde888204e902eca88bddb4951,alice,19,9,3,1024,64,0.125,128,896,0.20455830767617528,0.20498696097049277
smol036,smol,a10cc1512eabd3dde888204e902eca88bddb4951,alice,19,10,3,1024,64,0.125,128,896,0.6061638137315031,0.609436555605771
smol036,smol,a10cc1512eabd3dde888204e902eca88bddb4951,alice,19,11,3,1024,64,0.125,128,896,0.33673313855228504,0.33816292770850687
smol036,smol,a10cc1512eabd3dde888204e902eca88bddb4951,alice,19,12,4,1024,64,0.125,128,896,0.34235537859107723,0.3424805454376478
smol036,smol,a10cc1512eabd3dde888204e902eca88bddb4951,alice,19,13,4,1024,64,0.125,128,896,0.20160514917832836,0.20849984906057664
smol036,smol,a10cc1512eabd3dde888204e902eca88bddb4951,alice,19,14,4,1024,64,0.125,128,896,0.12533187561956027,0.1254745084902719
smol036,smol,a10cc1512eabd3dde888204e902eca88bddb4951,moby,19,0,0,1024,64,0.125,128,896,0.25998690906738314,0.2608286541359417
smol036,smol,a10cc1512eabd3dde888204e902eca88bddb4951,moby,19,1,0,1024,64,0.125,128,896,0.45237666730446185,0.4527282147495372
smol036,smol,a10cc1512eabd3dde888204e902eca88bddb4951,moby,19,2,0,1024,64,0.125,128,896,0.28127299049269,0.28231963961375944
smol036,smol,a10cc1512eabd3dde888204e902eca88bddb4951,moby,19,3,1,1024,64,0.125,128,896,0.6138088295454366,0.6139603937331083
smol036,smol,a10cc1512eabd3dde888204e902eca88bddb4951,moby,19,4,1,1024,64,0.125,128,896,0.6081778739660748,0.6089117858533873
smol036,smol,a10cc1512eabd3dde888204e902eca88bddb4951,moby,19,5,1,1024,64,0.125,128,896,0.4542300832664711,0.4543787243038975
smol036,smol,a10cc1512eabd3dde888204e902eca88bddb4951,moby,19,6,2,1024,64,0.125,128,896,0.37536883621615097,0.375649669092049
smol036,smol,a10cc1512eabd3dde888204e902eca88bddb4951,moby,19,7,2,1024,64,0.125,128,896,0.3865718906142782,0.3866386411950212
smol036,smol,a10cc1512eabd3dde888204e902eca88bddb4951,moby,19,8,2,1024,64,0.125,128,896,0.21631062199710357,0.2165223825082758
smol036,smol,a10cc1512eabd3dde888204e902eca88bddb4951,moby,19,9,3,1024,64,0.125,128,896,0.23979961640574135,0.24013201351975774
smol036,smol,a10cc1512eabd3dde888204e902eca88bddb4951,moby,19,10,3,1024,64,0.125,128,896,0.5081429388745512,0.5096277290063571
smol036,smol,a10cc1512eabd3dde888204e902eca88bddb4951,moby,19,11,3,1024,64,0.125,128,896,0.41468945764951354,0.4159311593383103
smol036,smol,a10cc1512eabd3dde888204e902eca88bddb4951,moby,19,12,4,1024,64,0.125,128,896,0.39393012595668103,0.39402827940387863
smol036,smol,a10cc1512eabd3dde888204e902eca88bddb4951,moby,19,13,4,1024,64,0.125,128,896,0.17915087977959226,0.18269453081295084
smol036,smol,a10cc1512eabd3dde888204e902eca88bddb4951,moby,19,14,4,1024,64,0.125,128,896,0.1537318221659429,0.15388587164010883
smol036,smol,a10cc1512eabd3dde888204e902eca88bddb4951,pride,19,0,0,1024,64,0.125,128,896,0.1695809432075221,0.1698199451029989
smol036,smol,a10cc1512eabd3dde888204e902eca88bddb4951,pride,19,1,0,1024,64,0.125,128,896,0.4020776254181799,0.40218502935826184
smol036,smol,a10cc1512eabd3dde888204e902eca88bddb4951,pride,19,2,0,1024,64,0.125,128,896,0.23496013953606323,0.23522807002671683
smol036,smol,a10cc1512eabd3dde888204e902eca88bddb4951,pride,19,3,1,1024,64,0.125,128,896,0.6297314527178496,0.6298084938447923
smol036,smol,a10cc1512eabd3dde888204e902eca88bddb4951,pride,19,4,1,1024,64,0.125,128,896,0.6210971442289278,0.621297362064883
smol036,smol,a10cc1512eabd3dde888204e902eca88bddb4951,pride,19,5,1,1024,64,0.125,128,896,0.5633333213812606,0.5634162945387018
smol036,smol,a10cc1512eabd3dde888204e902eca88bddb4951,pride,19,6,2,1024,64,0.125,128,896,0.3235121880739301,0.3235814231760023
smol036,smol,a10cc1512eabd3dde888204e902eca88bddb4951,pride,19,7,2,1024,64,0.125,128,896,0.4576151680565886,0.45763442783073494
smol036,smol,a10cc1512eabd3dde888204e902eca88bddb4951,pride,19,8,2,1024,64,0.125,128,896,0.17477689458343712,0.1748491246236928
smol036,smol,a10cc1512eabd3dde888204e902eca88bddb4951,pride,19,9,3,1024,64,0.125,128,896,0.18679998112257853,0.1870003669700629
smol036,smol,a10cc1512eabd3dde888204e902eca88bddb4951,pride,19,10,3,1024,64,0.125,128,896,0.5731060379308264,0.5770634777209943
smol036,smol,a10cc1512eabd3dde888204e902eca88bddb4951,pride,19,11,3,1024,64,0.125,128,896,0.3145937308196593,0.31540503224705835
smol036,smol,a10cc1512eabd3dde888204e902eca88bddb4951,pride,19,12,4,1024,64,0.125,128,896,0.36192323354138745,0.3619977189864563
smol036,smol,a10cc1512eabd3dde888204e902eca88bddb4951,pride,19,13,4,1024,64,0.125,128,896,0.12434966856908117,0.125442052771201
smol036,smol,a10cc1512eabd3dde888204e902eca88bddb4951,pride,19,14,4,1024,64,0.125,128,896,0.1158483950200329,0.11589437484841895
smol036,smol,a10cc1512eabd3dde888204e902eca88bddb4951,alice,20,0,0,1024,64,0.125,128,896,0.23603881530311224,0.23875173644114928
smol036,smol,a10cc1512eabd3dde888204e902eca88bddb4951,alice,20,1,0,1024,64,0.125,128,896,0.33559224497706597,0.33681872530005386
smol036,smol,a10cc1512eabd3dde888204e902eca88bddb4951,alice,20,2,0,1024,64,0.125,128,896,0.2535286011834806,0.2559831324400063
smol036,smol,a10cc1512eabd3dde888204e902eca88bddb4951,alice,20,3,1,1024,64,0.125,128,896,0.5574044545779683,0.5581817150707645
smol036,smol,a10cc1512eabd3dde888204e902eca88bddb4951,alice,20,4,1,1024,64,0.125,128,896,0.7414172990259803,0.7420935349116784
smol036,smol,a10cc1512eabd3dde888204e902eca88bddb4951,alice,20,5,1,1024,64,0.125,128,896,0.5599920719667751,0.5605663509057559
smol036,smol,a10cc1512eabd3dde888204e902eca88bddb4951,alice,20,6,2,1024,64,0.125,128,896,0.9748799725586771,0.9749667587524966
smol036,smol,a10cc1512eabd3dde888204e902eca88bddb4951,alice,20,7,2,1024,64,0.125,128,896,0.7099657731434608,0.7116395461383095
smol036,smol,a10cc1512eabd3dde888204e902eca88bddb4951,alice,20,8,2,1024,64,0.125,128,896,0.7316771851258712,0.7324248525633862
smol036,smol,a10cc1512eabd3dde888204e902eca88bddb4951,alice,20,9,3,1024,64,0.125,128,896,0.7601221858610577,0.7605226061600626
smol036,smol,a10cc1512eabd3dde888204e902eca88bddb4951,alice,20,10,3,1024,64,0.125,128,896,0.7519270742127988,0.7530461031378588
smol036,smol,a10cc1512eabd3dde888204e902eca88bddb4951,alice,20,11,3,1024,64,0.125,128,896,0.7360198180763401,0.7370868523645498
smol036,smol,a10cc1512eabd3dde888204e902eca88bddb4951,alice,20,12,4,1024,64,0.125,128,896,0.30970554993645166,0.31289758195826944
smol036,smol,a10cc1512eabd3dde888204e902eca88bddb4951,alice,20,13,4,1024,64,0.125,128,896,0.44791532475577395,0.4492890907518986
smol036,smol,a10cc1512eabd3dde888204e902eca88bddb4951,alice,20,14,4,1024,64,0.125,128,896,0.350507404267173,0.35088664859664304
smol036,smol,a10cc1512eabd3dde888204e902eca88bddb4951,moby,20,0,0,1024,64,0.125,128,896,0.27501944811089885,0.28299208697482486
smol036,smol,a10cc1512eabd3dde888204e902eca88bddb4951,moby,20,1,0,1024,64,0.125,128,896,0.38432087326029507,0.38919998021285224
smol036,smol,a10cc1512eabd3dde888204e902eca88bddb4951,moby,20,2,0,1024,64,0.125,128,896,0.2705682725352621,0.27843164688773825
smol036,smol,a10cc1512eabd3dde888204e902eca88bddb4951,moby,20,3,1,1024,64,0.125,128,896,0.5676642965793883,0.5696235611894774
smol036,smol,a10cc1512eabd3dde888204e902eca88bddb4951,moby,20,4,1,1024,64,0.125,128,896,0.6778442349309949,0.6796642718451663
smol036,smol,a10cc1512eabd3dde888204e902eca88bddb4951,moby,20,5,1,1024,64,0.125,128,896,0.4710811843643577,0.47430648833291833
smol036,smol,a10cc1512eabd3dde888204e902eca88bddb4951,moby,20,6,2,1024,64,0.125,128,896,0.9711491038390986,0.971636086835301
smol036,smol,a10cc1512eabd3dde888204e902eca88bddb4951,moby,20,7,2,1024,64,0.125,128,896,0.7267598786042309,0.7287840326035229
smol036,smol,a10cc1512eabd3dde888204e902eca88bddb4951,moby,20,8,2,1024,64,0.125,128,896,0.7269524886399609,0.7297546561742473
smol036,smol,a10cc1512eabd3dde888204e902eca88bddb4951,moby,20,9,3,1024,64,0.125,128,896,0.7209899898046179,0.7218158055090372
smol036,smol,a10cc1512eabd3dde888204e902eca88bddb4951,moby,20,10,3,1024,64,0.125,128,896,0.7144800733191389,0.7179415444666474
smol036,smol,a10cc1512eabd3dde888204e902eca88bddb4951,moby,20,11,3,1024,64,0.125,128,896,0.6730383765630233,0.6770441614419482
smol036,smol,a10cc1512eabd3dde888204e902eca88bddb4951,moby,20,12,4,1024,64,0.125,128,896,0.38334164491205763,0.3898528562690733
smol036,smol,a10cc1512eabd3dde888204e902eca88bddb4951,moby,20,13,4,1024,64,0.125,128,896,0.5013211829210361,0.5042471207675648
smol036,smol,a10cc1512eabd3dde888204e902eca88bddb4951,moby,20,14,4,1024,64,0.125,128,896,0.3588149691620659,0.36112177422156133
smol036,smol,a10cc1512eabd3dde888204e902eca88bddb4951,pride,20,0,0,1024,64,0.125,128,896,0.14291464893846725,0.14365386096990904
smol036,smol,a10cc1512eabd3dde888204e902eca88bddb4951,pride,20,1,0,1024,64,0.125,128,896,0.24980201026978874,0.2500808548322696
smol036,smol,a10cc1512eabd3dde888204e902eca88bddb4951,pride,20,2,0,1024,64,0.125,128,896,0.17430479627766188,0.17526559010309187
smol036,smol,a10cc1512eabd3dde888204e902eca88bddb4951,pride,20,3,1,1024,64,0.125,128,896,0.5386665692791328,0.5392164737298178
smol036,smol,a10cc1512eabd3dde888204e902eca88bddb4951,pride,20,4,1,1024,64,0.125,128,896,0.7516625573918425,0.7524420469722476
smol036,smol,a10cc1512eabd3dde888204e902eca88bddb4951,pride,20,5,1,1024,64,0.125,128,896,0.5973003005076823,0.5979272393162256
smol036,smol,a10cc1512eabd3dde888204e902eca88bddb4951,pride,20,6,2,1024,64,0.125,128,896,0.9596273947564516,0.959844652812
smol036,smol,a10cc1512eabd3dde888204e902eca88bddb4951,pride,20,7,2,1024,64,0.125,128,896,0.7015284112534673,0.7023712703437516
smol036,smol,a10cc1512eabd3dde888204e902eca88bddb4951,pride,20,8,2,1024,64,0.125,128,896,0.7069759446960492,0.7075126807024822
smol036,smol,a10cc1512eabd3dde888204e902eca88bddb4951,pride,20,9,3,1024,64,0.125,128,896,0.6930563389196003,0.6931640967900753
smol036,smol,a10cc1512eabd3dde888204e902eca88bddb4951,pride,20,10,3,1024,64,0.125,128,896,0.6912365943881781,0.691604114987368
smol036,smol,a10cc1512eabd3dde888204e902eca88bddb4951,pride,20,11,3,1024,64,0.125,128,896,0.6696650964365893,0.6703704752227171
smol036,smol,a10cc1512eabd3dde888204e902eca88bddb4951,pride,20,12,4,1024,64,0.125,128,896,0.22380309048238245,0.22446449949172637
smol036,smol,a10cc1512eabd3dde888204e902eca88bddb4951,pride,20,13,4,1024,64,0.125,128,896,0.348510716490568,0.3491059648216638
smol036,smol,a10cc1512eabd3dde888204e902eca88bddb4951,pride,20,14,4,1024,64,0.125,128,896,0.3660731938290688,0.3666865754238855
smol036,smol,a10cc1512eabd3dde888204e902eca88bddb4951,alice,21,0,0,1024,64,0.125,128,896,0.5408877082541318,0.5432015001317364
smol036,smol,a10cc1512eabd3dde888204e902eca88bddb4951,alice,21,1,0,1024,64,0.125,128,896,0.8234724821264637,0.8245326176829559
smol036,smol,a10cc1512eabd3dde888204e902eca88bddb4951,alice,21,2,0,1024,64,0.125,128,896,0.6680917943589807,0.668410766112361
smol036,smol,a10cc1512eabd3dde888204e902eca88bddb4951,alice,21,3,1,1024,64,0.125,128,896,0.2728800673194982,0.27373073170954176
smol036,smol,a10cc1512eabd3dde888204e902eca88bddb4951,alice,21,4,1,1024,64,0.125,128,896,0.3603258446522061,0.3604243755565036
smol036,smol,a10cc1512eabd3dde888204e902eca88bddb4951,alice,21,5,1,1024,64,0.125,128,896,0.22670240314266699,0.22722898615693352
smol036,smol,a10cc1512eabd3dde888204e902eca88bddb4951,alice,21,6,2,1024,64,0.125,128,896,0.43558555271815,0.4358172078086796
smol036,smol,a10cc1512eabd3dde888204e902eca88bddb4951,alice,21,7,2,1024,64,0.125,128,896,0.35473218985959026,0.3569888737125533
smol036,smol,a10cc1512eabd3dde888204e902eca88bddb4951,alice,21,8,2,1024,64,0.125,128,896,0.3711705439110669,0.3725204664385074
smol036,smol,a10cc1512eabd3dde888204e902eca88bddb4951,alice,21,9,3,1024,64,0.125,128,896,0.3896243518538978,0.3902121673246627
smol036,smol,a10cc1512eabd3dde888204e902eca88bddb4951,alice,21,10,3,1024,64,0.125,128,896,0.4509566320901787,0.45147403610320697
smol036,smol,a10cc1512eabd3dde888204e902eca88bddb4951,alice,21,11,3,1024,64,0.125,128,896,0.48982393397349205,0.4903149255157467
smol036,smol,a10cc1512eabd3dde888204e902eca88bddb4951,alice,21,12,4,1024,64,0.125,128,896,0.31296371089029446,0.31374735687810296
smol036,smol,a10cc1512eabd3dde888204e902eca88bddb4951,alice,21,13,4,1024,64,0.125,128,896,0.22965342495013238,0.23079053315235204
smol036,smol,a10cc1512eabd3dde888204e902eca88bddb4951,alice,21,14,4,1024,64,0.125,128,896,0.3703094329054899,0.3716311205296808
smol036,smol,a10cc1512eabd3dde888204e902eca88bddb4951,moby,21,0,0,1024,64,0.125,128,896,0.5762840043013443,0.5790319924894284
smol036,smol,a10cc1512eabd3dde888204e902eca88bddb4951,moby,21,1,0,1024,64,0.125,128,896,0.8115816690347153,0.8127786708228346
smol036,smol,a10cc1512eabd3dde888204e902eca88bddb4951,moby,21,2,0,1024,64,0.125,128,896,0.683791475257821,0.6840371420812735
smol036,smol,a10cc1512eabd3dde888204e902eca88bddb4951,moby,21,3,1,1024,64,0.125,128,896,0.2608314663938451,0.2632241222988167
smol036,smol,a10cc1512eabd3dde888204e902eca88bddb4951,moby,21,4,1,1024,64,0.125,128,896,0.4011663309854207,0.40132269223136524
smol036,smol,a10cc1512eabd3dde888204e902eca88bddb4951,moby,21,5,1,1024,64,0.125,128,896,0.23603463654784515,0.23670940374972252
smol036,smol,a10cc1512eabd3dde888204e902eca88bddb4951,moby,21,6,2,1024,64,0.125,128,896,0.5087412422043353,0.5096116877172678
smol036,smol,a10cc1512eabd3dde888204e902eca88bddb4951,moby,21,7,2,1024,64,0.125,128,896,0.4051252129088381,0.41406796215571556
smol036,smol,a10cc1512eabd3dde888204e902eca88bddb4951,moby,21,8,2,1024,64,0.125,128,896,0.4406324297496828,0.4439029020132569
smol036,smol,a10cc1512eabd3dde888204e902eca88bddb4951,moby,21,9,3,1024,64,0.125,128,896,0.36981121253007204,0.3739513623596566
smol036,smol,a10cc1512eabd3dde888204e902eca88bddb4951,moby,21,10,3,1024,64,0.125,128,896,0.5130547601146191,0.5152286770071793
smol036,smol,a10cc1512eabd3dde888204e902eca88bddb4951,moby,21,11,3,1024,64,0.125,128,896,0.5201813518281423,0.5234937664037809
smol036,smol,a10cc1512eabd3dde888204e902eca88bddb4951,moby,21,12,4,1024,64,0.125,128,896,0.31058761364462245,0.31258946187396575
smol036,smol,a10cc1512eabd3dde888204e902eca88bddb4951,moby,21,13,4,1024,64,0.125,128,896,0.23475156724320986,0.23627092633553498
smol036,smol,a10cc1512eabd3dde888204e902eca88bddb4951,moby,21,14,4,1024,64,0.125,128,896,0.30637288669528423,0.3103723478736099
smol036,smol,a10cc1512eabd3dde888204e902eca88bddb4951,pride,21,0,0,1024,64,0.125,128,896,0.5218058028855036,0.5222664863776686
smol036,smol,a10cc1512eabd3dde888204e902eca88bddb4951,pride,21,1,0,1024,64,0.125,128,896,0.7346827732408449,0.7353649649526374
smol036,smol,a10cc1512eabd3dde888204e902eca88bddb4951,pride,21,2,0,1024,64,0.125,128,896,0.6602107658053104,0.6603128617490289
smol036,smol,a10cc1512eabd3dde888204e902eca88bddb4951,pride,21,3,1,1024,64,0.125,128,896,0.24409474866429023,0.2445982622174032
smol036,smol,a10cc1512eabd3dde888204e902eca88bddb4951,pride,21,4,1,1024,64,0.125,128,896,0.36847194537198946,0.36861707410827155
smol036,smol,a10cc1512eabd3dde888204e902eca88bddb4951,pride,21,5,1,1024,64,0.125,128,896,0.21127089523197526,0.2115302369729231
smol036,smol,a10cc1512eabd3dde888204e902eca88bddb4951,pride,21,6,2,1024,64,0.125,128,896,0.4384849038160144,0.43880818584352005
smol036,smol,a10cc1512eabd3dde888204e902eca88bddb4951,pride,21,7,2,1024,64,0.125,128,896,0.2902723573002965,0.2917777035138731
smol036,smol,a10cc1512eabd3dde888204e902eca88bddb4951,pride,21,8,2,1024,64,0.125,128,896,0.34275696577327486,0.34383017702727303
smol036,smol,a10cc1512eabd3dde888204e902eca88bddb4951,pride,21,9,3,1024,64,0.125,128,896,0.3495058126260177,0.3499551511127775
smol036,smol,a10cc1512eabd3dde888204e902eca88bddb4951,pride,21,10,3,1024,64,0.125,128,896,0.4408616216422117,0.4412989975301497
smol036,smol,a10cc1512eabd3dde888204e902eca88bddb4951,pride,21,11,3,1024,64,0.125,128,896,0.3955721526716624,0.39609711426937405
smol036,smol,a10cc1512eabd3dde888204e902eca88bddb4951,pride,21,12,4,1024,64,0.125,128,896,0.2636763835118431,0.26431819006082746
smol036,smol,a10cc1512eabd3dde888204e902eca88bddb4951,pride,21,13,4,1024,64,0.125,128,896,0.20966838615911168,0.21036634169157195
smol036,smol,a10cc1512eabd3dde888204e902eca88bddb4951,pride,21,14,4,1024,64,0.125,128,896,0.3396108813737545,0.34076916936846213
smol036,smol,a10cc1512eabd3dde888204e902eca88bddb4951,alice,22,0,0,1024,64,0.125,128,896,0.3274341779011931,0.3301952897091816
smol036,smol,a10cc1512eabd3dde888204e902eca88bddb4951,alice,22,1,0,1024,64,0.125,128,896,0.6841510653016762,0.6851111208116205
smol036,smol,a10cc1512eabd3dde888204e902eca88bddb4951,alice,22,2,0,1024,64,0.125,128,896,0.3007569364383391,0.30082675353332855
smol036,smol,a10cc1512eabd3dde888204e902eca88bddb4951,alice,22,3,1,1024,64,0.125,128,896,0.137729928663215,0.13786806819077854
smol036,smol,a10cc1512eabd3dde888204e902eca88bddb4951,alice,22,4,1,1024,64,0.125,128,896,0.04134259636107225,0.04143266298049214
smol036,smol,a10cc1512eabd3dde888204e902eca88bddb4951,alice,22,5,1,1024,64,0.125,128,896,0.14307116933818467,0.14618036593299363
smol036,smol,a10cc1512eabd3dde888204e902eca88bddb4951,alice,22,6,2,1024,64,0.125,128,896,0.30685590834297594,0.30700366769886894
smol036,smol,a10cc1512eabd3dde888204e902eca88bddb4951,alice,22,7,2,1024,64,0.125,128,896,0.3372260094959727,0.33762992601213926
smol036,smol,a10cc1512eabd3dde888204e902eca88bddb4951,alice,22,8,2,1024,64,0.125,128,896,0.23273161892185615,0.23813407987737026
smol036,smol,a10cc1512eabd3dde888204e902eca88bddb4951,alice,22,9,3,1024,64,0.125,128,896,0.26879069350236234,0.2690877071569722
smol036,smol,a10cc1512eabd3dde888204e902eca88bddb4951,alice,22,10,3,1024,64,0.125,128,896,0.20249211019959718,0.20301978922299463
smol036,smol,a10cc1512eabd3dde888204e902eca88bddb4951,alice,22,11,3,1024,64,0.125,128,896,0.1661671706280566,0.16619086425230226
smol036,smol,a10cc1512eabd3dde888204e902eca88bddb4951,alice,22,12,4,1024,64,0.125,128,896,0.5555218306411918,0.5581877380489949
smol036,smol,a10cc1512eabd3dde888204e902eca88bddb4951,alice,22,13,4,1024,64,0.125,128,896,0.6068688360348268,0.6082147927896239
smol036,smol,a10cc1512eabd3dde888204e902eca88bddb4951,alice,22,14,4,1024,64,0.125,128,896,0.826075576226917,0.8268458723079076
smol036,smol,a10cc1512eabd3dde888204e902eca88bddb4951,moby,22,0,0,1024,64,0.125,128,896,0.37436893737477944,0.3799555871181818
smol036,smol,a10cc1512eabd3dde888204e902eca88bddb4951,moby,22,1,0,1024,64,0.125,128,896,0.7017973533668276,0.7023659580204702
smol036,smol,a10cc1512eabd3dde888204e902eca88bddb4951,moby,22,2,0,1024,64,0.125,128,896,0.3214802956623979,0.321630663677477
smol036,smol,a10cc1512eabd3dde888204e902eca88bddb4951,moby,22,3,1,1024,64,0.125,128,896,0.12845986833443854,0.12866878932236894
smol036,smol,a10cc1512eabd3dde888204e902eca88bddb4951,moby,22,4,1,1024,64,0.125,128,896,0.04223693447584339,0.04245459496161337
smol036,smol,a10cc1512eabd3dde888204e902eca88bddb4951,moby,22,5,1,1024,64,0.125,128,896,0.15297545777830637,0.15694410688526456
smol036,smol,a10cc1512eabd3dde888204e902eca88bddb4951,moby,22,6,2,1024,64,0.125,128,896,0.34746152329749674,0.34770770262021283
smol036,smol,a10cc1512eabd3dde888204e902eca88bddb4951,moby,22,7,2,1024,64,0.125,128,896,0.4062576503174368,0.40689851285573575
smol036,smol,a10cc1512eabd3dde888204e902eca88bddb4951,moby,22,8,2,1024,64,0.125,128,896,0.19202867823933992,0.20047522669126788
smol036,smol,a10cc1512eabd3dde888204e902eca88bddb4951,moby,22,9,3,1024,64,0.125,128,896,0.22161525069693438,0.22213913638355684
smol036,smol,a10cc1512eabd3dde888204e902eca88bddb4951,moby,22,10,3,1024,64,0.125,128,896,0.20768012895079774,0.20834565700962984
smol036,smol,a10cc1512eabd3dde888204e902eca88bddb4951,moby,22,11,3,1024,64,0.125,128,896,0.15011158448082718,0.15014328147692665
smol036,smol,a10cc1512eabd3dde888204e902eca88bddb4951,moby,22,12,4,1024,64,0.125,128,896,0.42952930141935075,0.4334234503500653
smol036,smol,a10cc1512eabd3dde888204e902eca88bddb4951,moby,22,13,4,1024,64,0.125,128,896,0.5418839188296855,0.5458798809291241
smol036,smol,a10cc1512eabd3dde888204e902eca88bddb4951,moby,22,14,4,1024,64,0.125,128,896,0.7311468051707617,0.7317739156927249
smol036,smol,a10cc1512eabd3dde888204e902eca88bddb4951,pride,22,0,0,1024,64,0.125,128,896,0.2500235106915262,0.25156709133797694
smol036,smol,a10cc1512eabd3dde888204e902eca88bddb4951,pride,22,1,0,1024,64,0.125,128,896,0.7114846856541709,0.7117517423877483
smol036,smol,a10cc1512eabd3dde888204e902eca88bddb4951,pride,22,2,0,1024,64,0.125,128,896,0.2508325673711009,0.25094807850420536
smol036,smol,a10cc1512eabd3dde888204e902eca88bddb4951,pride,22,3,1,1024,64,0.125,128,896,0.14279753898426104,0.14290706430321906
smol036,smol,a10cc1512eabd3dde888204e902eca88bddb4951,pride,22,4,1,1024,64,0.125,128,896,0.04316904266071164,0.043302759260740176
smol036,smol,a10cc1512eabd3dde888204e902eca88bddb4951,pride,22,5,1,1024,64,0.125,128,896,0.10738126234528224,0.10818849798898465
smol036,smol,a10cc1512eabd3dde888204e902eca88bddb4951,pride,22,6,2,1024,64,0.125,128,896,0.33999308204150386,0.3400640103851297
smol036,smol,a10cc1512eabd3dde888204e902eca88bddb4951,pride,22,7,2,1024,64,0.125,128,896,0.33078334785738567,0.3309030420082193
smol036,smol,a10cc1512eabd3dde888204e902eca88bddb4951,pride,22,8,2,1024,64,0.125,128,896,0.17737952666256085,0.17940297768591992
smol036,smol,a10cc1512eabd3dde888204e902eca88bddb4951,pride,22,9,3,1024,64,0.125,128,896,0.3084018560685193,0.3085392843463608
smol036,smol,a10cc1512eabd3dde888204e902eca88bddb4951,pride,22,10,3,1024,64,0.125,128,896,0.1802865701997224,0.18074781804207238
smol036,smol,a10cc1512eabd3dde888204e902eca88bddb4951,pride,22,11,3,1024,64,0.125,128,896,0.18700743753923812,0.18703468757180985
smol036,smol,a10cc1512eabd3dde888204e902eca88bddb4951,pride,22,12,4,1024,64,0.125,128,896,0.5252584153761972,0.527798313524819
smol036,smol,a10cc1512eabd3dde888204e902eca88bddb4951,pride,22,13,4,1024,64,0.125,128,896,0.4702593787941004,0.4713206268258197
smol036,smol,a10cc1512eabd3dde888204e902eca88bddb4951,pride,22,14,4,1024,64,0.125,128,896,0.8235629386272879,0.8239695503948423
smol036,smol,a10cc1512eabd3dde888204e902eca88bddb4951,alice,23,0,0,1024,64,0.125,128,896,0.30034685187526866,0.3018514966500887
smol036,smol,a10cc1512eabd3dde888204e902eca88bddb4951,alice,23,1,0,1024,64,0.125,128,896,0.43658780743816006,0.43742540711410216
smol036,smol,a10cc1512eabd3dde888204e902eca88bddb4951,alice,23,2,0,1024,64,0.125,128,896,0.34079104880730954,0.342433370061192
smol036,smol,a10cc1512eabd3dde888204e902eca88bddb4951,alice,23,3,1,1024,64,0.125,128,896,0.4554453569585452,0.4555658589049318
smol036,smol,a10cc1512eabd3dde888204e902eca88bddb4951,alice,23,4,1,1024,64,0.125,128,896,0.6064153114906198,0.6072174389915947
smol036,smol,a10cc1512eabd3dde888204e902eca88bddb4951,alice,23,5,1,1024,64,0.125,128,896,0.4632305882751638,0.46425407175658506
smol036,smol,a10cc1512eabd3dde888204e902eca88bddb4951,alice,23,6,2,1024,64,0.125,128,896,0.6877364201621942,0.6880969939453708
smol036,smol,a10cc1512eabd3dde888204e902eca88bddb4951,alice,23,7,2,1024,64,0.125,128,896,0.3205719153466821,0.326022729413253
smol036,smol,a10cc1512eabd3dde888204e902eca88bddb4951,alice,23,8,2,1024,64,0.125,128,896,0.37279589081027364,0.3737483298276536
smol036,smol,a10cc1512eabd3dde888204e902eca88bddb4951,alice,23,9,3,1024,64,0.125,128,896,0.3660051517449016,0.37023553167754397
smol036,smol,a10cc1512eabd3dde888204e902eca88bddb4951,alice,23,10,3,1024,64,0.125,128,896,0.4495935116907031,0.45002361601638813
smol036,smol,a10cc1512eabd3dde888204e902eca88bddb4951,alice,23,11,3,1024,64,0.125,128,896,0.5271505072355265,0.5279246171509463
smol036,smol,a10cc1512eabd3dde888204e902eca88bddb4951,alice,23,12,4,1024,64,0.125,128,896,0.7177355975823821,0.7315115466040248
smol036,smol,a10cc1512eabd3dde888204e902eca88bddb4951,alice,23,13,4,1024,64,0.125,128,896,0.4435084704733705,0.44365286175254603
smol036,smol,a10cc1512eabd3dde888204e902eca88bddb4951,alice,23,14,4,1024,64,0.125,128,896,0.4301580553157793,0.4318488476465837
smol036,smol,a10cc1512eabd3dde888204e902eca88bddb4951,moby,23,0,0,1024,64,0.125,128,896,0.3313856105627563,0.33496982961542626
smol036,smol,a10cc1512eabd3dde888204e902eca88bddb4951,moby,23,1,0,1024,64,0.125,128,896,0.3824866268814104,0.38771416515247176
smol036,smol,a10cc1512eabd3dde888204e902eca88bddb4951,moby,23,2,0,1024,64,0.125,128,896,0.38560135222955033,0.39206649854600795
smol036,smol,a10cc1512eabd3dde888204e902eca88bddb4951,moby,23,3,1,1024,64,0.125,128,896,0.35147505874781065,0.3520656325524548
smol036,smol,a10cc1512eabd3dde888204e902eca88bddb4951,moby,23,4,1,1024,64,0.125,128,896,0.5545329022746174,0.5593605049894175
smol036,smol,a10cc1512eabd3dde888204e902eca88bddb4951,moby,23,5,1,1024,64,0.125,128,896,0.5722605032047159,0.5748953990658079
smol036,smol,a10cc1512eabd3dde888204e902eca88bddb4951,moby,23,6,2,1024,64,0.125,128,896,0.7659877218918306,0.7667107096282707
smol036,smol,a10cc1512eabd3dde888204e902eca88bddb4951,moby,23,7,2,1024,64,0.125,128,896,0.32495651471654124,0.3296616381668187
smol036,smol,a10cc1512eabd3dde888204e902eca88bddb4951,moby,23,8,2,1024,64,0.125,128,896,0.3537061543813772,0.3576166706245535
smol036,smol,a10cc1512eabd3dde888204e902eca88bddb4951,moby,23,9,3,1024,64,0.125,128,896,0.32027493526613077,0.33404671910574224
smol036,smol,a10cc1512eabd3dde888204e902eca88bddb4951,moby,23,10,3,1024,64,0.125,128,896,0.3683155694332994,0.36955001411991617
smol036,smol,a10cc1512eabd3dde888204e902eca88bddb4951,moby,23,11,3,1024,64,0.125,128,896,0.47029646490795723,0.47263936169959936
smol036,smol,a10cc1512eabd3dde888204e902eca88bddb4951,moby,23,12,4,1024,64,0.125,128,896,0.7178302593736977,0.7386336672594007
smol036,smol,a10cc1512eabd3dde888204e902eca88bddb4951,moby,23,13,4,1024,64,0.125,128,896,0.4780444329815361,0.47898053087299364
smol036,smol,a10cc1512eabd3dde888204e902eca88bddb4951,moby,23,14,4,1024,64,0.125,128,896,0.496391507305919,0.4996192432488267
smol036,smol,a10cc1512eabd3dde888204e902eca88bddb4951,pride,23,0,0,1024,64,0.125,128,896,0.28926318459674555,0.2895298128662619
smol036,smol,a10cc1512eabd3dde888204e902eca88bddb4951,pride,23,1,0,1024,64,0.125,128,896,0.31316525776745047,0.31354782839554013
smol036,smol,a10cc1512eabd3dde888204e902eca88bddb4951,pride,23,2,0,1024,64,0.125,128,896,0.26957068438684395,0.269738472281324
smol036,smol,a10cc1512eabd3dde888204e902eca88bddb4951,pride,23,3,1,1024,64,0.125,128,896,0.5143159998341429,0.5144329803695125
smol036,smol,a10cc1512eabd3dde888204e902eca88bddb4951,pride,23,4,1,1024,64,0.125,128,896,0.49471127202765003,0.49535008290092514
smol036,smol,a10cc1512eabd3dde888204e902eca88bddb4951,pride,23,5,1,1024,64,0.125,128,896,0.4480397485936535,0.44829357421270777
smol036,smol,a10cc1512eabd3dde888204e902eca88bddb4951,pride,23,6,2,1024,64,0.125,128,896,0.6600831290210369,0.6603518984090645
smol036,smol,a10cc1512eabd3dde888204e902eca88bddb4951,pride,23,7,2,1024,64,0.125,128,896,0.2647814645144149,0.27091517681473604
smol036,smol,a10cc1512eabd3dde888204e902eca88bddb4951,pride,23,8,2,1024,64,0.125,128,896,0.3899665339390364,0.3904803039324362
smol036,smol,a10cc1512eabd3dde888204e902eca88bddb4951,pride,23,9,3,1024,64,0.125,128,896,0.22898976712768415,0.22947711170734447
smol036,smol,a10cc1512eabd3dde888204e902eca88bddb4951,pride,23,10,3,1024,64,0.125,128,896,0.5180312416711078,0.5181230663256639
smol036,smol,a10cc1512eabd3dde888204e902eca88bddb4951,pride,23,11,3,1024,64,0.125,128,896,0.4576221979276445,0.45794397040003554
smol036,smol,a10cc1512eabd3dde888204e902eca88bddb4951,pride,23,12,4,1024,64,0.125,128,896,0.580447568610254,0.5815902252192346
smol036,smol,a10cc1512eabd3dde888204e902eca88bddb4951,pride,23,13,4,1024,64,0.125,128,896,0.4530244055213588,0.4531848537524416
smol036,smol,a10cc1512eabd3dde888204e902eca88bddb4951,pride,23,14,4,1024,64,0.125,128,896,0.37956284822718545,0.37978802385022903
smol036,smol,a10cc1512eabd3dde888204e902eca88bddb4951,alice,24,0,0,1024,64,0.125,128,896,0.8188392834051029,0.8196900183407235
smol036,smol,a10cc1512eabd3dde888204e902eca88bddb4951,alice,24,1,0,1024,64,0.125,128,896,0.7418997782451238,0.7424431369141121
smol036,smol,a10cc1512eabd3dde888204e902eca88bddb4951,alice,24,2,0,1024,64,0.125,128,896,0.7654925254717354,0.766147396723279
smol036,smol,a10cc1512eabd3dde888204e902eca88bddb4951,alice,24,3,1,1024,64,0.125,128,896,0.6019975337829171,0.6044205037858121
smol036,smol,a10cc1512eabd3dde888204e902eca88bddb4951,alice,24,4,1,1024,64,0.125,128,896,0.46240060848155845,0.46726569494604
smol036,smol,a10cc1512eabd3dde888204e902eca88bddb4951,alice,24,5,1,1024,64,0.125,128,896,0.4283017007169426,0.42896832940367496
smol036,smol,a10cc1512eabd3dde888204e902eca88bddb4951,alice,24,6,2,1024,64,0.125,128,896,0.5985074103797199,0.5992959096452989
smol036,smol,a10cc1512eabd3dde888204e902eca88bddb4951,alice,24,7,2,1024,64,0.125,128,896,0.6420674196845909,0.6431310574926211
smol036,smol,a10cc1512eabd3dde888204e902eca88bddb4951,alice,24,8,2,1024,64,0.125,128,896,0.65304527934666,0.6536569164710372
smol036,smol,a10cc1512eabd3dde888204e902eca88bddb4951,alice,24,9,3,1024,64,0.125,128,896,0.7112446424412109,0.7116394227594107
smol036,smol,a10cc1512eabd3dde888204e902eca88bddb4951,alice,24,10,3,1024,64,0.125,128,896,0.5814421751768556,0.5847451621997353
smol036,smol,a10cc1512eabd3dde888204e902eca88bddb4951,alice,24,11,3,1024,64,0.125,128,896,0.9365041093873973,0.9365968911661741
smol036,smol,a10cc1512eabd3dde888204e902eca88bddb4951,alice,24,12,4,1024,64,0.125,128,896,0.5906018336027931,0.593860444049285
smol036,smol,a10cc1512eabd3dde888204e902eca88bddb4951,alice,24,13,4,1024,64,0.125,128,896,0.05736183845502144,0.057808516014745015
smol036,smol,a10cc1512eabd3dde888204e902eca88bddb4951,alice,24,14,4,1024,64,0.125,128,896,0.48289697764251366,0.484910593656739
smol036,smol,a10cc1512eabd3dde888204e902eca88bddb4951,moby,24,0,0,1024,64,0.125,128,896,0.7664844622832364,0.7671552046552204
smol036,smol,a10cc1512eabd3dde888204e902eca88bddb4951,moby,24,1,0,1024,64,0.125,128,896,0.6880890232269081,0.6888855668606961
smol036,smol,a10cc1512eabd3dde888204e902eca88bddb4951,moby,24,2,0,1024,64,0.125,128,896,0.7375225238173312,0.7378929067728862
smol036,smol,a10cc1512eabd3dde888204e902eca88bddb4951,moby,24,3,1,1024,64,0.125,128,896,0.5636490001977339,0.5655078171086368
smol036,smol,a10cc1512eabd3dde888204e902eca88bddb4951,moby,24,4,1,1024,64,0.125,128,896,0.48566316819559235,0.49309194533274503
smol036,smol,a10cc1512eabd3dde888204e902eca88bddb4951,moby,24,5,1,1024,64,0.125,128,896,0.44604963948310566,0.44819269040935344
smol036,smol,a10cc1512eabd3dde888204e902eca88bddb4951,moby,24,6,2,1024,64,0.125,128,896,0.5981584326965169,0.6017052048975717
smol036,smol,a10cc1512eabd3dde888204e902eca88bddb4951,moby,24,7,2,1024,64,0.125,128,896,0.6768502700924844,0.6784964686376665
smol036,smol,a10cc1512eabd3dde888204e902eca88bddb4951,moby,24,8,2,1024,64,0.125,128,896,0.6849185723666409,0.6867260789122731
smol036,smol,a10cc1512eabd3dde888204e902eca88bddb4951,moby,24,9,3,1024,64,0.125,128,896,0.6954505838012187,0.695831652764533
smol036,smol,a10cc1512eabd3dde888204e902eca88bddb4951,moby,24,10,3,1024,64,0.125,128,896,0.6466711963960331,0.6537375965283571
smol036,smol,a10cc1512eabd3dde888204e902eca88bddb4951,moby,24,11,3,1024,64,0.125,128,896,0.9462589012391494,0.9465001708384696
smol036,smol,a10cc1512eabd3dde888204e902eca88bddb4951,moby,24,12,4,1024,64,0.125,128,896,0.5119466687073483,0.5215400778867526
smol036,smol,a10cc1512eabd3dde888204e902eca88bddb4951,moby,24,13,4,1024,64,0.125,128,896,0.05152848097781098,0.05498313973785651
smol036,smol,a10cc1512eabd3dde888204e902eca88bddb4951,moby,24,14,4,1024,64,0.125,128,896,0.4118756792024549,0.4130885009718416
smol036,smol,a10cc1512eabd3dde888204e902eca88bddb4951,pride,24,0,0,1024,64,0.125,128,896,0.7626210924100485,0.7629114105780845
smol036,smol,a10cc1512eabd3dde888204e902eca88bddb4951,pride,24,1,0,1024,64,0.125,128,896,0.6511193868218473,0.6523029152053519
smol036,smol,a10cc1512eabd3dde888204e902eca88bddb4951,pride,24,2,0,1024,64,0.125,128,896,0.7238297175699666,0.7240250000688402
smol036,smol,a10cc1512eabd3dde888204e902eca88bddb4951,pride,24,3,1,1024,64,0.125,128,896,0.5329031357857699,0.5331345260562614
smol036,smol,a10cc1512eabd3dde888204e902eca88bddb4951,pride,24,4,1,1024,64,0.125,128,896,0.3731140029041371,0.37333679539593534
smol036,smol,a10cc1512eabd3dde888204e902eca88bddb4951,pride,24,5,1,1024,64,0.125,128,896,0.43362500690616196,0.43380444756051645
smol036,smol,a10cc1512eabd3dde888204e902eca88bddb4951,pride,24,6,2,1024,64,0.125,128,896,0.5122497464815244,0.5130413465662821
smol036,smol,a10cc1512eabd3dde888204e902eca88bddb4951,pride,24,7,2,1024,64,0.125,128,896,0.5984099225500075,0.600130354412977
smol036,smol,a10cc1512eabd3dde888204e902eca88bddb4951,pride,24,8,2,1024,64,0.125,128,896,0.6101817938194778,0.6120808505448159
smol036,smol,a10cc1512eabd3dde888204e902eca88bddb4951,pride,24,9,3,1024,64,0.125,128,896,0.6553491272315007,0.6553618132903718
smol036,smol,a10cc1512eabd3dde888204e902eca88bddb4951,pride,24,10,3,1024,64,0.125,128,896,0.4477710785484778,0.4481704121356809
smol036,smol,a10cc1512eabd3dde888204e902eca88bddb4951,pride,24,11,3,1024,64,0.125,128,896,0.8835231741592559,0.8838316629796922
smol036,smol,a10cc1512eabd3dde888204e902eca88bddb4951,pride,24,12,4,1024,64,0.125,128,896,0.3851064859263163,0.385752241920423
smol036,smol,a10cc1512eabd3dde888204e902eca88bddb4951,pride,24,13,4,1024,64,0.125,128,896,0.0911938351245659,0.09153026920981057
smol036,smol,a10cc1512eabd3dde888204e902eca88bddb4951,pride,24,14,4,1024,64,0.125,128,896,0.41869762242717945,0.4198493355271758
smol036,smol,a10cc1512eabd3dde888204e902eca88bddb4951,alice,25,0,0,1024,64,0.125,128,896,0.6839261995048307,0.6839863336866786
smol036,smol,a10cc1512eabd3dde888204e902eca88bddb4951,alice,25,1,0,1024,64,0.125,128,896,0.47587842870531694,0.47596109178110074
smol036,smol,a10cc1512eabd3dde888204e902eca88bddb4951,alice,25,2,0,1024,64,0.125,128,896,0.65558417353036,0.6569168826442331
smol036,smol,a10cc1512eabd3dde888204e902eca88bddb4951,alice,25,3,1,1024,64,0.125,128,896,0.2842227508762191,0.28472286424307436
smol036,smol,a10cc1512eabd3dde888204e902eca88bddb4951,alice,25,4,1,1024,64,0.125,128,896,0.7101581672912128,0.7102231329854094
smol036,smol,a10cc1512eabd3dde888204e902eca88bddb4951,alice,25,5,1,1024,64,0.125,128,896,0.6885751659141292,0.6886071619147043
smol036,smol,a10cc1512eabd3dde888204e902eca88bddb4951,alice,25,6,2,1024,64,0.125,128,896,0.5699343163398234,0.5707794446348389
smol036,smol,a10cc1512eabd3dde888204e902eca88bddb4951,alice,25,7,2,1024,64,0.125,128,896,0.7014148430009616,0.7024984163902206
smol036,smol,a10cc1512eabd3dde888204e902eca88bddb4951,alice,25,8,2,1024,64,0.125,128,896,0.5330900101134965,0.5334217190012851
smol036,smol,a10cc1512eabd3dde888204e902eca88bddb4951,alice,25,9,3,1024,64,0.125,128,896,0.5936249391690385,0.596561924274585
smol036,smol,a10cc1512eabd3dde888204e902eca88bddb4951,alice,25,10,3,1024,64,0.125,128,896,0.5475959677277066,0.5496700099724962
smol036,smol,a10cc1512eabd3dde888204e902eca88bddb4951,alice,25,11,3,1024,64,0.125,128,896,0.5695857785099665,0.5756882197871777
smol036,smol,a10cc1512eabd3dde888204e902eca88bddb4951,alice,25,12,4,1024,64,0.125,128,896,0.5322682982277918,0.5360764494729878
smol036,smol,a10cc1512eabd3dde888204e902eca88bddb4951,alice,25,13,4,1024,64,0.125,128,896,0.5786160331627853,0.5791099803048148
smol036,smol,a10cc1512eabd3dde888204e902eca88bddb4951,alice,25,14,4,1024,64,0.125,128,896,0.5546401374113371,0.5548820286954467
smol036,smol,a10cc1512eabd3dde888204e902eca88bddb4951,moby,25,0,0,1024,64,0.125,128,896,0.7176737362188023,0.7178070575858364
smol036,smol,a10cc1512eabd3dde888204e902eca88bddb4951,moby,25,1,0,1024,64,0.125,128,896,0.4884057777918738,0.48859046671235934
smol036,smol,a10cc1512eabd3dde888204e902eca88bddb4951,moby,25,2,0,1024,64,0.125,128,896,0.6039228515419872,0.6064576161496714
smol036,smol,a10cc1512eabd3dde888204e902eca88bddb4951,moby,25,3,1,1024,64,0.125,128,896,0.23242844127441756,0.23309922528098692
smol036,smol,a10cc1512eabd3dde888204e902eca88bddb4951,moby,25,4,1,1024,64,0.125,128,896,0.7279779965669144,0.7281431631223264
smol036,smol,a10cc1512eabd3dde888204e902eca88bddb4951,moby,25,5,1,1024,64,0.125,128,896,0.7082457943325695,0.7083148835195724
smol036,smol,a10cc1512eabd3dde888204e902eca88bddb4951,moby,25,6,2,1024,64,0.125,128,896,0.4354246159904736,0.4377750612774084
smol036,smol,a10cc1512eabd3dde888204e902eca88bddb4951,moby,25,7,2,1024,64,0.125,128,896,0.6756051124482437,0.6767928924267128
smol036,smol,a10cc1512eabd3dde888204e902eca88bddb4951,moby,25,8,2,1024,64,0.125,128,896,0.5361743058545833,0.5372312790957945
smol036,smol,a10cc1512eabd3dde888204e902eca88bddb4951,moby,25,9,3,1024,64,0.125,128,896,0.5931117362559898,0.59838848883613
smol036,smol,a10cc1512eabd3dde888204e902eca88bddb4951,moby,25,10,3,1024,64,0.125,128,896,0.4868845221290519,0.49071181686168425
smol036,smol,a10cc1512eabd3dde888204e902eca88bddb4951,moby,25,11,3,1024,64,0.125,128,896,0.4609024499488994,0.4715940745530605
smol036,smol,a10cc1512eabd3dde888204e902eca88bddb4951,moby,25,12,4,1024,64,0.125,128,896,0.5640503506018647,0.5708447070743269
smol036,smol,a10cc1512eabd3dde888204e902eca88bddb4951,moby,25,13,4,1024,64,0.125,128,896,0.5674448718655696,0.5683043863740043
smol036,smol,a10cc1512eabd3dde888204e902eca88bddb4951,moby,25,14,4,1024,64,0.125,128,896,0.41348730037044934,0.4142451686409903
smol036,smol,a10cc1512eabd3dde888204e902eca88bddb4951,pride,25,0,0,1024,64,0.125,128,896,0.714813231379743,0.7149053530708398
smol036,smol,a10cc1512eabd3dde888204e902eca88bddb4951,pride,25,1,0,1024,64,0.125,128,896,0.5230801634439812,0.5231188714685221
smol036,smol,a10cc1512eabd3dde888204e902eca88bddb4951,pride,25,2,0,1024,64,0.125,128,896,0.5802723850722741,0.5811915477176776
smol036,smol,a10cc1512eabd3dde888204e902eca88bddb4951,pride,25,3,1,1024,64,0.125,128,896,0.2880988385660309,0.28841038946287656
smol036,smol,a10cc1512eabd3dde888204e902eca88bddb4951,pride,25,4,1,1024,64,0.125,128,896,0.7236262232679206,0.7236685680656255
smol036,smol,a10cc1512eabd3dde888204e902eca88bddb4951,pride,25,5,1,1024,64,0.125,128,896,0.7044283047236771,0.7044642672073727
smol036,smol,a10cc1512eabd3dde888204e902eca88bddb4951,pride,25,6,2,1024,64,0.125,128,896,0.6247491266927652,0.6251251097456283
smol036,smol,a10cc1512eabd3dde888204e902eca88bddb4951,pride,25,7,2,1024,64,0.125,128,896,0.7388890087885088,0.7390971235544066
smol036,smol,a10cc1512eabd3dde888204e902eca88bddb4951,pride,25,8,2,1024,64,0.125,128,896,0.5911073736981907,0.5913284383144977
smol036,smol,a10cc1512eabd3dde888204e902eca88bddb4951,pride,25,9,3,1024,64,0.125,128,896,0.5728325658252633,0.5746781487045743
smol036,smol,a10cc1512eabd3dde888204e902eca88bddb4951,pride,25,10,3,1024,64,0.125,128,896,0.4200660706441918,0.4218367201637026
smol036,smol,a10cc1512eabd3dde888204e902eca88bddb4951,pride,25,11,3,1024,64,0.125,128,896,0.553000623148837,0.5532579464760701
smol036,smol,a10cc1512eabd3dde888204e902eca88bddb4951,pride,25,12,4,1024,64,0.125,128,896,0.4492118668452451,0.4496931926079563
smol036,smol,a10cc1512eabd3dde888204e902eca88bddb4951,pride,25,13,4,1024,64,0.125,128,896,0.5810949754995173,0.5813712276167191
smol036,smol,a10cc1512eabd3dde888204e902eca88bddb4951,pride,25,14,4,1024,64,0.125,128,896,0.5350541608214185,0.5352055273039945
smol036,smol,a10cc1512eabd3dde888204e902eca88bddb4951,alice,26,0,0,1024,64,0.125,128,896,0.7297695601788139,0.7330833554880483
smol036,smol,a10cc1512eabd3dde888204e902eca88bddb4951,alice,26,1,0,1024,64,0.125,128,896,0.637213302343268,0.6435681596462685
smol036,smol,a10cc1512eabd3dde888204e902eca88bddb4951,alice,26,2,0,1024,64,0.125,128,896,0.7193140985845801,0.7204693863002175
smol036,smol,a10cc1512eabd3dde888204e902eca88bddb4951,alice,26,3,1,1024,64,0.125,128,896,0.40634835295406513,0.4078774070109919
smol036,smol,a10cc1512eabd3dde888204e902eca88bddb4951,alice,26,4,1,1024,64,0.125,128,896,0.39334977787619535,0.3936912489471029
smol036,smol,a10cc1512eabd3dde888204e902eca88bddb4951,alice,26,5,1,1024,64,0.125,128,896,0.4254076450402084,0.42573252350943436
smol036,smol,a10cc1512eabd3dde888204e902eca88bddb4951,alice,26,6,2,1024,64,0.125,128,896,0.7023822450861406,0.7039616601703967
smol036,smol,a10cc1512eabd3dde888204e902eca88bddb4951,alice,26,7,2,1024,64,0.125,128,896,0.3787275152107764,0.3791468708642115
smol036,smol,a10cc1512eabd3dde888204e902eca88bddb4951,alice,26,8,2,1024,64,0.125,128,896,0.7092953411273412,0.7146365568956249
smol036,smol,a10cc1512eabd3dde888204e902eca88bddb4951,alice,26,9,3,1024,64,0.125,128,896,0.7678692148092312,0.7681541223024396
smol036,smol,a10cc1512eabd3dde888204e902eca88bddb4951,alice,26,10,3,1024,64,0.125,128,896,0.7697625780144114,0.7748924430585709
smol036,smol,a10cc1512eabd3dde888204e902eca88bddb4951,alice,26,11,3,1024,64,0.125,128,896,0.6729502498279124,0.6732468375902295
smol036,smol,a10cc1512eabd3dde888204e902eca88bddb4951,alice,26,12,4,1024,64,0.125,128,896,0.7666448548868062,0.7667471279732058
smol036,smol,a10cc1512eabd3dde888204e902eca88bddb4951,alice,26,13,4,1024,64,0.125,128,896,0.5514177353379226,0.5518956867983652
smol036,smol,a10cc1512eabd3dde888204e902eca88bddb4951,alice,26,14,4,1024,64,0.125,128,896,0.45978853738229813,0.45991480647146427
smol036,smol,a10cc1512eabd3dde888204e902eca88bddb4951,moby,26,0,0,1024,64,0.125,128,896,0.7056494105732538,0.7075398051202824
smol036,smol,a10cc1512eabd3dde888204e902eca88bddb4951,moby,26,1,0,1024,64,0.125,128,896,0.6738885905423265,0.6779587708299042
smol036,smol,a10cc1512eabd3dde888204e902eca88bddb4951,moby,26,2,0,1024,64,0.125,128,896,0.7657773829871036,0.767411190294971
smol036,smol,a10cc1512eabd3dde888204e902eca88bddb4951,moby,26,3,1,1024,64,0.125,128,896,0.4960977329114625,0.49842349789809914
smol036,smol,a10cc1512eabd3dde888204e902eca88bddb4951,moby,26,4,1,1024,64,0.125,128,896,0.48369404202956445,0.4845447709860412
smol036,smol,a10cc1512eabd3dde888204e902eca88bddb4951,moby,26,5,1,1024,64,0.125,128,896,0.31528308340206623,0.3159357371493819
smol036,smol,a10cc1512eabd3dde888204e902eca88bddb4951,moby,26,6,2,1024,64,0.125,128,896,0.692607285148659,0.6959946580931916
smol036,smol,a10cc1512eabd3dde888204e902eca88bddb4951,moby,26,7,2,1024,64,0.125,128,896,0.43097955352723777,0.4315025877259769
smol036,smol,a10cc1512eabd3dde888204e902eca88bddb4951,moby,26,8,2,1024,64,0.125,128,896,0.7613891836300566,0.7691608722583908
smol036,smol,a10cc1512eabd3dde888204e902eca88bddb4951,moby,26,9,3,1024,64,0.125,128,896,0.7289257827354481,0.7304544010737839
smol036,smol,a10cc1512eabd3dde888204e902eca88bddb4951,moby,26,10,3,1024,64,0.125,128,896,0.6318627195211082,0.64516509113611
smol036,smol,a10cc1512eabd3dde888204e902eca88bddb4951,moby,26,11,3,1024,64,0.125,128,896,0.6334106942057041,0.6340406041010306
smol036,smol,a10cc1512eabd3dde888204e902eca88bddb4951,moby,26,12,4,1024,64,0.125,128,896,0.7310434832253465,0.7312082741553967
smol036,smol,a10cc1512eabd3dde888204e902eca88bddb4951,moby,26,13,4,1024,64,0.125,128,896,0.5809724735658804,0.5825850760336247
smol036,smol,a10cc1512eabd3dde888204e902eca88bddb4951,moby,26,14,4,1024,64,0.125,128,896,0.4339622548402228,0.4343387788707003
smol036,smol,a10cc1512eabd3dde888204e902eca88bddb4951,pride,26,0,0,1024,64,0.125,128,896,0.7473916510773991,0.7482439630697861
smol036,smol,a10cc1512eabd3dde888204e902eca88bddb4951,pride,26,1,0,1024,64,0.125,128,896,0.5977416749394572,0.5991944961353933
smol036,smol,a10cc1512eabd3dde888204e902eca88bddb4951,pride,26,2,0,1024,64,0.125,128,896,0.7010003469406021,0.7019317336372354
smol036,smol,a10cc1512eabd3dde888204e902eca88bddb4951,pride,26,3,1,1024,64,0.125,128,896,0.4116012433283464,0.4121394537068917
smol036,smol,a10cc1512eabd3dde888204e902eca88bddb4951,pride,26,4,1,1024,64,0.125,128,896,0.42941341725522786,0.429677142413668
smol036,smol,a10cc1512eabd3dde888204e902eca88bddb4951,pride,26,5,1,1024,64,0.125,128,896,0.46283676953534175,0.46306239268522686
smol036,smol,a10cc1512eabd3dde888204e902eca88bddb4951,pride,26,6,2,1024,64,0.125,128,896,0.6071075173121745,0.6076030688082171
smol036,smol,a10cc1512eabd3dde888204e902eca88bddb4951,pride,26,7,2,1024,64,0.125,128,896,0.466714034397722,0.46683326976605566
smol036,smol,a10cc1512eabd3dde888204e902eca88bddb4951,pride,26,8,2,1024,64,0.125,128,896,0.6214807662731923,0.6221060757303072
smol036,smol,a10cc1512eabd3dde888204e902eca88bddb4951,pride,26,9,3,1024,64,0.125,128,896,0.7695488983905224,0.7696896903458742
smol036,smol,a10cc1512eabd3dde888204e902eca88bddb4951,pride,26,10,3,1024,64,0.125,128,896,0.7244529339412292,0.7246384060973204
smol036,smol,a10cc1512eabd3dde888204e902eca88bddb4951,pride,26,11,3,1024,64,0.125,128,896,0.743839912859254,0.7439339362001195
smol036,smol,a10cc1512eabd3dde888204e902eca88bddb4951,pride,26,12,4,1024,64,0.125,128,896,0.7569451790604907,0.7570142753898603
smol036,smol,a10cc1512eabd3dde888204e902eca88bddb4951,pride,26,13,4,1024,64,0.125,128,896,0.5902093296998187,0.5904394044205862
smol036,smol,a10cc1512eabd3dde888204e902eca88bddb4951,pride,26,14,4,1024,64,0.125,128,896,0.4640036263969828,0.4640731203440652
smol036,smol,a10cc1512eabd3dde888204e902eca88bddb4951,alice,27,0,0,1024,64,0.125,128,896,0.6885288652179707,0.6889092129590028
smol036,smol,a10cc1512eabd3dde888204e902eca88bddb4951,alice,27,1,0,1024,64,0.125,128,896,0.7029407174908925,0.7063097850713234
smol036,smol,a10cc1512eabd3dde888204e902eca88bddb4951,alice,27,2,0,1024,64,0.125,128,896,0.7667556801972459,0.7688155945982694
smol036,smol,a10cc1512eabd3dde888204e902eca88bddb4951,alice,27,3,1,1024,64,0.125,128,896,0.5240102112246643,0.5275941424264454
smol036,smol,a10cc1512eabd3dde888204e902eca88bddb4951,alice,27,4,1,1024,64,0.125,128,896,0.6760995193273368,0.6776240841269495
smol036,smol,a10cc1512eabd3dde888204e902eca88bddb4951,alice,27,5,1,1024,64,0.125,128,896,0.529398158233107,0.5322608442832182
smol036,smol,a10cc1512eabd3dde888204e902eca88bddb4951,alice,27,6,2,1024,64,0.125,128,896,0.6858949026894442,0.6870248781375948
smol036,smol,a10cc1512eabd3dde888204e902eca88bddb4951,alice,27,7,2,1024,64,0.125,128,896,0.687739069079457,0.701412178215616
smol036,smol,a10cc1512eabd3dde888204e902eca88bddb4951,alice,27,8,2,1024,64,0.125,128,896,0.7691316616141117,0.7767516312422773
smol036,smol,a10cc1512eabd3dde888204e902eca88bddb4951,alice,27,9,3,1024,64,0.125,128,896,0.6687308839848216,0.6732837180966874
smol036,smol,a10cc1512eabd3dde888204e902eca88bddb4951,alice,27,10,3,1024,64,0.125,128,896,0.6518385020726342,0.6600140838894555
smol036,smol,a10cc1512eabd3dde888204e902eca88bddb4951,alice,27,11,3,1024,64,0.125,128,896,0.76441623320959,0.7664288067017029
smol036,smol,a10cc1512eabd3dde888204e902eca88bddb4951,alice,27,12,4,1024,64,0.125,128,896,0.6129357286922286,0.6133409923382673
smol036,smol,a10cc1512eabd3dde888204e902eca88bddb4951,alice,27,13,4,1024,64,0.125,128,896,0.6862551119820515,0.6863936929645682
smol036,smol,a10cc1512eabd3dde888204e902eca88bddb4951,alice,27,14,4,1024,64,0.125,128,896,0.6640672029870087,0.6684118546070995
smol036,smol,a10cc1512eabd3dde888204e902eca88bddb4951,moby,27,0,0,1024,64,0.125,128,896,0.7425237060032274,0.7436694112560659
smol036,smol,a10cc1512eabd3dde888204e902eca88bddb4951,moby,27,1,0,1024,64,0.125,128,896,0.6654515856307314,0.666621579071897
smol036,smol,a10cc1512eabd3dde888204e902eca88bddb4951,moby,27,2,0,1024,64,0.125,128,896,0.7172437764822278,0.7219681830225351
smol036,smol,a10cc1512eabd3dde888204e902eca88bddb4951,moby,27,3,1,1024,64,0.125,128,896,0.552041177836261,0.5583714988579173
smol036,smol,a10cc1512eabd3dde888204e902eca88bddb4951,moby,27,4,1,1024,64,0.125,128,896,0.6267667624410417,0.6282504836722904
smol036,smol,a10cc1512eabd3dde888204e902eca88bddb4951,moby,27,5,1,1024,64,0.125,128,896,0.4535171856915738,0.45835996567816706
smol036,smol,a10cc1512eabd3dde888204e902eca88bddb4951,moby,27,6,2,1024,64,0.125,128,896,0.6755386378496723,0.6763434927927321
smol036,smol,a10cc1512eabd3dde888204e902eca88bddb4951,moby,27,7,2,1024,64,0.125,128,896,0.7039753538471378,0.7194706632724909
smol036,smol,a10cc1512eabd3dde888204e902eca88bddb4951,moby,27,8,2,1024,64,0.125,128,896,0.6265902508652869,0.6291934881751162
smol036,smol,a10cc1512eabd3dde888204e902eca88bddb4951,moby,27,9,3,1024,64,0.125,128,896,0.6990857531806549,0.7112447338895586
smol036,smol,a10cc1512eabd3dde888204e902eca88bddb4951,moby,27,10,3,1024,64,0.125,128,896,0.6494126231058551,0.662574150538098
smol036,smol,a10cc1512eabd3dde888204e902eca88bddb4951,moby,27,11,3,1024,64,0.125,128,896,0.758864483571678,0.7600878591535426
smol036,smol,a10cc1512eabd3dde888204e902eca88bddb4951,moby,27,12,4,1024,64,0.125,128,896,0.556859101410888,0.5577422317860311
smol036,smol,a10cc1512eabd3dde888204e902eca88bddb4951,moby,27,13,4,1024,64,0.125,128,896,0.6818631839938701,0.6822136600966363
smol036,smol,a10cc1512eabd3dde888204e902eca88bddb4951,moby,27,14,4,1024,64,0.125,128,896,0.5461232677563029,0.5493865136563637
smol036,smol,a10cc1512eabd3dde888204e902eca88bddb4951,pride,27,0,0,1024,64,0.125,128,896,0.7187828998741729,0.7192362531173052
smol036,smol,a10cc1512eabd3dde888204e902eca88bddb4951,pride,27,1,0,1024,64,0.125,128,896,0.6883007860732954,0.6895923448467605
smol036,smol,a10cc1512eabd3dde888204e902eca88bddb4951,pride,27,2,0,1024,64,0.125,128,896,0.6821651150858546,0.6826808223903872
smol036,smol,a10cc1512eabd3dde888204e902eca88bddb4951,pride,27,3,1,1024,64,0.125,128,896,0.5884898243329869,0.5887594972162663
smol036,smol,a10cc1512eabd3dde888204e902eca88bddb4951,pride,27,4,1,1024,64,0.125,128,896,0.7037003035574242,0.7042099919512442
smol036,smol,a10cc1512eabd3dde888204e902eca88bddb4951,pride,27,5,1,1024,64,0.125,128,896,0.5527119522867083,0.5530391618948894
smol036,smol,a10cc1512eabd3dde888204e902eca88bddb4951,pride,27,6,2,1024,64,0.125,128,896,0.6160710528711552,0.6164556629669108
smol036,smol,a10cc1512eabd3dde888204e902eca88bddb4951,pride,27,7,2,1024,64,0.125,128,896,0.6401382640616281,0.6404017569220672
smol036,smol,a10cc1512eabd3dde888204e902eca88bddb4951,pride,27,8,2,1024,64,0.125,128,896,0.6721271929113712,0.6723114922239206
smol036,smol,a10cc1512eabd3dde888204e902eca88bddb4951,pride,27,9,3,1024,64,0.125,128,896,0.6117030831697302,0.6121758689183208
smol036,smol,a10cc1512eabd3dde888204e902eca88bddb4951,pride,27,10,3,1024,64,0.125,128,896,0.6991554704484539,0.6993220392994034
smol036,smol,a10cc1512eabd3dde888204e902eca88bddb4951,pride,27,11,3,1024,64,0.125,128,896,0.7344694636231622,0.7347538640930503
smol036,smol,a10cc1512eabd3dde888204e902eca88bddb4951,pride,27,12,4,1024,64,0.125,128,896,0.667246524720279,0.6674459252132554
smol036,smol,a10cc1512eabd3dde888204e902eca88bddb4951,pride,27,13,4,1024,64,0.125,128,896,0.744642102321708,0.7447519932278227
smol036,smol,a10cc1512eabd3dde888204e902eca88bddb4951,pride,27,14,4,1024,64,0.125,128,896,0.6478612676003953,0.6490913976613589
smol036,smol,a10cc1512eabd3dde888204e902eca88bddb4951,alice,28,0,0,1024,64,0.125,128,896,0.710252630666316,0.7131594655112504
smol036,smol,a10cc1512eabd3dde888204e902eca88bddb4951,alice,28,1,0,1024,64,0.125,128,896,0.7778197371477018,0.7781992558547001
smol036,smol,a10cc1512eabd3dde888204e902eca88bddb4951,alice,28,2,0,1024,64,0.125,128,896,0.6850162534346452,0.6914994045174186
smol036,smol,a10cc1512eabd3dde888204e902eca88bddb4951,alice,28,3,1,1024,64,0.125,128,896,0.749830118486101,0.7501806668434938
smol036,smol,a10cc1512eabd3dde888204e902eca88bddb4951,alice,28,4,1,1024,64,0.125,128,896,0.7044619171409395,0.707821114154661
smol036,smol,a10cc1512eabd3dde888204e902eca88bddb4951,alice,28,5,1,1024,64,0.125,128,896,0.7702076016021471,0.7752715967625007
smol036,smol,a10cc1512eabd3dde888204e902eca88bddb4951,alice,28,6,2,1024,64,0.125,128,896,0.5600875109799837,0.5631309096396949
smol036,smol,a10cc1512eabd3dde888204e902eca88bddb4951,alice,28,7,2,1024,64,0.125,128,896,0.7817285720626003,0.7832920652758141
smol036,smol,a10cc1512eabd3dde888204e902eca88bddb4951,alice,28,8,2,1024,64,0.125,128,896,0.46294771178199706,0.46526686847766424
smol036,smol,a10cc1512eabd3dde888204e902eca88bddb4951,alice,28,9,3,1024,64,0.125,128,896,0.25884771047060934,0.2591136244066566
smol036,smol,a10cc1512eabd3dde888204e902eca88bddb4951,alice,28,10,3,1024,64,0.125,128,896,0.37185621673000024,0.37237283746057753
smol036,smol,a10cc1512eabd3dde888204e902eca88bddb4951,alice,28,11,3,1024,64,0.125,128,896,0.45275563311191025,0.4530311130444077
smol036,smol,a10cc1512eabd3dde888204e902eca88bddb4951,alice,28,12,4,1024,64,0.125,128,896,0.7410088243249898,0.7430708516132395
smol036,smol,a10cc1512eabd3dde888204e902eca88bddb4951,alice,28,13,4,1024,64,0.125,128,896,0.7324152089300039,0.732465209542726
smol036,smol,a10cc1512eabd3dde888204e902eca88bddb4951,alice,28,14,4,1024,64,0.125,128,896,0.7436286676633642,0.7468504698564628
smol036,smol,a10cc1512eabd3dde888204e902eca88bddb4951,moby,28,0,0,1024,64,0.125,128,896,0.7577027082051586,0.7604319146524714
smol036,smol,a10cc1512eabd3dde888204e902eca88bddb4951,moby,28,1,0,1024,64,0.125,128,896,0.8328557306060294,0.8342743627652053
smol036,smol,a10cc1512eabd3dde888204e902eca88bddb4951,moby,28,2,0,1024,64,0.125,128,896,0.7257656610845326,0.726394009840132
smol036,smol,a10cc1512eabd3dde888204e902eca88bddb4951,moby,28,3,1,1024,64,0.125,128,896,0.7209176265976395,0.7217462008241738
smol036,smol,a10cc1512eabd3dde888204e902eca88bddb4951,moby,28,4,1,1024,64,0.125,128,896,0.6496958518036849,0.6511823771268345
smol036,smol,a10cc1512eabd3dde888204e902eca88bddb4951,moby,28,5,1,1024,64,0.125,128,896,0.7561792722990832,0.7702324080241854
smol036,smol,a10cc1512eabd3dde888204e902eca88bddb4951,moby,28,6,2,1024,64,0.125,128,896,0.5577407913663475,0.5603431382096753
smol036,smol,a10cc1512eabd3dde888204e902eca88bddb4951,moby,28,7,2,1024,64,0.125,128,896,0.7545120215704498,0.7562583036481808
smol036,smol,a10cc1512eabd3dde888204e902eca88bddb4951,moby,28,8,2,1024,64,0.125,128,896,0.5352233919991095,0.54095581846972
smol036,smol,a10cc1512eabd3dde888204e902eca88bddb4951,moby,28,9,3,1024,64,0.125,128,896,0.2249030768825253,0.2254773201030615
smol036,smol,a10cc1512eabd3dde888204e902eca88bddb4951,moby,28,10,3,1024,64,0.125,128,896,0.40132295590938055,0.40204431481618635
smol036,smol,a10cc1512eabd3dde888204e902eca88bddb4951,moby,28,11,3,1024,64,0.125,128,896,0.4998413277335148,0.5021600762095176
smol036,smol,a10cc1512eabd3dde888204e902eca88bddb4951,moby,28,12,4,1024,64,0.125,128,896,0.6833773979302827,0.6863753693799838
smol036,smol,a10cc1512eabd3dde888204e902eca88bddb4951,moby,28,13,4,1024,64,0.125,128,896,0.5996530393670737,0.5998671468785436
smol036,smol,a10cc1512eabd3dde888204e902eca88bddb4951,moby,28,14,4,1024,64,0.125,128,896,0.691558372991752,0.6942449437985493
smol036,smol,a10cc1512eabd3dde888204e902eca88bddb4951,pride,28,0,0,1024,64,0.125,128,896,0.6729021640176648,0.6740266428186017
smol036,smol,a10cc1512eabd3dde888204e902eca88bddb4951,pride,28,1,0,1024,64,0.125,128,896,0.8197058529534784,0.8205117866150735
smol036,smol,a10cc1512eabd3dde888204e902eca88bddb4951,pride,28,2,0,1024,64,0.125,128,896,0.6738227616339866,0.6741227720320299
smol036,smol,a10cc1512eabd3dde888204e902eca88bddb4951,pride,28,3,1,1024,64,0.125,128,896,0.6655387597775848,0.6659271894764983
smol036,smol,a10cc1512eabd3dde888204e902eca88bddb4951,pride,28,4,1,1024,64,0.125,128,896,0.6457490900655459,0.6471406733687372
smol036,smol,a10cc1512eabd3dde888204e902eca88bddb4951,pride,28,5,1,1024,64,0.125,128,896,0.704034055403597,0.7045231591883695
smol036,smol,a10cc1512eabd3dde888204e902eca88bddb4951,pride,28,6,2,1024,64,0.125,128,896,0.5816083985851744,0.5820130859911367
smol036,smol,a10cc1512eabd3dde888204e902eca88bddb4951,pride,28,7,2,1024,64,0.125,128,896,0.695977616476851,0.696330437120748
smol036,smol,a10cc1512eabd3dde888204e902eca88bddb4951,pride,28,8,2,1024,64,0.125,128,896,0.4497301795153756,0.45018050071776095
smol036,smol,a10cc1512eabd3dde888204e902eca88bddb4951,pride,28,9,3,1024,64,0.125,128,896,0.2863913023326138,0.28662096561183253
smol036,smol,a10cc1512eabd3dde888204e902eca88bddb4951,pride,28,10,3,1024,64,0.125,128,896,0.39223002179430777,0.39243644306878495
smol036,smol,a10cc1512eabd3dde888204e902eca88bddb4951,pride,28,11,3,1024,64,0.125,128,896,0.4270983380461279,0.42743789019514394
smol036,smol,a10cc1512eabd3dde888204e902eca88bddb4951,pride,28,12,4,1024,64,0.125,128,896,0.6946534246703961,0.6969835811255721
smol036,smol,a10cc1512eabd3dde888204e902eca88bddb4951,pride,28,13,4,1024,64,0.125,128,896,0.77273691716107,0.7727998788624191
smol036,smol,a10cc1512eabd3dde888204e902eca88bddb4951,pride,28,14,4,1024,64,0.125,128,896,0.637465598051618,0.6392930649912894
smol036,smol,a10cc1512eabd3dde888204e902eca88bddb4951,alice,29,0,0,1024,64,0.125,128,896,0.4046007430170741,0.4047827025819447
smol036,smol,a10cc1512eabd3dde888204e902eca88bddb4951,alice,29,1,0,1024,64,0.125,128,896,0.8530118723997653,0.8531890571015754
smol036,smol,a10cc1512eabd3dde888204e902eca88bddb4951,alice,29,2,0,1024,64,0.125,128,896,0.4588090629736059,0.45905107842437715
smol036,smol,a10cc1512eabd3dde888204e902eca88bddb4951,alice,29,3,1,1024,64,0.125,128,896,0.7874182545823035,0.7885766509948962
smol036,smol,a10cc1512eabd3dde888204e902eca88bddb4951,alice,29,4,1,1024,64,0.125,128,896,0.7071832542254954,0.7110400756678023
smol036,smol,a10cc1512eabd3dde888204e902eca88bddb4951,alice,29,5,1,1024,64,0.125,128,896,0.6433053868076505,0.6548830389313801
smol036,smol,a10cc1512eabd3dde888204e902eca88bddb4951,alice,29,6,2,1024,64,0.125,128,896,0.18602701253609136,0.18626752026974108
smol036,smol,a10cc1512eabd3dde888204e902eca88bddb4951,alice,29,7,2,1024,64,0.125,128,896,0.6733019109252308,0.6743190461661891
smol036,smol,a10cc1512eabd3dde888204e902eca88bddb4951,alice,29,8,2,1024,64,0.125,128,896,0.7400729414502062,0.7505474058509207
smol036,smol,a10cc1512eabd3dde888204e902eca88bddb4951,alice,29,9,3,1024,64,0.125,128,896,0.7444927038175727,0.7446281396433424
smol036,smol,a10cc1512eabd3dde888204e902eca88bddb4951,alice,29,10,3,1024,64,0.125,128,896,0.3558035654088561,0.3563621378697756
smol036,smol,a10cc1512eabd3dde888204e902eca88bddb4951,alice,29,11,3,1024,64,0.125,128,896,0.7493026497921127,0.7510053664477531
smol036,smol,a10cc1512eabd3dde888204e902eca88bddb4951,alice,29,12,4,1024,64,0.125,128,896,0.5412700054131748,0.5473271218490917
smol036,smol,a10cc1512eabd3dde888204e902eca88bddb4951,alice,29,13,4,1024,64,0.125,128,896,0.7490392799932024,0.7494668910149099
smol036,smol,a10cc1512eabd3dde888204e902eca88bddb4951,alice,29,14,4,1024,64,0.125,128,896,0.24527194563113452,0.24658186128724807
smol036,smol,a10cc1512eabd3dde888204e902eca88bddb4951,moby,29,0,0,1024,64,0.125,128,896,0.384967696444581,0.38524489283048974
smol036,smol,a10cc1512eabd3dde888204e902eca88bddb4951,moby,29,1,0,1024,64,0.125,128,896,0.820452023990965,0.8205794224801467
smol036,smol,a10cc1512eabd3dde888204e902eca88bddb4951,moby,29,2,0,1024,64,0.125,128,896,0.44703721646464994,0.4475918040645888
smol036,smol,a10cc1512eabd3dde888204e902eca88bddb4951,moby,29,3,1,1024,64,0.125,128,896,0.7630507554192965,0.7649794878906094
smol036,smol,a10cc1512eabd3dde888204e902eca88bddb4951,moby,29,4,1,1024,64,0.125,128,896,0.6632660132541565,0.6693580874311811
smol036,smol,a10cc1512eabd3dde888204e902eca88bddb4951,moby,29,5,1,1024,64,0.125,128,896,0.7151946234121345,0.7214859778321003
smol036,smol,a10cc1512eabd3dde888204e902eca88bddb4951,moby,29,6,2,1024,64,0.125,128,896,0.28279019717835163,0.28745714051084376
smol036,smol,a10cc1512eabd3dde888204e902eca88bddb4951,moby,29,7,2,1024,64,0.125,128,896,0.681324318428237,0.6864479282651396
smol036,smol,a10cc1512eabd3dde888204e902eca88bddb4951,moby,29,8,2,1024,64,0.125,128,896,0.710806333269619,0.714914037556456
smol036,smol,a10cc1512eabd3dde888204e902eca88bddb4951,moby,29,9,3,1024,64,0.125,128,896,0.7541761436510886,0.7543688095612202
smol036,smol,a10cc1512eabd3dde888204e902eca88bddb4951,moby,29,10,3,1024,64,0.125,128,896,0.3743458638350634,0.37506674828455866
smol036,smol,a10cc1512eabd3dde888204e902eca88bddb4951,moby,29,11,3,1024,64,0.125,128,896,0.6761197399997165,0.6812481168514966
smol036,smol,a10cc1512eabd3dde888204e902eca88bddb4951,moby,29,12,4,1024,64,0.125,128,896,0.4021650775449089,0.41644162328309076
smol036,smol,a10cc1512eabd3dde888204e902eca88bddb4951,moby,29,13,4,1024,64,0.125,128,896,0.6963178118261102,0.6970881444606157
smol036,smol,a10cc1512eabd3dde888204e902eca88bddb4951,moby,29,14,4,1024,64,0.125,128,896,0.17752607573356244,0.17818547572671117
smol036,smol,a10cc1512eabd3dde888204e902eca88bddb4951,pride,29,0,0,1024,64,0.125,128,896,0.42326375541995503,0.4234390775345936
smol036,smol,a10cc1512eabd3dde888204e902eca88bddb4951,pride,29,1,0,1024,64,0.125,128,896,0.898970840870015,0.899070253791464
smol036,smol,a10cc1512eabd3dde888204e902eca88bddb4951,pride,29,2,0,1024,64,0.125,128,896,0.43968710374722725,0.4399870997887846
smol036,smol,a10cc1512eabd3dde888204e902eca88bddb4951,pride,29,3,1,1024,64,0.125,128,896,0.711931087853416,0.7123010043007765
smol036,smol,a10cc1512eabd3dde888204e902eca88bddb4951,pride,29,4,1,1024,64,0.125,128,896,0.5507208956839905,0.5508943473062884
smol036,smol,a10cc1512eabd3dde888204e902eca88bddb4951,pride,29,5,1,1024,64,0.125,128,896,0.7003697162567155,0.7009142456193118
smol036,smol,a10cc1512eabd3dde888204e902eca88bddb4951,pride,29,6,2,1024,64,0.125,128,896,0.15251872990819004,0.15353908110945388
smol036,smol,a10cc1512eabd3dde888204e902eca88bddb4951,pride,29,7,2,1024,64,0.125,128,896,0.7051196592203832,0.7058948820293333
smol036,smol,a10cc1512eabd3dde888204e902eca88bddb4951,pride,29,8,2,1024,64,0.125,128,896,0.6608395790571369,0.6612739423933593
smol036,smol,a10cc1512eabd3dde888204e902eca88bddb4951,pride,29,9,3,1024,64,0.125,128,896,0.7315527976123468,0.7316408723947481
smol036,smol,a10cc1512eabd3dde888204e902eca88bddb4951,pride,29,10,3,1024,64,0.125,128,896,0.3475404463282787,0.34807152026752847
smol036,smol,a10cc1512eabd3dde888204e902eca88bddb4951,pride,29,11,3,1024,64,0.125,128,896,0.6504894877293521,0.6525560100292209
smol036,smol,a10cc1512eabd3dde888204e902eca88bddb4951,pride,29,12,4,1024,64,0.125,128,896,0.4609685191275289,0.4615421188432521
smol036,smol,a10cc1512eabd3dde888204e902eca88bddb4951,pride,29,13,4,1024,64,0.125,128,896,0.7835512986608416,0.7837144298076949
smol036,smol,a10cc1512eabd3dde888204e902eca88bddb4951,pride,29,14,4,1024,64,0.125,128,896,0.1969018207263858,0.19721725838663537
smol036,smol,a10cc1512eabd3dde888204e902eca88bddb4951,alice,30,0,0,1024,64,0.125,128,896,0.7379372773386653,0.7409364949099515
smol036,smol,a10cc1512eabd3dde888204e902eca88bddb4951,alice,30,1,0,1024,64,0.125,128,896,0.7009073162894552,0.7025556727513742
smol036,smol,a10cc1512eabd3dde888204e902eca88bddb4951,alice,30,2,0,1024,64,0.125,128,896,0.6588443175113544,0.6646378627039271
smol036,smol,a10cc1512eabd3dde888204e902eca88bddb4951,alice,30,3,1,1024,64,0.125,128,896,0.3685852531761809,0.3689131798517392
smol036,smol,a10cc1512eabd3dde888204e902eca88bddb4951,alice,30,4,1,1024,64,0.125,128,896,0.27912264136285564,0.2800047770778194
smol036,smol,a10cc1512eabd3dde888204e902eca88bddb4951,alice,30,5,1,1024,64,0.125,128,896,0.3479847269144062,0.3482195247268927
smol036,smol,a10cc1512eabd3dde888204e902eca88bddb4951,alice,30,6,2,1024,64,0.125,128,896,0.307328877243417,0.3079189845018604
smol036,smol,a10cc1512eabd3dde888204e902eca88bddb4951,alice,30,7,2,1024,64,0.125,128,896,0.23638869186142394,0.23751359472067057
smol036,smol,a10cc1512eabd3dde888204e902eca88bddb4951,alice,30,8,2,1024,64,0.125,128,896,0.6769103175403772,0.677139424291055
smol036,smol,a10cc1512eabd3dde888204e902eca88bddb4951,alice,30,9,3,1024,64,0.125,128,896,0.5079972927051244,0.5086569994480693
smol036,smol,a10cc1512eabd3dde888204e902eca88bddb4951,alice,30,10,3,1024,64,0.125,128,896,0.2998470455303753,0.30067204895255106
smol036,smol,a10cc1512eabd3dde888204e902eca88bddb4951,alice,30,11,3,1024,64,0.125,128,896,0.28023857908563865,0.2826345489977892
smol036,smol,a10cc1512eabd3dde888204e902eca88bddb4951,alice,30,12,4,1024,64,0.125,128,896,0.35096524104488946,0.3517619600835988
smol036,smol,a10cc1512eabd3dde888204e902eca88bddb4951,alice,30,13,4,1024,64,0.125,128,896,0.5482522337070697,0.5488675849808015
smol036,smol,a10cc1512eabd3dde888204e902eca88bddb4951,alice,30,14,4,1024,64,0.125,128,896,0.5334079225377921,0.5343593546792976
smol036,smol,a10cc1512eabd3dde888204e902eca88bddb4951,moby,30,0,0,1024,64,0.125,128,896,0.6638623833376258,0.6666476471978974
smol036,smol,a10cc1512eabd3dde888204e902eca88bddb4951,moby,30,1,0,1024,64,0.125,128,896,0.7043753658388378,0.7066184849902184
smol036,smol,a10cc1512eabd3dde888204e902eca88bddb4951,moby,30,2,0,1024,64,0.125,128,896,0.6325087224363596,0.6396327509166145
smol036,smol,a10cc1512eabd3dde888204e902eca88bddb4951,moby,30,3,1,1024,64,0.125,128,896,0.48778519681857585,0.488279386960808
smol036,smol,a10cc1512eabd3dde888204e902eca88bddb4951,moby,30,4,1,1024,64,0.125,128,896,0.2986720331540259,0.29993556784782055
smol036,smol,a10cc1512eabd3dde888204e902eca88bddb4951,moby,30,5,1,1024,64,0.125,128,896,0.3485028646184261,0.3488251970557644
smol036,smol,a10cc1512eabd3dde888204e902eca88bddb4951,moby,30,6,2,1024,64,0.125,128,896,0.32066171424929574,0.32127387881138497
smol036,smol,a10cc1512eabd3dde888204e902eca88bddb4951,moby,30,7,2,1024,64,0.125,128,896,0.30290574332448844,0.30601061026068255
smol036,smol,a10cc1512eabd3dde888204e902eca88bddb4951,moby,30,8,2,1024,64,0.125,128,896,0.5390164411135764,0.5394363480633257
smol036,smol,a10cc1512eabd3dde888204e902eca88bddb4951,moby,30,9,3,1024,64,0.125,128,896,0.5235583936862247,0.5241989871439553
smol036,smol,a10cc1512eabd3dde888204e902eca88bddb4951,moby,30,10,3,1024,64,0.125,128,896,0.3049440820171977,0.30582354310776205
smol036,smol,a10cc1512eabd3dde888204e902eca88bddb4951,moby,30,11,3,1024,64,0.125,128,896,0.258360257990462,0.2631265956960092
smol036,smol,a10cc1512eabd3dde888204e902eca88bddb4951,moby,30,12,4,1024,64,0.125,128,896,0.31613469795220095,0.3186768201293121
smol036,smol,a10cc1512eabd3dde888204e902eca88bddb4951,moby,30,13,4,1024,64,0.125,128,896,0.6160349730113845,0.6180795954853399
smol036,smol,a10cc1512eabd3dde888204e902eca88bddb4951,moby,30,14,4,1024,64,0.125,128,896,0.6723467909587216,0.6739973684390731
smol036,smol,a10cc1512eabd3dde888204e902eca88bddb4951,pride,30,0,0,1024,64,0.125,128,896,0.5891322258277975,0.5899732581835906
smol036,smol,a10cc1512eabd3dde888204e902eca88bddb4951,pride,30,1,0,1024,64,0.125,128,896,0.6939534555600316,0.6950945357597755
smol036,smol,a10cc1512eabd3dde888204e902eca88bddb4951,pride,30,2,0,1024,64,0.125,128,896,0.6400054781784814,0.6412358225702406
smol036,smol,a10cc1512eabd3dde888204e902eca88bddb4951,pride,30,3,1,1024,64,0.125,128,896,0.37974747435028133,0.38026486610270327
smol036,smol,a10cc1512eabd3dde888204e902eca88bddb4951,pride,30,4,1,1024,64,0.125,128,896,0.33458880315440087,0.3350731131876094
smol036,smol,a10cc1512eabd3dde888204e902eca88bddb4951,pride,30,5,1,1024,64,0.125,128,896,0.3599249244410706,0.36006131804314967
smol036,smol,a10cc1512eabd3dde888204e902eca88bddb4951,pride,30,6,2,1024,64,0.125,128,896,0.28236943281444243,0.2827758538103937
smol036,smol,a10cc1512eabd3dde888204e902eca88bddb4951,pride,30,7,2,1024,64,0.125,128,896,0.1975788860215821,0.1984006831830732
smol036,smol,a10cc1512eabd3dde888204e902eca88bddb4951,pride,30,8,2,1024,64,0.125,128,896,0.5736350865500599,0.5740190222051745
smol036,smol,a10cc1512eabd3dde888204e902eca88bddb4951,pride,30,9,3,1024,64,0.125,128,896,0.5636028049663638,0.5640004750027156
smol036,smol,a10cc1512eabd3dde888204e902eca88bddb4951,pride,30,10,3,1024,64,0.125,128,896,0.2697844104055913,0.2702096568609578
smol036,smol,a10cc1512eabd3dde888204e902eca88bddb4951,pride,30,11,3,1024,64,0.125,128,896,0.1973861131781312,0.19822810891960457
smol036,smol,a10cc1512eabd3dde888204e902eca88bddb4951,pride,30,12,4,1024,64,0.125,128,896,0.3155711105087518,0.31592260104843867
smol036,smol,a10cc1512eabd3dde888204e902eca88bddb4951,pride,30,13,4,1024,64,0.125,128,896,0.43217517164221536,0.43268331193570414
smol036,smol,a10cc1512eabd3dde888204e902eca88bddb4951,pride,30,14,4,1024,64,0.125,128,896,0.40608390621502355,0.40690971789737557
smol036,smol,a10cc1512eabd3dde888204e902eca88bddb4951,alice,31,0,0,1024,64,0.125,128,896,0.3522259529129102,0.35495750554560374
smol036,smol,a10cc1512eabd3dde888204e902eca88bddb4951,alice,31,1,0,1024,64,0.125,128,896,0.7127123286590694,0.7128422778505147
smol036,smol,a10cc1512eabd3dde888204e902eca88bddb4951,alice,31,2,0,1024,64,0.125,128,896,0.22461999050138046,0.22502283389759217
smol036,smol,a10cc1512eabd3dde888204e902eca88bddb4951,alice,31,3,1,1024,64,0.125,128,896,0.3794345115117118,0.3797095701222756
smol036,smol,a10cc1512eabd3dde888204e902eca88bddb4951,alice,31,4,1,1024,64,0.125,128,896,0.4639718880165614,0.4676427345410484
smol036,smol,a10cc1512eabd3dde888204e902eca88bddb4951,alice,31,5,1,1024,64,0.125,128,896,0.23962171722205,0.23983658313125014
smol036,smol,a10cc1512eabd3dde888204e902eca88bddb4951,alice,31,6,2,1024,64,0.125,128,896,0.27595919757818393,0.2762054505387516
smol036,smol,a10cc1512eabd3dde888204e902eca88bddb4951,alice,31,7,2,1024,64,0.125,128,896,0.37588883808902296,0.3759549508461513
smol036,smol,a10cc1512eabd3dde888204e902eca88bddb4951,alice,31,8,2,1024,64,0.125,128,896,0.4909139453604353,0.4911999421976572
smol036,smol,a10cc1512eabd3dde888204e902eca88bddb4951,alice,31,9,3,1024,64,0.125,128,896,0.47630920340464067,0.4779696717117273
smol036,smol,a10cc1512eabd3dde888204e902eca88bddb4951,alice,31,10,3,1024,64,0.125,128,896,0.17431550745487628,0.1747374532793133
smol036,smol,a10cc1512eabd3dde888204e902eca88bddb4951,alice,31,11,3,1024,64,0.125,128,896,0.42706680117756196,0.4301957510044277
smol036,smol,a10cc1512eabd3dde888204e902eca88bddb4951,alice,31,12,4,1024,64,0.125,128,896,0.1917518044066944,0.19250390377195833
smol036,smol,a10cc1512eabd3dde888204e902eca88bddb4951,alice,31,13,4,1024,64,0.125,128,896,0.7052242922162775,0.7064065065670123
smol036,smol,a10cc1512eabd3dde888204e902eca88bddb4951,alice,31,14,4,1024,64,0.125,128,896,0.2115082667620035,0.21199883841619788
smol036,smol,a10cc1512eabd3dde888204e902eca88bddb4951,moby,31,0,0,1024,64,0.125,128,896,0.3627519950812875,0.3673376298393681
smol036,smol,a10cc1512eabd3dde888204e902eca88bddb4951,moby,31,1,0,1024,64,0.125,128,896,0.6867553134414116,0.6870659133368678
smol036,smol,a10cc1512eabd3dde888204e902eca88bddb4951,moby,31,2,0,1024,64,0.125,128,896,0.24454858907452293,0.24526659305212375
smol036,smol,a10cc1512eabd3dde888204e902eca88bddb4951,moby,31,3,1,1024,64,0.125,128,896,0.31287387359409,0.31411136829222785
smol036,smol,a10cc1512eabd3dde888204e902eca88bddb4951,moby,31,4,1,1024,64,0.125,128,896,0.5263229614962086,0.5287404894081734
smol036,smol,a10cc1512eabd3dde888204e902eca88bddb4951,moby,31,5,1,1024,64,0.125,128,896,0.23587409162897635,0.23630801971193555
smol036,smol,a10cc1512eabd3dde888204e902eca88bddb4951,moby,31,6,2,1024,64,0.125,128,896,0.30360337143922783,0.3038716270313377
smol036,smol,a10cc1512eabd3dde888204e902eca88bddb4951,moby,31,7,2,1024,64,0.125,128,896,0.34566751242181065,0.34581505480517105
smol036,smol,a10cc1512eabd3dde888204e902eca88bddb4951,moby,31,8,2,1024,64,0.125,128,896,0.4785650607801037,0.4789679565606598
smol036,smol,a10cc1512eabd3dde888204e902eca88bddb4951,moby,31,9,3,1024,64,0.125,128,896,0.5222270429667851,0.5237292618769106
smol036,smol,a10cc1512eabd3dde888204e902eca88bddb4951,moby,31,10,3,1024,64,0.125,128,896,0.18730980472488765,0.188938433735185
smol036,smol,a10cc1512eabd3dde888204e902eca88bddb4951,moby,31,11,3,1024,64,0.125,128,896,0.522221632534023,0.5240046178927626
smol036,smol,a10cc1512eabd3dde888204e902eca88bddb4951,moby,31,12,4,1024,64,0.125,128,896,0.19147582327862908,0.19543747421406393
smol036,smol,a10cc1512eabd3dde888204e902eca88bddb4951,moby,31,13,4,1024,64,0.125,128,896,0.6660668544729814,0.6674644681706845
smol036,smol,a10cc1512eabd3dde888204e902eca88bddb4951,moby,31,14,4,1024,64,0.125,128,896,0.20978788259145406,0.2115115105834278
smol036,smol,a10cc1512eabd3dde888204e902eca88bddb4951,pride,31,0,0,1024,64,0.125,128,896,0.270617082057219,0.271344117876458
smol036,smol,a10cc1512eabd3dde888204e902eca88bddb4951,pride,31,1,0,1024,64,0.125,128,896,0.7889779063525078,0.7890852268818077
smol036,smol,a10cc1512eabd3dde888204e902eca88bddb4951,pride,31,2,0,1024,64,0.125,128,896,0.16676349878369381,0.16701723077480105
smol036,smol,a10cc1512eabd3dde888204e902eca88bddb4951,pride,31,3,1,1024,64,0.125,128,896,0.34429939321893605,0.3444399111316253
smol036,smol,a10cc1512eabd3dde888204e902eca88bddb4951,pride,31,4,1,1024,64,0.125,128,896,0.5075004793698503,0.5090562880121076
smol036,smol,a10cc1512eabd3dde888204e902eca88bddb4951,pride,31,5,1,1024,64,0.125,128,896,0.3515339359038614,0.35171464345641973
smol036,smol,a10cc1512eabd3dde888204e902eca88bddb4951,pride,31,6,2,1024,64,0.125,128,896,0.26982960702772757,0.2700549252360551
smol036,smol,a10cc1512eabd3dde888204e902eca88bddb4951,pride,31,7,2,1024,64,0.125,128,896,0.3928185720606106,0.39290176137156857
smol036,smol,a10cc1512eabd3dde888204e902eca88bddb4951,pride,31,8,2,1024,64,0.125,128,896,0.46815737683572456,0.46856701084185653
smol036,smol,a10cc1512eabd3dde888204e902eca88bddb4951,pride,31,9,3,1024,64,0.125,128,896,0.4054663480662719,0.4061025451517047
smol036,smol,a10cc1512eabd3dde888204e902eca88bddb4951,pride,31,10,3,1024,64,0.125,128,896,0.1691255809903728,0.16944930562898733
smol036,smol,a10cc1512eabd3dde888204e902eca88bddb4951,pride,31,11,3,1024,64,0.125,128,896,0.36926745682411916,0.37103258945537254
smol036,smol,a10cc1512eabd3dde888204e902eca88bddb4951,pride,31,12,4,1024,64,0.125,128,896,0.1784697021732809,0.17897616437908762
smol036,smol,a10cc1512eabd3dde888204e902eca88bddb4951,pride,31,13,4,1024,64,0.125,128,896,0.6473087124939483,0.6487323336478682
smol036,smol,a10cc1512eabd3dde888204e902eca88bddb4951,pride,31,14,4,1024,64,0.125,128,896,0.14381233843352217,0.14425057547390513
